Molecule_ID,MW_normalized,logP_normalized,TPSA_normalized,HBD_normalized,HBA_normalized,nRotB_normalized,nArom_normalized,pActivity,Split
Protease_0086,0.46069632824003326,-1.6157907020822255,1.3037697165556401,1.4393194680678412,0.9991671219254472,-0.06634595935939212,-0.4885292248583149,8.113437432453077,Train
GPCR_0070,-0.41584081515009685,1.4428495390236529,-1.3869856586574083,-0.811212437284188,-1.6369702457217434,-0.7194993845091349,-0.4885292248583149,8.455445634283034,Train
Kinase_0211,0.24698799407785127,0.8424675358672751,-0.2900901246126204,-0.811212437284188,0.12045466604305038,-1.3726528096588775,1.4277904424775893,7.771862576603975,Train
GPCR_0162,-1.0256965953718409,-0.10942545471896845,-1.5707943749907476,-1.9364783899602027,0.12045466604305038,-0.06634595935939212,-0.4885292248583149,8.288678620061207,Train
Protease_0248,2.0959888688127815,-1.0847370533068048,3.0180412862478256,0.3140535153918265,1.877879577807844,1.2399608909400932,-0.4885292248583149,8.279278911502649,Train
GPCR_0085,-0.35614777903567474,0.8827351753683665,-0.9942647207507601,-0.811212437284188,-0.7582577898393464,-0.06634595935939212,-0.4885292248583149,8.617980868968303,Train
Protease_0175,-0.5094063195262029,-0.6466622343198919,0.8429714763033114,1.4393194680678412,-0.7582577898393464,-0.06634595935939212,-1.446689058526267,7.880903719795463,Train
Kinase_0200,-0.29757474410595375,0.7349583486388352,-0.2900901246126204,-0.811212437284188,0.12045466604305038,-1.3726528096588775,1.4277904424775893,7.502078455325407,Train
Kinase_0216,0.5217212576551823,1.7940513699122445,-1.3971972540092605,-1.9364783899602027,-0.7582577898393464,-0.06634595935939212,1.4277904424775893,8.195082383073991,Train
GPCR_0139,0.3094356277005955,-1.6883652001465705,0.7153265344051591,0.3140535153918265,0.9991671219254472,-0.7194993845091349,-0.4885292248583149,8.84606689968287,Train
GPCR_0145,0.7041300992502713,-0.4708294514696396,1.1727209095402045,0.3140535153918265,0.12045466604305038,-0.7194993845091349,-0.4885292248583149,9.0,Train
Kinase_0430,0.5516283163169731,1.1088831853111523,-1.259340716759256,-1.9364783899602027,0.12045466604305038,-0.7194993845091349,1.4277904424775893,7.666295077036534,Train
GPCR_0098,-1.2351368169112356,0.25166938549042844,-0.2798785292607681,0.3140535153918265,-0.7582577898393464,-1.3726528096588775,-0.4885292248583149,9.0,Train
GPCR_0148,-0.7209351919235597,-0.6635885549547076,-0.9398028788742151,0.3140535153918265,0.9991671219254472,-0.06634595935939212,-0.4885292248583149,8.757840335609975,Train
Protease_0074,-1.3572774866484054,-1.2713130259663694,-0.017780915229895392,0.3140535153918265,-0.7582577898393464,0.5868074657903506,-1.446689058526267,7.420809966587047,Train
Kinase_0406,-0.7520833329792092,1.057872356000749,-1.3971972540092605,-1.9364783899602027,-0.7582577898393464,-1.3726528096588775,1.4277904424775893,8.025451489852125,Train
Protease_0288,-0.0535658373522231,-1.051193568578449,0.4940753017816951,1.4393194680678412,0.12045466604305038,2.5462677412395784,-1.446689058526267,7.528524986487055,Train
Kinase_0356,0.5502964230162453,0.36141995764311236,0.43620959478786614,-0.811212437284188,0.12045466604305038,-0.7194993845091349,1.4277904424775893,7.043129595304329,Train
GPCR_0217,0.7041300992502695,-0.6305860941735832,-0.5909067043525988,0.3140535153918265,1.877879577807844,1.2399608909400932,-0.4885292248583149,9.0,Train
Protease_0157,-0.8708942694645573,-0.5177439566081469,-0.7440806346303815,1.4393194680678412,0.12045466604305038,-0.06634595935939212,-1.446689058526267,8.180369870000858,Train
Protease_0087,0.46069632824003326,-1.6157907020822255,1.3037697165556401,1.4393194680678412,0.9991671219254472,-0.06634595935939212,-0.4885292248583149,8.426215584813393,Train
Kinase_0140,-0.5105263207109058,-0.47067487319900236,0.9480658117994566,0.3140535153918265,0.9991671219254472,-0.06634595935939212,0.46963060880963725,6.487799352534907,Train
Kinase_0257,-0.5105263207109058,-0.47067487319900236,0.9480658117994566,0.3140535153918265,0.9991671219254472,-0.06634595935939212,0.46963060880963725,6.8624656723779935,Train
Protease_0346,0.581323482862737,-0.8199444757046238,0.00094034291516714,-0.811212437284188,0.9991671219254472,1.2399608909400932,-0.4885292248583149,7.567022445888248,Train
Protease_0262,-0.5094063195262029,-0.6466622343198919,0.8429714763033114,1.4393194680678412,-0.7582577898393464,-0.06634595935939212,-1.446689058526267,8.021719247936145,Train
Protease_0141,-0.567767462339898,-0.08214238995143494,-0.7440806346303815,0.3140535153918265,-0.7582577898393464,0.5868074657903506,-1.446689058526267,7.708969146840095,Train
Kinase_0250,1.4307384354016948,1.370197751823988,0.2217660923989701,0.3140535153918265,0.9991671219254472,0.5868074657903506,1.4277904424775893,7.843384256644144,Train
Kinase_0214,-0.7520833329792092,1.057872356000749,-1.3971972540092605,-1.9364783899602027,-0.7582577898393464,-1.3726528096588775,1.4277904424775893,8.02973268769587,Train
Kinase_0313,-0.5105263207109058,-0.47067487319900236,0.9480658117994566,0.3140535153918265,0.9991671219254472,-0.06634595935939212,0.46963060880963725,6.796241452348204,Train
GPCR_0032,-1.0858436860206013,-1.407032747586168,1.223778886299465,2.5645854207438554,0.12045466604305038,0.5868074657903506,-0.4885292248583149,9.0,Train
Protease_0282,-0.841683427755422,-0.8998614416242546,0.0656137801435638,0.3140535153918265,0.12045466604305038,-0.7194993845091349,-0.4885292248583149,8.09531832336192,Train
Kinase_0137,1.0048050118895007,0.03850595028119939,1.5433167241845063,0.3140535153918265,0.9991671219254472,-0.7194993845091349,1.4277904424775893,6.817521006149565,Train
Kinase_0060,0.5217212576551832,1.9261385021720598,-1.3971972540092605,-1.9364783899602027,-0.7582577898393464,-0.7194993845091349,1.4277904424775893,8.337383769068357,Train
Kinase_0360,0.36858379837381267,-0.43844530377106605,1.459922028811047,1.4393194680678412,1.877879577807844,0.5868074657903506,0.46963060880963725,6.540495358467152,Train
Kinase_0281,-0.5703404380344854,1.0839960837385003,-0.7440806346303815,0.3140535153918265,-1.6369702457217434,-0.7194993845091349,0.46963060880963725,7.474673601787687,Train
GPCR_0150,-0.8404423453615616,1.0092574898852296,-1.3869856586574083,-0.811212437284188,-1.6369702457217434,-0.7194993845091349,-0.4885292248583149,8.498489143184704,Train
Protease_0294,-0.9034651147278046,-1.118898851117711,0.4583347180502123,-0.811212437284188,0.12045466604305038,-0.06634595935939212,-0.4885292248583149,7.63932836938008,Train
Kinase_0310,1.5942888786705693,1.3388183628845582,-0.2900901246126204,-0.811212437284188,0.12045466604305038,-0.06634595935939212,1.4277904424775893,7.691652102134916,Train
Kinase_0175,1.642388389008205,-0.2211082552546227,1.459922028811047,1.4393194680678412,1.877879577807844,1.8931143160898358,0.46963060880963725,6.620341619899503,Train
Kinase_0433,-0.5105263207109058,-0.47067487319900236,0.9480658117994566,0.3140535153918265,0.9991671219254472,-0.06634595935939212,0.46963060880963725,6.632017974833317,Train
GPCR_0187,-0.41584081515009685,1.4428495390236529,-1.3869856586574083,-0.811212437284188,-1.6369702457217434,-0.7194993845091349,-0.4885292248583149,8.709084569250566,Train
Protease_0225,-0.023779859899589136,-1.2294996037589028,0.5093926948094734,1.4393194680678412,0.9991671219254472,1.8931143160898358,-1.446689058526267,7.906711803103457,Train
Kinase_0429,-0.5703404380344854,1.0839960837385003,-0.7440806346303815,0.3140535153918265,-1.6369702457217434,-0.7194993845091349,0.46963060880963725,7.616409673027438,Train
GPCR_0144,-0.5099814552696998,-1.4214858158907824,0.5961912553002165,-0.811212437284188,0.12045466604305038,-1.3726528096588775,-0.4885292248583149,8.52599096502926,Train
Kinase_0291,1.0359228826428615,1.0431101311548598,0.10263081329402814,-0.811212437284188,0.9991671219254472,-0.06634595935939212,1.4277904424775893,7.632984662446408,Train
Kinase_0071,-0.0859247904994419,-0.2322997220487838,0.9480658117994566,0.3140535153918265,0.9991671219254472,-0.06634595935939212,0.46963060880963725,6.806531340826262,Train
Protease_0327,-0.5094063195262029,-0.6466622343198919,0.8429714763033114,1.4393194680678412,-0.7582577898393464,-0.06634595935939212,-1.446689058526267,8.004848515207991,Train
Kinase_0097,-0.5105263207109058,-0.47067487319900236,0.9480658117994566,0.3140535153918265,0.9991671219254472,-0.06634595935939212,0.46963060880963725,6.716847041559687,Train
Kinase_0011,-0.02623175438501894,-0.6982140875775262,1.8088182033326634,1.4393194680678412,1.877879577807844,-0.06634595935939212,0.46963060880963725,6.45511834607813,Train
Kinase_0297,0.4601514627988274,-0.24754113953364973,0.9480658117994566,1.4393194680678412,1.877879577807844,-0.06634595935939212,0.46963060880963725,7.074279981314987,Train
Protease_0187,-1.3578526223919014,-1.6504162347050444,1.172720909540204,0.3140535153918265,0.12045466604305038,-0.7194993845091349,-0.4885292248583149,7.802312688260375,Train
GPCR_0131,-0.3574796723364017,0.34132478246022696,0.2000664522762846,0.3140535153918265,-0.7582577898393464,-0.7194993845091349,-0.4885292248583149,8.943940537808793,Train
Kinase_0287,0.9762298465284377,1.6931117591859017,-0.8853410369976701,-0.811212437284188,0.12045466604305038,0.5868074657903506,1.4277904424775893,8.018369235744663,Train
Kinase_0102,-0.7520833329792092,1.057872356000749,-1.3971972540092605,-1.9364783899602027,-0.7582577898393464,-1.3726528096588775,1.4277904424775893,7.868927201585197,Train
GPCR_0048,1.153068952502302,1.132456371583383,-0.8751294416458181,0.3140535153918265,-0.7582577898393464,-0.7194993845091349,-0.4885292248583149,8.721206240771977,Train
Protease_0066,0.1268148939894825,-0.4000326035176265,-0.13691619433483734,-0.811212437284188,0.12045466604305038,1.8931143160898358,-0.4885292248583149,7.449971333300199,Train
GPCR_0019,-0.38593375648830697,0.9083178791588868,-0.8751294416458181,0.3140535153918265,-0.7582577898393464,-0.06634595935939212,-0.4885292248583149,9.0,Train
Protease_0039,0.12548300068875554,-0.8342429657386004,1.0574149786922067,0.3140535153918265,0.12045466604305038,1.2399608909400932,-0.4885292248583149,7.952816421742466,Train
Kinase_0031,-0.5703404380344854,1.0839960837385003,-0.7440806346303815,0.3140535153918265,-1.6369702457217434,-0.7194993845091349,0.46963060880963725,7.367390008165591,Train
Kinase_0366,1.636122436434328,1.6472020128065386,-1.3971972540092605,-1.9364783899602027,-0.7582577898393464,-1.3726528096588775,1.4277904424775893,7.980923929217125,Train
Protease_0218,-0.539192296978836,-1.1098560222854124,1.0893262141667448,1.4393194680678412,-0.7582577898393464,-0.06634595935939212,-1.446689058526267,7.834115553375246,Train
Kinase_0077,1.4307384354016948,1.0874740948278467,-0.1522335873626159,-0.811212437284188,0.9991671219254472,-0.06634595935939212,1.4277904424775893,7.743144060235726,Train
Kinase_0395,-0.7520833329792092,1.057872356000749,-1.3971972540092605,-1.9364783899602027,-0.7582577898393464,-1.3726528096588775,1.4277904424775893,8.108940018108193,Train
Kinase_0055,0.3386767397120219,-0.036000776166115675,0.9480658117994566,0.3140535153918265,0.9991671219254472,0.5868074657903506,0.46963060880963725,6.917810928374393,Train
Kinase_0024,-0.5105263207109058,-0.47067487319900236,0.9480658117994566,0.3140535153918265,0.9991671219254472,-0.06634595935939212,0.46963060880963725,6.458716772067982,Train
Protease_0229,-0.8729829203225186,-1.3241787945244232,0.37494002267675314,0.3140535153918265,0.12045466604305038,1.2399608909400932,-1.446689058526267,7.531624310421129,Train
Kinase_0445,0.5815353749787646,0.7671879180667713,0.2217660923989701,0.3140535153918265,0.9991671219254472,-0.7194993845091349,1.4277904424775893,7.470004574924272,Train
Kinase_0255,1.641692172055553,0.01245951167876607,1.162509314188352,-0.811212437284188,0.9991671219254472,-0.7194993845091349,1.4277904424775893,6.680628505106897,Train
Kinase_0431,0.12702678610551008,0.9733334997890544,-0.2900901246126204,-0.811212437284188,0.12045466604305038,-1.3726528096588775,1.4277904424775893,7.575928223100134,Train
Protease_0339,0.5758445581483813,-0.5403896732565526,0.0656137801435638,-0.811212437284188,-0.7582577898393464,-0.7194993845091349,-0.4885292248583149,7.307098931687169,Train
GPCR_0099,-1.087296660530486,-0.3347232841732472,0.016257735942945082,-0.811212437284188,0.9991671219254472,-1.3726528096588775,-0.4885292248583149,9.0,Train
GPCR_0208,-0.41584081515009774,1.3107624067638375,-1.3869856586574083,-0.811212437284188,-1.6369702457217434,-0.06634595935939212,-0.4885292248583149,8.490005976684001,Train
Kinase_0159,1.0061369051902294,0.7859691779492386,-0.1522335873626159,-0.811212437284188,0.9991671219254472,-0.7194993845091349,1.4277904424775893,7.492910475419603,Train
Protease_0208,1.0947683502931838,-1.5506359610084837,1.220375021182181,1.4393194680678412,0.9991671219254472,1.8931143160898358,-0.4885292248583149,8.138594544608658,Train
GPCR_0200,-0.7521741438860774,-0.8762109662167046,-0.2573279228587609,0.3140535153918265,0.12045466604305038,-0.7194993845091349,-0.4885292248583149,8.70022184645362,Train
Protease_0144,-0.7392184545062738,-0.866317956895899,-0.017780915229895392,0.3140535153918265,-0.7582577898393464,0.5868074657903506,-1.446689058526267,7.490210375734357,Train
GPCR_0086,-0.6469848434308938,1.0795906030253297,-1.3869856586574083,-0.811212437284188,-1.6369702457217434,-1.3726528096588775,-0.4885292248583149,8.507850377106909,Train
Protease_0014,-0.7223881664334452,-0.7343854029067208,-0.13691619433483734,-0.811212437284188,0.12045466604305038,-0.06634595935939212,-0.4885292248583149,7.517933091474465,Train
Protease_0023,-1.3578526223919014,-1.6504162347050444,1.172720909540204,0.3140535153918265,0.12045466604305038,-0.7194993845091349,-0.4885292248583149,7.9536789042471545,Train
GPCR_0080,0.45436983506157674,-0.09257642321947157,-0.7287632416026036,0.3140535153918265,0.12045466604305038,1.2399608909400932,-0.4885292248583149,8.699448467643363,Train
GPCR_0069,0.008760715061366109,1.6122673236424456,-1.3869856586574083,-0.811212437284188,-1.6369702457217434,0.5868074657903506,-0.4885292248583149,8.492966530336643,Train
Kinase_0409,-0.29757474410595375,0.7349583486388352,-0.2900901246126204,-0.811212437284188,0.12045466604305038,-1.3726528096588775,1.4277904424775893,7.691568344756785,Train
Kinase_0040,0.703464152599906,1.8201750976499957,-0.7440806346303815,0.3140535153918265,-1.6369702457217434,0.5868074657903506,0.46963060880963725,7.636388185380369,Train
Kinase_0308,2.090631025307582,1.3242880054446255,-0.2900901246126204,-0.811212437284188,0.12045466604305038,-1.3726528096588775,1.4277904424775893,7.693871291674627,Train
Protease_0004,-0.539192296978836,-1.1098560222854124,1.0893262141667448,1.4393194680678412,-0.7582577898393464,-0.06634595935939212,-1.446689058526267,7.8057167319935985,Train
Protease_0253,-1.0867215247869908,-0.48466420669170374,-0.5296371322414859,-0.811212437284188,-0.7582577898393464,-0.06634595935939212,-0.4885292248583149,7.441000556179193,Train
GPCR_0030,0.13023543814817157,1.4340385775973106,-1.3869856586574083,-0.811212437284188,-0.7582577898393464,-0.06634595935939212,-0.4885292248583149,8.704908199392673,Train
Kinase_0067,1.636122436434328,1.6472020128065386,-1.3971972540092605,-1.9364783899602027,-0.7582577898393464,-1.3726528096588775,1.4277904424775893,8.03030548176295,Train
GPCR_0081,0.09848189104673571,-0.9279173977449761,-0.8206675997692732,1.4393194680678412,0.9991671219254472,1.2399608909400932,-0.4885292248583149,8.81341202663871,Train
Kinase_0068,0.18671982221993305,0.5074191342603115,0.5706622669205863,0.3140535153918265,0.9991671219254472,-1.3726528096588775,1.4277904424775893,7.676255934683804,Train
Protease_0049,-0.32757261367461354,-0.7999265896570564,-0.3917805949914814,-0.811212437284188,-0.7582577898393464,-0.06634595935939212,-0.4885292248583149,7.632722797844024,Train
Kinase_0236,0.5516283163169731,1.1088831853111523,-1.259340716759256,-1.9364783899602027,0.12045466604305038,-0.7194993845091349,1.4277904424775893,8.025193853347703,Train
GPCR_0087,-0.9646716659566908,-0.3885165223551262,-0.7287632416026036,0.3140535153918265,0.12045466604305038,1.8931143160898358,-0.4885292248583149,8.852008699350288,Train
Kinase_0108,-0.0859247904994419,-0.2322997220487838,0.9480658117994566,0.3140535153918265,0.9991671219254472,-0.06634595935939212,0.46963060880963725,6.778508671924775,Train
Protease_0260,-0.32757261367461354,-1.0315621282074763,-0.017780915229895392,0.3140535153918265,0.12045466604305038,1.2399608909400932,-0.4885292248583149,7.73999899460717,Train
GPCR_0082,1.6062456480748268,-0.6122685691030296,-0.6062240973803771,0.3140535153918265,0.12045466604305038,-0.7194993845091349,-0.4885292248583149,8.521807595683498,Train
GPCR_0184,-0.5099814552696998,-1.4214858158907824,0.5961912553002165,-0.811212437284188,0.12045466604305038,-1.3726528096588775,-0.4885292248583149,8.510518788794077,Train
GPCR_0093,-0.2367617068068314,0.11038484612767632,-0.002463522202117149,0.3140535153918265,0.12045466604305038,1.2399608909400932,-0.4885292248583149,9.0,Train
GPCR_0105,-0.41584081515009685,1.4428495390236529,-1.3869856586574083,-0.811212437284188,-1.6369702457217434,-0.7194993845091349,-0.4885292248583149,8.609203672465672,Train
Protease_0132,1.855128073497132,-0.29546040343130087,0.0009403429151668378,-0.811212437284188,0.9991671219254472,3.1994211663893215,-0.4885292248583149,7.405904717683425,Train
Kinase_0245,0.5217212576551832,1.9261385021720598,-1.3971972540092605,-1.9364783899602027,-0.7582577898393464,-0.7194993845091349,1.4277904424775893,8.011007538941636,Train
GPCR_0211,-0.3872656497890348,-0.12186900550529363,0.4464211901397181,0.3140535153918265,-0.7582577898393464,-0.7194993845091349,-0.4885292248583149,8.967853247735636,Train
Protease_0217,0.7943053297699776,-1.5528773459327267,1.8156259335672313,1.4393194680678412,0.12045466604305038,3.1994211663893215,-1.446689058526267,7.425236846937336,Train
GPCR_0140,-0.7189676222747561,0.7977171265176948,-1.3869856586574083,0.3140535153918265,-0.7582577898393464,-1.3726528096588775,-0.4885292248583149,8.653724064089156,Train
Kinase_0089,-0.5703404380344854,1.0839960837385003,-0.7440806346303815,0.3140535153918265,-1.6369702457217434,-0.7194993845091349,0.46963060880963725,7.378181969434944,Train
Kinase_0064,2.096654815463147,1.4049778627174452,0.04136124118291516,0.3140535153918265,0.12045466604305038,2.5462677412395784,0.46963060880963725,7.0758380063879,Train
Protease_0220,-0.47816736756368694,-1.3897199812747576,0.1200756220201091,0.3140535153918265,0.12045466604305038,1.2399608909400932,-1.446689058526267,7.273961871586442,Train
Kinase_0343,0.7632782699234858,0.26550414071249223,0.9480658117994566,0.3140535153918265,0.9991671219254472,1.2399608909400932,0.46963060880963725,6.858386985666309,Train
Kinase_0276,-0.5703404380344854,1.0839960837385003,-0.7440806346303815,0.3140535153918265,-1.6369702457217434,-0.7194993845091349,0.46963060880963725,7.526961521139491,Train
Protease_0040,-0.7521741438860774,-1.064410010717963,-0.017780915229895392,0.3140535153918265,-0.7582577898393464,-0.06634595935939212,-0.4885292248583149,7.347287301484552,Train
Protease_0191,-0.44971328341178163,-1.2340596627427114,1.569271195703798,1.4393194680678412,0.12045466604305038,0.5868074657903506,-1.446689058526267,8.042411168827979,Train
GPCR_0168,0.09560621232925595,-1.3022286800938858,0.8429714763033114,1.4393194680678412,0.12045466604305038,1.2399608909400932,-0.4885292248583149,8.923039210137134,Train
Kinase_0210,-0.29757474410595375,0.7349583486388352,-0.2900901246126204,-0.811212437284188,0.12045466604305038,-1.3726528096588775,1.4277904424775893,8.25143372359821,Train
Kinase_0110,-0.5105263207109058,-0.47067487319900236,0.9480658117994566,0.3140535153918265,0.9991671219254472,-0.06634595935939212,0.46963060880963725,6.661262112635075,Train
Kinase_0278,-0.29757474410595375,0.7349583486388352,-0.2900901246126204,-0.811212437284188,0.12045466604305038,-1.3726528096588775,1.4277904424775893,7.583491468426181,Train
Kinase_0185,0.09711972744371848,1.4925464530336363,-1.3971972540092605,-1.9364783899602027,-0.7582577898393464,-0.7194993845091349,1.4277904424775893,7.989236582201124,Train
Protease_0239,0.7657301644089147,0.12483791443229005,-0.017780915229895392,0.3140535153918265,-0.7582577898393464,3.1994211663893215,-1.446689058526267,7.47689655855066,Train
GPCR_0033,-0.4545262614757739,-0.07255853717190441,-1.1214841795092518,0.3140535153918265,-0.7582577898393464,-0.06634595935939212,-0.4885292248583149,8.199316799956932,Train
Kinase_0307,-0.5105263207109058,-0.47067487319900236,0.9480658117994566,0.3140535153918265,0.9991671219254472,-0.06634595935939212,0.46963060880963725,6.864078734368264,Train
Protease_0022,-0.266638495166331,-0.5734694231729957,-0.017780915229895392,0.3140535153918265,0.12045466604305038,1.2399608909400932,-1.446689058526267,7.666235043001952,Train
Protease_0307,-0.5099814552697007,-1.9834551187937188,1.89902062894069,0.3140535153918265,0.12045466604305038,-0.06634595935939212,-0.4885292248583149,8.081863433044791,Train
Protease_0159,1.030928282765133,-0.21113795679849875,-0.35135969672373335,0.3140535153918265,0.12045466604305038,0.5868074657903506,-1.446689058526267,7.806854480674256,Train
Protease_0213,0.42939683567293674,-1.5486264434901946,1.61309595908883,1.4393194680678412,0.9991671219254472,1.2399608909400932,-1.446689058526267,7.945288435189629,Train
Protease_0119,-0.47949926086441474,-1.6972534507082315,1.8156259335672313,1.4393194680678412,0.12045466604305038,0.5868074657903506,-1.446689058526267,7.733148149633406,Train
Protease_0341,-0.5094063195262029,-0.6466622343198919,0.8429714763033114,1.4393194680678412,-0.7582577898393464,-0.06634595935939212,-1.446689058526267,7.874128582655686,Train
Protease_0333,-1.4169705227628266,-0.6839155975435498,-0.7440806346303815,0.3140535153918265,-0.7582577898393464,-0.06634595935939212,-1.446689058526267,7.498995961076562,Train
Protease_0170,-0.8729829203225186,-1.3241787945244232,0.37494002267675314,0.3140535153918265,0.12045466604305038,1.2399608909400932,-1.446689058526267,7.389901200533439,Train
Kinase_0087,1.653981914784993,1.1794481658572091,0.10263081329402814,-0.811212437284188,0.9991671219254472,-0.06634595935939212,1.4277904424775893,7.822417317655311,Train
Protease_0007,-0.4801954778170676,-1.5202613308281985,1.6526658910772565,0.3140535153918265,0.12045466604305038,-0.06634595935939212,-0.4885292248583149,7.857642922757944,Train
Kinase_0322,0.5217212576551832,1.9261385021720598,-1.3971972540092605,-1.9364783899602027,-0.7582577898393464,-0.7194993845091349,1.4277904424775893,8.28032555381554,Train
Kinase_0282,0.5321342416426896,0.034332336973984905,0.9480658117994566,0.3140535153918265,0.9991671219254472,-0.06634595935939212,0.46963060880963725,6.9315486011781555,Train
GPCR_0108,-1.1144188513816644,-0.3780824890870894,-0.6096279624976614,1.4393194680678412,0.12045466604305038,1.8931143160898358,-0.4885292248583149,8.978296610272288,Train
Kinase_0351,0.7918534352845487,-1.1671272715566374,2.7814726605965823,1.4393194680678412,1.877879577807844,0.5868074657903506,0.46963060880963725,5.980550134839701,Train
Protease_0090,-1.3572774866484054,-1.2713130259663694,-0.017780915229895392,0.3140535153918265,-0.7582577898393464,0.5868074657903506,-1.446689058526267,7.1276294709746635,Train
Kinase_0399,-0.29757474410595375,0.7349583486388352,-0.2900901246126204,-0.811212437284188,0.12045466604305038,-1.3726528096588775,1.4277904424775893,7.6563430232121075,Train
Kinase_0306,-0.29757474410595375,0.7349583486388352,-0.2900901246126204,-0.811212437284188,0.12045466604305038,-1.3726528096588775,1.4277904424775893,7.691123107496318,Train
GPCR_0182,-0.629367527498545,-0.47013384925177104,-1.4516590958858056,0.3140535153918265,0.9991671219254472,-0.7194993845091349,-0.4885292248583149,8.686196135857802,Train
GPCR_0013,-0.4489565258545499,-1.7005768835269401,1.438222388688361,1.4393194680678412,0.12045466604305038,0.5868074657903506,-0.4885292248583149,9.0,Train
Protease_0098,0.6063267525536673,-0.7456696166632644,-0.017780915229895392,0.3140535153918265,-0.7582577898393464,0.5868074657903506,-1.446689058526267,7.803694180045946,Train
GPCR_0041,-0.35614777903567474,0.8827351753683665,-0.9942647207507601,-0.811212437284188,-0.7582577898393464,-0.06634595935939212,-0.4885292248583149,8.574042647531906,Train
Protease_0151,-0.5080744262254768,-0.6695398183742544,-0.017780915229895392,0.3140535153918265,-0.7582577898393464,1.2399608909400932,-1.446689058526267,7.3762136022177325,Train
Protease_0195,-0.35747967233640343,0.07877358978229058,-0.5296371322414859,-0.811212437284188,-0.7582577898393464,0.5868074657903506,-0.4885292248583149,7.41668127966907,Train
GPCR_0084,-0.35614777903567474,0.8827351753683665,-0.9942647207507601,-0.811212437284188,-0.7582577898393464,-0.06634595935939212,-0.4885292248583149,8.566525321041777,Train
Protease_0343,-1.3578526223919014,-1.6504162347050444,1.172720909540204,0.3140535153918265,0.12045466604305038,-0.7194993845091349,-0.4885292248583149,8.088634308001133,Train
GPCR_0147,-0.3574796723364017,0.34132478246022696,0.2000664522762846,0.3140535153918265,-0.7582577898393464,-0.7194993845091349,-0.4885292248583149,8.690039951180701,Train
Kinase_0056,-0.29757474410595375,0.7349583486388352,-0.2900901246126204,-0.811212437284188,0.12045466604305038,-1.3726528096588775,1.4277904424775893,7.81321601786743,Train
Kinase_0121,1.7339560534332172,0.19586662979026054,0.9480658117994566,1.4393194680678412,1.877879577807844,1.8931143160898358,0.46963060880963725,7.024627792056457,Train
Protease_0234,-1.3870634641010366,-1.2682987496889357,0.36302649476625887,1.4393194680678412,0.12045466604305038,-0.06634595935939212,-1.446689058526267,7.642311489984255,Train
Kinase_0026,-0.5703404380344854,1.0839960837385003,-0.7440806346303815,0.3140535153918265,-1.6369702457217434,-0.7194993845091349,0.46963060880963725,7.47428438845648,Train
Kinase_0073,-0.29757474410595375,0.7349583486388352,-0.2900901246126204,-0.811212437284188,0.12045466604305038,-1.3726528096588775,1.4277904424775893,7.668150094133508,Train
Kinase_0045,1.8178653313790518,1.6733257405442898,-0.7440806346303815,0.3140535153918265,-1.6369702457217434,-0.7194993845091349,0.46963060880963725,7.344950701444886,Train
Kinase_0260,1.4008313767399032,1.7118930190683683,-1.259340716759256,-1.9364783899602027,0.12045466604305038,0.5868074657903506,1.4277904424775893,8.163263108014402,Train
Kinase_0209,3.0916699220134434,2.242096487355282,-0.7440806346303815,0.3140535153918265,-1.6369702457217434,0.5868074657903506,0.46963060880963725,7.717389152945907,Train
Kinase_0295,-0.5105263207109058,-0.47067487319900236,0.9480658117994566,0.3140535153918265,0.9991671219254472,-0.06634595935939212,0.46963060880963725,6.725981322894757,Train
Protease_0326,-0.798911490620695,-0.27892052847307947,-0.7440806346303815,0.3140535153918265,-0.7582577898393464,-0.06634595935939212,-1.446689058526267,7.5525599060841815,Train
Protease_0047,-0.6606064794610627,-0.5153479934132642,-0.5296371322414859,0.3140535153918265,-0.7582577898393464,-0.06634595935939212,-0.4885292248583149,7.753490832721203,Train
Kinase_0299,3.398580516924263,-0.9223525800020235,2.912521467612018,1.4393194680678412,1.877879577807844,0.5868074657903506,1.4277904424775893,6.207498317825844,Train
Protease_0120,0.6131981111733297,0.4212417483798584,-0.5296371322414859,-0.811212437284188,0.12045466604305038,0.5868074657903506,-0.4885292248583149,7.882844804961009,Train
Kinase_0446,1.885125943065791,1.5347463209176966,0.10263081329402814,-0.811212437284188,0.9991671219254472,0.5868074657903506,1.4277904424775893,7.8811808823245055,Train
Kinase_0335,-0.5105263207109058,-0.47067487319900236,0.9480658117994566,0.3140535153918265,0.9991671219254472,-0.06634595935939212,0.46963060880963725,6.818696960012663,Train
GPCR_0204,-0.35614777903567474,0.8827351753683665,-0.9942647207507601,-0.811212437284188,-0.7582577898393464,-0.06634595935939212,-0.4885292248583149,9.0,Train
Kinase_0169,-0.20752059479540413,1.1653815432291887,-1.3971972540092605,-1.9364783899602027,-0.7582577898393464,-1.3726528096588775,1.4277904424775893,7.907920782599569,Train
Kinase_0248,2.090631025307582,1.3242880054446255,-0.2900901246126204,-0.811212437284188,0.12045466604305038,-1.3726528096588775,1.4277904424775893,7.684607615113944,Train
Protease_0178,0.0075196326675056446,-0.2635399905446395,0.0656137801435638,-0.811212437284188,0.12045466604305038,0.5868074657903506,-0.4885292248583149,7.7974977152775065,Train
Protease_0287,-0.9326759564369415,-0.9698081090877616,-0.017780915229895392,0.3140535153918265,-0.7582577898393464,1.2399608909400932,-1.446689058526267,7.4647711505999546,Train
Protease_0111,-0.9332510921804368,-1.4489234589289532,0.5774699971551543,0.3140535153918265,0.12045466604305038,-0.06634595935939212,-0.4885292248583149,7.754369661930686,Train
Kinase_0332,2.794112850510008,0.40624765612801234,1.2203750211821816,2.5645854207438554,0.9991671219254472,0.5868074657903506,0.46963060880963725,6.7498088442771245,Train
Kinase_0311,0.7631571887143281,1.3921478662545248,-0.35135969672373335,0.3140535153918265,-0.7582577898393464,0.5868074657903506,0.46963060880963725,7.415672819515918,Train
Kinase_0061,-0.7520833329792092,1.057872356000749,-1.3971972540092605,-1.9364783899602027,-0.7582577898393464,-1.3726528096588775,1.4277904424775893,7.860147864323206,Train
GPCR_0064,-0.4489565258545499,-1.7005768835269401,1.438222388688361,1.4393194680678412,0.12045466604305038,0.5868074657903506,-0.4885292248583149,9.0,Train
GPCR_0155,-0.35614777903567474,0.8827351753683665,-0.9942647207507601,-0.811212437284188,-0.7582577898393464,-0.06634595935939212,-0.4885292248583149,8.512292077703675,Train
GPCR_0156,0.5216304467483167,0.02675800171274343,0.2438912156613169,0.3140535153918265,0.9991671219254472,-0.06634595935939212,-0.4885292248583149,9.0,Train
Protease_0183,0.7651550286654185,-0.3912989312266031,0.2034703173935683,-0.811212437284188,0.12045466604305038,1.2399608909400932,-0.4885292248583149,7.423424359647111,Train
GPCR_0036,1.5832402183349905,-0.8850992167783653,0.1200756220201091,0.3140535153918265,0.9991671219254472,0.5868074657903506,-0.4885292248583149,8.86315320533977,Train
Kinase_0424,-0.29757474410595375,0.7349583486388352,-0.2900901246126204,-0.811212437284188,0.12045466604305038,-1.3726528096588775,1.4277904424775893,7.8192596426431535,Train
GPCR_0153,2.4324432787579164,-0.7431963643330634,0.1200756220201091,0.3140535153918265,0.9991671219254472,1.8931143160898358,-0.4885292248583149,9.0,Train
Kinase_0199,-0.5703404380344854,1.0839960837385003,-0.7440806346303815,0.3140535153918265,-1.6369702457217434,-0.7194993845091349,0.46963060880963725,7.4663773077669005,Train
Kinase_0345,1.636122436434328,1.6472020128065386,-1.3971972540092605,-1.9364783899602027,-0.7582577898393464,-1.3726528096588775,1.4277904424775893,7.970451254157251,Train
Protease_0227,-1.26779847308135,-0.869177654902694,0.0656137801435638,-0.811212437284188,-0.7582577898393464,-0.7194993845091349,-0.4885292248583149,7.502946102571337,Train
Protease_0166,-0.7521741438860774,-1.064410010717963,-0.017780915229895392,0.3140535153918265,-0.7582577898393464,-0.06634595935939212,-0.4885292248583149,7.414184503966281,Train
GPCR_0189,-0.35614777903567474,0.8827351753683665,-0.9942647207507601,-0.811212437284188,-0.7582577898393464,-0.06634595935939212,-0.4885292248583149,8.522695306459447,Train
Kinase_0334,-0.7520833329792092,1.057872356000749,-1.3971972540092605,-1.9364783899602027,-0.7582577898393464,-1.3726528096588775,1.4277904424775893,7.830449743273183,Train
GPCR_0004,-0.2644590334015024,0.5481505085733144,-0.2798785292607681,0.3140535153918265,0.12045466604305038,-0.7194993845091349,-0.4885292248583149,9.0,Train
Kinase_0328,-0.5703404380344854,1.0839960837385003,-0.7440806346303815,0.3140535153918265,-1.6369702457217434,-0.7194993845091349,0.46963060880963725,7.576395404094441,Train
Kinase_0111,-0.5703404380344854,1.0839960837385003,-0.7440806346303815,0.3140535153918265,-1.6369702457217434,-0.7194993845091349,0.46963060880963725,7.169830317705144,Train
Protease_0162,-0.567767462339898,-0.08214238995143494,-0.7440806346303815,0.3140535153918265,-0.7582577898393464,0.5868074657903506,-1.446689058526267,7.476459786579313,Train
Protease_0292,-0.47816736756368694,-1.3897199812747576,0.1200756220201091,0.3140535153918265,0.12045466604305038,1.2399608909400932,-1.446689058526267,7.192776493838886,Train
Kinase_0353,0.3386767397120219,-0.036000776166115675,0.9480658117994566,0.3140535153918265,0.9991671219254472,0.5868074657903506,0.46963060880963725,6.891809943480303,Train
Kinase_0266,-0.056017731837652046,-0.7935888805609154,2.055172941196097,1.4393194680678412,1.877879577807844,-0.06634595935939212,0.46963060880963725,6.226761522705273,Train
Protease_0245,0.6063267525536673,-0.7456696166632644,-0.017780915229895392,0.3140535153918265,-0.7582577898393464,0.5868074657903506,-1.446689058526267,7.439746795238135,Train
Protease_0080,-0.5378604036781082,-0.8023225528519391,-0.6062240973803771,0.3140535153918265,0.12045466604305038,0.5868074657903506,-1.446689058526267,7.419195084286267,Train
Kinase_0421,0.7034641525999069,1.9522622299098116,-0.7440806346303815,0.3140535153918265,-1.6369702457217434,-0.06634595935939212,0.46963060880963725,8.0257861887323,Train
Protease_0145,-1.1767756740975421,-1.2659027864940537,0.5774699971551543,0.3140535153918265,-0.7582577898393464,-0.06634595935939212,-0.4885292248583149,7.885931060850294,Train
GPCR_0185,-0.8404423453615616,1.0092574898852296,-1.3869856586574083,-0.811212437284188,-1.6369702457217434,-0.7194993845091349,-0.4885292248583149,8.32451904295141,Train
GPCR_0138,-0.35614777903567474,0.8827351753683665,-0.9942647207507601,-0.811212437284188,-0.7582577898393464,-0.06634595935939212,-0.4885292248583149,8.779892114662353,Train
GPCR_0213,-1.540352274893856,-1.024142371216872,0.7119226692878745,1.4393194680678412,-0.7582577898393464,-0.06634595935939212,-0.4885292248583149,8.687000213300575,Train
Protease_0185,-0.6606064794610627,-0.5153479934132642,-0.5296371322414859,0.3140535153918265,-0.7582577898393464,-0.06634595935939212,-0.4885292248583149,7.455763642218466,Train
Kinase_0138,-0.5105263207109058,-0.47067487319900236,0.9480658117994566,0.3140535153918265,0.9991671219254472,-0.06634595935939212,0.46963060880963725,6.6241197725691485,Train
Kinase_0371,0.5814142937696053,1.3660241385167735,-1.004476316102612,-1.9364783899602027,0.12045466604305038,-0.06634595935939212,1.4277904424775893,7.926379526138843,Train
Kinase_0382,0.5321342416426896,0.034332336973984905,0.9480658117994566,0.3140535153918265,0.9991671219254472,-0.06634595935939212,0.46963060880963725,6.742320103183395,Train
Protease_0114,0.7624912420639647,-1.783894571400598,2.030069435956127,0.3140535153918265,0.9991671219254472,-0.06634595935939212,-0.4885292248583149,8.00398003339023,Train
Protease_0094,1.7331690255736996,-1.2829063962641878,2.030069435956127,0.3140535153918265,1.877879577807844,0.5868074657903506,-0.4885292248583149,7.951816645752879,Train
Protease_0016,-0.9923689925513627,-0.3824106806649421,-0.7440806346303815,0.3140535153918265,-0.7582577898393464,0.5868074657903506,-1.446689058526267,7.349503127357161,Train
Protease_0181,-0.4483813901110547,-1.0226738776458153,0.37494002267675314,0.3140535153918265,0.12045466604305038,1.8931143160898358,-1.446689058526267,7.669018335013835,Train
Kinase_0333,-0.29757474410595375,0.7349583486388352,-0.2900901246126204,-0.811212437284188,0.12045466604305038,-1.3726528096588775,1.4277904424775893,7.684894683729059,Train
Protease_0041,-1.2975844505339824,-1.4572706855433828,0.8429714763033114,1.4393194680678412,0.12045466604305038,0.5868074657903506,-1.446689058526267,7.631979840451622,Train
Kinase_0219,0.5815353749787646,0.7671879180667713,0.2217660923989701,0.3140535153918265,0.9991671219254472,-0.7194993845091349,1.4277904424775893,7.592870467825635,Train
Kinase_0426,-0.08604587170859868,0.8564568693599764,0.11667175690282482,1.4393194680678412,-0.7582577898393464,-0.7194993845091349,0.46963060880963725,7.515142733629852,Train
Kinase_0449,0.9762298465284395,1.6032244948101468,-0.2900901246126204,-0.811212437284188,0.12045466604305038,-0.7194993845091349,1.4277904424775893,7.8554719623994975,Train
Protease_0056,-0.567767462339898,-0.08214238995143494,-0.7440806346303815,0.3140535153918265,-0.7582577898393464,0.5868074657903506,-1.446689058526267,7.352492884676915,Train
Kinase_0363,-0.0859247904994419,-0.2322997220487838,0.9480658117994566,0.3140535153918265,0.9991671219254472,-0.06634595935939212,0.46963060880963725,6.736007977731471,Train
Kinase_0079,-0.5105263207109058,-0.47067487319900236,0.9480658117994566,0.3140535153918265,0.9991671219254472,-0.06634595935939212,0.46963060880963725,6.686193116480325,Train
Kinase_0030,0.7333712112616967,1.1350069130489036,-0.6062240973803771,0.3140535153918265,-0.7582577898393464,-0.06634595935939212,0.46963060880963725,7.411973937531008,Train
Protease_0276,-0.798911490620695,-0.27892052847307947,-0.7440806346303815,0.3140535153918265,-0.7582577898393464,-0.06634595935939212,-1.446689058526267,7.407200020191249,Train
Protease_0284,-0.5378604036781082,-0.8023225528519391,-0.6062240973803771,0.3140535153918265,0.12045466604305038,0.5868074657903506,-1.446689058526267,7.606082274203817,Train
Kinase_0238,1.1865479068342244,0.6902852284245725,1.6011824311783354,2.5645854207438554,-0.7582577898393464,-0.06634595935939212,0.46963060880963725,6.789804147215413,Train
GPCR_0203,0.3094356277005955,-1.6883652001465705,0.7153265344051591,0.3140535153918265,0.9991671219254472,-0.7194993845091349,-0.4885292248583149,8.802412564755496,Train
Kinase_0372,-0.5703404380344854,1.0839960837385003,-0.7440806346303815,0.3140535153918265,-1.6369702457217434,-0.7194993845091349,0.46963060880963725,7.532345743686818,Train
Kinase_0166,1.8553399656131586,0.9845249665832153,0.2217660923989701,0.3140535153918265,0.9991671219254472,0.5868074657903506,1.4277904424775893,7.641850139040475,Train
Protease_0148,-0.9631581508422274,-0.49587113131292837,0.0656137801435638,-0.811212437284188,-0.7582577898393464,-0.06634595935939212,-0.4885292248583149,7.523229102900813,Train
Kinase_0179,-0.29757474410595375,0.7349583486388352,-0.2900901246126204,-0.811212437284188,0.12045466604305038,-1.3726528096588775,1.4277904424775893,7.633825475014307,Train
GPCR_0029,-0.6911492144709275,-0.5211446785621734,0.11667175690282482,1.4393194680678412,-0.7582577898393464,0.5868074657903506,-0.4885292248583149,8.867795758753843,Train
Kinase_0066,-0.7520833329792092,1.057872356000749,-1.3971972540092605,-1.9364783899602027,-0.7582577898393464,-1.3726528096588775,1.4277904424775893,8.135460004285624,Train
Kinase_0142,1.0061369051902276,0.5573479156762504,-0.1522335873626156,-0.811212437284188,0.9991671219254472,-0.06634595935939212,1.4277904424775893,7.7141474131423635,Train
Kinase_0261,0.7632782699234858,0.26550414071249223,0.9480658117994566,0.3140535153918265,0.9991671219254472,1.2399608909400932,0.46963060880963725,6.682602429263288,Train
Protease_0198,-0.5677674623398989,-0.0809057637863344,-0.7440806346303815,0.3140535153918265,-0.7582577898393464,1.2399608909400932,-1.446689058526267,7.560277936368973,Train
Protease_0042,0.33979674089672474,-0.27683372181947213,0.37494002267675314,0.3140535153918265,0.12045466604305038,0.5868074657903506,-1.446689058526267,7.768590274152965,Train
GPCR_0077,-0.5099814552696998,-1.4214858158907824,0.5961912553002165,-0.811212437284188,0.12045466604305038,-1.3726528096588775,-0.4885292248583149,8.553788792523061,Train
Protease_0296,-0.8708942694645573,-0.5177439566081469,-0.7440806346303815,1.4393194680678412,0.12045466604305038,-0.06634595935939212,-1.446689058526267,7.87665452891507,Train
Kinase_0262,0.1867198222199322,0.9041442658516708,-0.024588645464463366,0.3140535153918265,0.9991671219254472,-0.7194993845091349,1.4277904424775893,7.814332196590731,Train
GPCR_0028,-0.8105352866997708,0.6068129622802781,-0.8751294416458181,0.3140535153918265,-0.7582577898393464,-0.7194993845091349,-0.4885292248583149,8.702235103279031,Train
Kinase_0324,-0.5703404380344854,1.0839960837385003,-0.7440806346303815,0.3140535153918265,-1.6369702457217434,-0.7194993845091349,0.46963060880963725,7.77150409135282,Train
Kinase_0222,1.0359228826428615,1.0431101311548598,0.10263081329402814,-0.811212437284188,0.9991671219254472,-0.06634595935939212,1.4277904424775893,7.384113221111237,Train
Protease_0163,-0.32757261367461354,-0.7999265896570564,-0.3917805949914814,-0.811212437284188,-0.7582577898393464,-0.06634595935939212,-0.4885292248583149,7.572455033837053,Train
Kinase_0319,-0.29757474410595375,0.7349583486388352,-0.2900901246126204,-0.811212437284188,0.12045466604305038,-1.3726528096588775,1.4277904424775893,7.722148952873267,Train
Kinase_0293,1.065708860095492,0.6454575299396743,-0.14372392456940533,-0.811212437284188,0.9991671219254472,0.5868074657903506,1.4277904424775893,7.4132352864583675,Train
Protease_0281,-0.5086495619689729,-1.184440037868047,0.2034703173935683,-0.811212437284188,0.12045466604305038,-0.06634595935939212,-0.4885292248583149,7.617941506408906,Train
Kinase_0050,-0.11583184916123178,0.7610820763765865,0.36302649476625887,1.4393194680678412,-0.7582577898393464,-0.7194993845091349,0.46963060880963725,6.934689976695591,Train
Protease_0071,1.7045333196080579,-1.043773811587844,0.5127965599267573,0.3140535153918265,0.9991671219254472,3.852574591539064,-1.446689058526267,7.188650802394516,Train
Kinase_0003,1.0359228826428615,1.0431101311548598,0.10263081329402814,-0.811212437284188,0.9991671219254472,-0.06634595935939212,1.4277904424775893,7.761356280715104,Train
GPCR_0103,-0.7819601213387105,-1.3394047541822254,-0.010973184995327418,0.3140535153918265,0.12045466604305038,-0.7194993845091349,-0.4885292248583149,8.539488715684845,Train
Kinase_0378,-0.5105263207109058,-0.47067487319900236,0.9480658117994566,0.3140535153918265,0.9991671219254472,-0.06634595935939212,0.46963060880963725,6.699930300860753,Train
Protease_0250,1.826008042694865,-1.4203264788609988,1.8156259335672313,1.4393194680678412,0.9991671219254472,1.8931143160898358,-1.446689058526267,8.213958481799951,Train
GPCR_0095,-1.540352274893856,-1.024142371216872,0.7119226692878745,1.4393194680678412,-0.7582577898393464,-0.06634595935939212,-0.4885292248583149,8.652956926258536,Train
Protease_0122,-0.5099814552697007,-1.9834551187937188,1.89902062894069,0.3140535153918265,0.12045466604305038,-0.06634595935939212,-0.4885292248583149,7.822050704595077,Train
Protease_0342,-0.5080744262254768,-0.6695398183742544,-0.017780915229895392,0.3140535153918265,-0.7582577898393464,1.2399608909400932,-1.446689058526267,7.4541030031184485,Train
GPCR_0050,-0.7819601213387105,-1.3394047541822254,-0.010973184995327418,0.3140535153918265,0.12045466604305038,-0.7194993845091349,-0.4885292248583149,8.673743040693727,Train
GPCR_0136,-0.7807493092471386,0.5812302584897585,-0.9942647207507601,-0.811212437284188,-0.7582577898393464,-0.7194993845091349,-0.4885292248583149,8.676985288841257,Train
Kinase_0034,-0.14573890782302165,1.3223712348887193,-0.7440806346303815,0.3140535153918265,-1.6369702457217434,-0.7194993845091349,0.46963060880963725,7.378882360656616,Train
Kinase_0032,-0.5105263207109058,-0.47067487319900236,0.9480658117994566,0.3140535153918265,0.9991671219254472,-0.06634595935939212,0.46963060880963725,6.950270727676341,Train
Kinase_0232,1.4307384354016914,0.5509329174447912,0.2217660923989701,0.3140535153918265,0.9991671219254472,0.5868074657903506,1.4277904424775893,7.444105788437296,Train
Protease_0092,-0.2991185295227083,-1.135747882617208,1.0574149786922067,0.3140535153918265,0.12045466604305038,0.5868074657903506,-0.4885292248583149,7.900769944206704,Train
Kinase_0193,-0.5703404380344854,1.0839960837385003,-0.7440806346303815,0.3140535153918265,-1.6369702457217434,-0.7194993845091349,0.46963060880963725,7.489760061619531,Train
Kinase_0347,1.641692172055553,0.01245951167876607,1.162509314188352,-0.811212437284188,0.9991671219254472,-0.7194993845091349,1.4277904424775893,6.691321348775401,Train
Kinase_0004,-0.29757474410595375,0.7349583486388352,-0.2900901246126204,-0.811212437284188,0.12045466604305038,-1.3726528096588775,1.4277904424775893,7.901978478461205,Train
Kinase_0205,1.641692172055553,0.01245951167876607,1.162509314188352,-0.811212437284188,0.9991671219254472,-0.7194993845091349,1.4277904424775893,6.701883594806436,Train
Protease_0003,-0.9631581508422274,-0.49587113131292837,0.0656137801435638,-0.811212437284188,-0.7582577898393464,-0.06634595935939212,-0.4885292248583149,7.465836054393133,Train
GPCR_0134,-1.509234404140496,-0.349562798154455,-0.7287632416026036,0.3140535153918265,0.12045466604305038,1.2399608909400932,-0.4885292248583149,9.0,Train
Kinase_0320,-0.5105263207109058,-0.47067487319900236,0.9480658117994566,0.3140535153918265,0.9991671219254472,-0.06634595935939212,0.46963060880963725,6.652907541844847,Train
Kinase_0078,1.2475728362493734,-0.05601866221368284,1.3407867497061052,0.3140535153918265,1.877879577807844,1.8931143160898358,0.46963060880963725,6.5884328974301205,Train
Kinase_0085,0.12702678610551008,0.9733334997890544,-0.2900901246126204,-0.811212437284188,0.12045466604305038,-1.3726528096588775,1.4277904424775893,7.632142959566022,Train
Kinase_0300,3.4241286520563974,1.6285753311947098,-0.49262009909102156,-0.811212437284188,0.9991671219254472,1.2399608909400932,1.4277904424775893,7.933860326288541,Train
Kinase_0083,-0.5105263207109058,-0.47067487319900236,0.9480658117994566,0.3140535153918265,0.9991671219254472,-0.06634595935939212,0.46963060880963725,6.894113106711227,Train
Kinase_0362,-0.5703404380344854,1.0839960837385003,-0.7440806346303815,0.3140535153918265,-1.6369702457217434,-0.7194993845091349,0.46963060880963725,7.687556836950387,Train
Kinase_0381,0.7931853285852756,-0.4196640438885994,1.0859223490494607,0.3140535153918265,1.877879577807844,0.5868074657903506,0.46963060880963725,6.544552723672884,Train
Protease_0167,0.7929734364692523,-1.0042790634399428,2.2083468714738794,1.4393194680678412,0.9991671219254472,-0.06634595935939212,-1.446689058526267,8.64661645856323,Train
GPCR_0078,0.3094356277005955,-1.6883652001465705,0.7153265344051591,0.3140535153918265,0.9991671219254472,-0.7194993845091349,-0.4885292248583149,8.950962602578846,Train
Protease_0117,-0.5886237006172004,-0.27652456527819663,-0.5296371322414859,-0.811212437284188,-0.7582577898393464,-0.06634595935939212,-0.4885292248583149,7.494157058536793,Train
Protease_0021,-0.5378604036781082,-0.8023225528519391,-0.6062240973803771,0.3140535153918265,0.12045466604305038,0.5868074657903506,-1.446689058526267,7.5533978974116325,Train
Kinase_0290,1.636122436434328,1.6472020128065386,-1.3971972540092605,-1.9364783899602027,-0.7582577898393464,-1.3726528096588775,1.4277904424775893,7.947702072026911,Train
Kinase_0006,1.641692172055553,0.01245951167876607,1.162509314188352,-0.811212437284188,0.9991671219254472,-0.7194993845091349,1.4277904424775893,6.873413456457622,Train
Protease_0304,-0.4788635845163407,-0.8173939342391032,0.4583347180502123,-0.811212437284188,0.12045466604305038,0.5868074657903506,-0.4885292248583149,7.488828067326786,Train
GPCR_0034,-0.8105352866997717,0.15621730337172027,-0.2798785292607681,0.3140535153918265,-0.7582577898393464,-0.7194993845091349,-0.4885292248583149,8.89257455610594,Train
Kinase_0098,0.6113213524313968,0.7416052142762517,0.10263081329402814,-0.811212437284188,0.9991671219254472,-0.7194993845091349,1.4277904424775893,7.644880290826984,Train
GPCR_0002,-0.08329127420027567,-0.0019935566258479963,-1.4516590958858056,0.3140535153918265,1.877879577807844,-0.06634595935939212,-0.4885292248583149,9.0,Train
Protease_0012,0.7624912420639647,-1.783894571400598,2.030069435956127,0.3140535153918265,0.9991671219254472,-0.06634595935939212,-0.4885292248583149,8.17125480222982,Train
Protease_0214,-1.3870634641010366,-1.2682987496889357,0.36302649476625887,1.4393194680678412,0.12045466604305038,-0.06634595935939212,-1.446689058526267,7.942405092067268,Train
Kinase_0267,2.090631025307582,1.3242880054446255,-0.2900901246126204,-0.811212437284188,0.12045466604305038,-1.3726528096588775,1.4277904424775893,8.027468695589747,Train
Kinase_0437,-0.14573890782302165,1.3223712348887193,-0.7440806346303815,0.3140535153918265,-1.6369702457217434,-0.7194993845091349,0.46963060880963725,7.781831331835694,Train
Kinase_0440,3.125814822995731,-0.3494082198838176,2.45980740701324,1.4393194680678412,4.514016945455035,2.5462677412395784,0.46963060880963725,6.532393845165507,Train
Kinase_0315,2.156468932786727,-0.1496930942200588,1.7335076876127538,0.3140535153918265,2.7565920336902408,3.1994211663893215,0.46963060880963725,6.6658738210731485,Train
Protease_0161,1.4305265432856664,-0.32830828594178746,0.00094034291516714,-0.811212437284188,0.9991671219254472,2.5462677412395784,-0.4885292248583149,7.47421749451729,Train
Protease_0269,-0.811201233350136,-1.1051413850309664,-0.017780915229895392,1.4393194680678412,0.12045466604305038,0.5868074657903506,-1.446689058526267,7.921261942307513,Train
Kinase_0119,-0.29757474410595375,0.7349583486388352,-0.2900901246126204,-0.811212437284188,0.12045466604305038,-1.3726528096588775,1.4277904424775893,7.8449474221772535,Train
Kinase_0383,0.5502964230162453,0.36141995764311236,0.43620959478786614,-0.811212437284188,0.12045466604305038,-0.7194993845091349,1.4277904424775893,6.874924641353529,Train
Kinase_0251,1.4923990411649155,1.8565009912498285,-1.3971972540092605,-0.811212437284188,0.12045466604305038,-0.06634595935939212,1.4277904424775893,8.086250406849743,Train
Kinase_0450,-0.5703404380344854,1.0839960837385003,-0.7440806346303815,0.3140535153918265,-1.6369702457217434,-0.7194993845091349,0.46963060880963725,7.2987639717166575,Train
Kinase_0448,0.5502964230162453,0.36141995764311236,0.43620959478786614,-0.811212437284188,0.12045466604305038,-0.7194993845091349,1.4277904424775893,7.0525270320508975,Train
Kinase_0010,1.5643818200087778,1.96323728712508,-1.3971972540092605,-1.9364783899602027,-0.7582577898393464,0.5868074657903506,1.4277904424775893,8.120346006537897,Train
Kinase_0197,1.0048050118895007,0.03850595028119939,1.5433167241845063,0.3140535153918265,0.9991671219254472,-0.7194993845091349,1.4277904424775893,6.80243038456983,Train
GPCR_0164,-0.2977866362219805,0.3882392875987342,-0.8444946555902616,-1.9364783899602027,0.12045466604305038,-1.3726528096588775,-0.4885292248583149,8.474137734065463,Train
Kinase_0082,-0.7520833329792092,1.057872356000749,-1.3971972540092605,-1.9364783899602027,-0.7582577898393464,-1.3726528096588775,1.4277904424775893,7.985590885726762,Train
Protease_0223,-0.8729829203225186,-1.3241787945244232,0.37494002267675314,0.3140535153918265,0.12045466604305038,1.2399608909400932,-1.446689058526267,7.150532925621093,Train
GPCR_0045,-0.7189676222747561,0.7977171265176948,-1.3869856586574083,0.3140535153918265,-0.7582577898393464,-1.3726528096588775,-0.4885292248583149,8.638465773803409,Train
GPCR_0180,-0.20476599728708114,-0.43728596674128445,-1.4516590958858056,0.3140535153918265,0.9991671219254472,-0.06634595935939212,-0.4885292248583149,8.911671024859203,Train
Kinase_0240,-0.29757474410595375,0.7349583486388352,-0.2900901246126204,-0.811212437284188,0.12045466604305038,-1.3726528096588775,1.4277904424775893,7.801389000219434,Train
Protease_0303,-0.47816736756368694,-1.3897199812747576,0.1200756220201091,0.3140535153918265,0.12045466604305038,1.2399608909400932,-1.446689058526267,7.362374379812312,Train
Kinase_0212,-0.5703404380344854,1.0839960837385003,-0.7440806346303815,0.3140535153918265,-1.6369702457217434,-0.7194993845091349,0.46963060880963725,7.62798084602709,Train
Protease_0062,0.1268148939894825,-0.1313755691495052,-0.13691619433483734,-0.811212437284188,0.12045466604305038,1.2399608909400932,-0.4885292248583149,7.837055885605879,Train
Protease_0158,-0.47949926086441474,-1.6972534507082315,1.8156259335672313,1.4393194680678412,0.12045466604305038,0.5868074657903506,-1.446689058526267,7.5677011518388335,Train
Protease_0337,-0.448381390111053,-0.7896471346596574,0.04136124118291516,0.3140535153918265,0.9991671219254472,1.2399608909400932,-1.446689058526267,7.810907815725919,Train
Kinase_0228,1.0658299413046515,0.2416217978989852,1.0825184839321769,1.4393194680678412,1.877879577807844,-0.06634595935939212,1.4277904424775893,7.171255283310604,Train
Protease_0202,1.4923082302580497,0.03541438486844804,-0.3917805949914814,-0.811212437284188,0.12045466604305038,1.8931143160898358,-0.4885292248583149,7.469819710177193,Train
GPCR_0135,0.06857483238494584,0.18241832024479013,-1.3325238167808635,0.3140535153918265,0.12045466604305038,0.5868074657903506,-0.4885292248583149,8.580316389802817,Train
Protease_0142,-0.7223881664334452,-0.7343854029067208,-0.13691619433483734,-0.811212437284188,0.12045466604305038,-0.06634595935939212,-0.4885292248583149,7.432212809694008,Train
Kinase_0178,-0.5105263207109058,-0.47067487319900236,0.9480658117994566,0.3140535153918265,0.9991671219254472,-0.06634595935939212,0.46963060880963725,6.890459111573597,Train
GPCR_0018,0.3094356277005955,-1.6883652001465705,0.7153265344051591,0.3140535153918265,0.9991671219254472,-0.7194993845091349,-0.4885292248583149,8.99247238170109,Train
GPCR_0058,-1.0560577085679692,-1.0770081397749258,1.104643607194523,1.4393194680678412,0.9991671219254472,-0.06634595935939212,-0.4885292248583149,9.0,Train
GPCR_0037,-1.509234404140496,-0.349562798154455,-0.7287632416026036,0.3140535153918265,0.12045466604305038,1.2399608909400932,-0.4885292248583149,8.93260835026486,Train
Kinase_0329,0.034036417472899295,-0.36316568597056265,0.9480658117994566,0.3140535153918265,0.9991671219254472,-0.06634595935939212,0.46963060880963725,6.7787519725578225,Train
Protease_0085,0.7638231353646916,-1.1801891354255136,1.3037697165556401,0.3140535153918265,0.12045466604305038,0.5868074657903506,-0.4885292248583149,7.8923633566041,Train
Kinase_0008,-0.29757474410595375,0.7349583486388352,-0.2900901246126204,-0.811212437284188,0.12045466604305038,-1.3726528096588775,1.4277904424775893,7.788639209372937,Train
Kinase_0156,-0.11583184916123178,0.7610820763765865,0.36302649476625887,1.4393194680678412,-0.7582577898393464,-0.7194993845091349,0.46963060880963725,7.091993287296045,Train
GPCR_0100,0.18841495914813028,0.8437814511676955,-0.9942647207507601,-0.811212437284188,-0.7582577898393464,0.5868074657903506,-0.4885292248583149,8.853736608270932,Train
GPCR_0102,-0.7521741438860774,-0.8762109662167046,-0.2573279228587609,0.3140535153918265,0.12045466604305038,-0.7194993845091349,-0.4885292248583149,8.741211856110837,Train
GPCR_0051,1.6748078827600061,0.03015872366677025,1.1727209095402045,0.3140535153918265,0.9991671219254472,-0.06634595935939212,-0.4885292248583149,9.0,Train
Protease_0322,-0.4801954778170676,-1.5202613308281985,1.6526658910772565,0.3140535153918265,0.12045466604305038,-0.06634595935939212,-0.4885292248583149,7.885972754360018,Train
Protease_0123,1.4610995485978215,-1.8706902703636004,1.9466747405826674,1.4393194680678412,0.9991671219254472,2.5462677412395784,-1.446689058526267,7.735314971687175,Train
GPCR_0133,-0.6469848434308938,1.0795906030253297,-1.3869856586574083,-0.811212437284188,-1.6369702457217434,-1.3726528096588775,-0.4885292248583149,8.1982802160699,Train
Protease_0254,2.059301262438196,-0.8718054855035331,0.7085188041705905,0.3140535153918265,0.12045466604305038,0.5868074657903506,-0.4885292248583149,7.800922786978283,Train
Protease_0147,0.5514164242009464,0.17012934772910268,-0.13691619433483734,-0.811212437284188,0.12045466604305038,1.8931143160898358,-0.4885292248583149,7.484396489358558,Train
Protease_0280,0.3405534984539556,-0.6557823522875093,0.5774699971551543,0.3140535153918265,0.12045466604305038,1.2399608909400932,-0.4885292248583149,7.928400527197071,Train
GPCR_0126,-0.7807493092471386,0.18218645283883464,-0.5262332671242019,0.3140535153918265,-0.7582577898393464,-0.7194993845091349,-0.4885292248583149,8.620883915043976,Train
Kinase_0434,-0.32748180276774536,1.296247507150968,-1.3971972540092605,-1.9364783899602027,-0.7582577898393464,-1.3726528096588775,1.4277904424775893,8.119548338369395,Train
GPCR_0089,-0.5099814552696998,-1.4214858158907824,0.5961912553002165,-0.811212437284188,0.12045466604305038,-1.3726528096588775,-0.4885292248583149,8.730607694325194,Train
GPCR_0142,-0.38593375648830697,0.6255942221627447,-1.249129121407404,-0.811212437284188,-0.7582577898393464,-0.7194993845091349,-0.4885292248583149,8.33755588163278,Train
Protease_0052,-0.7223881664334452,-0.7343854029067208,-0.13691619433483734,-0.811212437284188,0.12045466604305038,-0.06634595935939212,-0.4885292248583149,7.645348068668445,Train
GPCR_0016,-1.5390203815931283,-0.7166089017833985,-0.9836276422592474,0.3140535153918265,0.12045466604305038,0.5868074657903506,-0.4885292248583149,8.669802243067243,Train
Protease_0108,-0.4483813901110547,-1.7640312636236677,0.8429714763033114,1.4393194680678412,0.12045466604305038,1.8931143160898358,-1.446689058526267,7.5039629131749805,Train
Kinase_0229,0.5502964230162453,0.36141995764311236,0.43620959478786614,-0.811212437284188,0.12045466604305038,-0.7194993845091349,1.4277904424775893,7.086213443611006,Train
Kinase_0443,-0.29757474410595375,0.7349583486388352,-0.2900901246126204,-0.811212437284188,0.12045466604305038,-1.3726528096588775,1.4277904424775893,7.363407684994019,Train
Protease_0073,-1.26779847308135,-0.869177654902694,0.0656137801435638,-0.811212437284188,-0.7582577898393464,-0.7194993845091349,-0.4885292248583149,7.252655955770572,Train
Kinase_0213,-0.056017731837652046,-0.7935888805609154,2.055172941196097,1.4393194680678412,1.877879577807844,-0.06634595935939212,0.46963060880963725,6.5570292645239805,Train
Kinase_0080,-0.5703404380344854,1.0839960837385003,-0.7440806346303815,0.3140535153918265,-1.6369702457217434,-0.7194993845091349,0.46963060880963725,7.159510662809867,Train
Kinase_0149,0.7631571887143281,1.3921478662545248,-0.35135969672373335,0.3140535153918265,-0.7582577898393464,0.5868074657903506,0.46963060880963725,7.526616234842536,Train
Kinase_0303,0.36858379837381267,-0.43844530377106605,1.459922028811047,1.4393194680678412,1.877879577807844,0.5868074657903506,0.46963060880963725,6.776674040768489,Train
GPCR_0118,-0.8404423453615616,1.0092574898852296,-1.3869856586574083,-0.811212437284188,-1.6369702457217434,-0.7194993845091349,-0.4885292248583149,8.598668630170613,Train
Protease_0321,-0.5080744262254776,-0.6683031922091539,-0.017780915229895392,0.3140535153918265,-0.7582577898393464,1.8931143160898358,-1.446689058526267,7.171175772409854,Train
Protease_0219,-1.4169705227628266,-0.6839155975435498,-0.7440806346303815,0.3140535153918265,-0.7582577898393464,-0.06634595935939212,-1.446689058526267,7.502702928252964,Train
GPCR_0206,0.521630446748314,-0.3281537076711499,-0.2573279228587609,0.3140535153918265,0.12045466604305038,1.2399608909400932,-0.4885292248583149,8.934752086834358,Train
Protease_0112,-0.9332510921804368,-1.4489234589289532,0.5774699971551543,0.3140535153918265,0.12045466604305038,-0.06634595935939212,-0.4885292248583149,7.800507089035726,Train
Kinase_0352,0.5321342416426896,0.034332336973984905,0.9480658117994566,0.3140535153918265,0.9991671219254472,-0.06634595935939212,0.46963060880963725,7.053532432542431,Train
Kinase_0134,-0.5105263207109058,-0.47067487319900236,0.9480658117994566,0.3140535153918265,0.9991671219254472,-0.06634595935939212,0.46963060880963725,6.743467864595277,Train
GPCR_0109,0.26070044101488576,-0.7329169093356641,-0.6062240973803771,0.3140535153918265,0.12045466604305038,-0.7194993845091349,-0.4885292248583149,8.590414193828487,Train
Kinase_0312,0.7034641525999069,1.9522622299098116,-0.7440806346303815,0.3140535153918265,-1.6369702457217434,-0.06634595935939212,0.46963060880963725,7.881490527798079,Train
GPCR_0167,-0.35614777903567474,0.8827351753683665,-0.9942647207507601,-0.811212437284188,-0.7582577898393464,-0.06634595935939212,-0.4885292248583149,8.503547938651916,Train
Protease_0334,0.7569215064427398,-0.15587622504556234,-0.5296371322414859,-0.811212437284188,-0.7582577898393464,-0.06634595935939212,-0.4885292248583149,7.33555788151739,Train
Protease_0134,-1.237316278676064,-1.0744575983094058,-0.017780915229895392,0.3140535153918265,-0.7582577898393464,0.5868074657903506,-1.446689058526267,7.5253635871473135,Train
Kinase_0001,-0.5703404380344854,1.0839960837385003,-0.7440806346303815,0.3140535153918265,-1.6369702457217434,-0.7194993845091349,0.46963060880963725,7.532153122951685,Train
Kinase_0317,0.5516283163169731,1.1088831853111523,-1.259340716759256,-1.9364783899602027,0.12045466604305038,-0.7194993845091349,1.4277904424775893,8.032398945694245,Train
Protease_0051,0.9746860611116841,-0.3426067759757638,1.0574149786922067,0.3140535153918265,0.12045466604305038,1.8931143160898358,-0.4885292248583149,7.865806522839366,Train
Protease_0140,0.5466337164392461,-0.15827218824044498,-0.7440806346303815,0.3140535153918265,-0.7582577898393464,-0.06634595935939212,-1.446689058526267,7.802804670306601,Train
Kinase_0358,0.21859445053052395,1.2810060896661015,-1.3971972540092605,-0.811212437284188,0.12045466604305038,-1.3726528096588775,1.4277904424775893,8.15563620416198,Train
Protease_0156,-0.7697006489115598,-0.661038013489187,0.0656137801435638,-0.811212437284188,-0.7582577898393464,-0.7194993845091349,-0.4885292248583149,7.459060242975043,Train
GPCR_0046,0.038667773723156836,1.209822796037495,-0.8751294416458181,0.3140535153918265,-0.7582577898393464,0.5868074657903506,-0.4885292248583149,8.729766145338987,Train
Kinase_0389,-0.08604587170859868,0.8564568693599764,0.11667175690282482,1.4393194680678412,-0.7582577898393464,-0.7194993845091349,0.46963060880963725,7.452411575727907,Train
Kinase_0173,0.7930642473761197,0.5906595329986501,0.6285279739144153,2.5645854207438554,0.12045466604305038,0.5868074657903506,0.46963060880963725,7.1054737435878845,Train
Kinase_0126,0.7931853285852756,-0.4196640438885994,1.0859223490494607,0.3140535153918265,1.877879577807844,0.5868074657903506,0.46963060880963725,6.999079343871497,Train
Kinase_0412,0.5815353749787646,0.7671879180667713,0.2217660923989701,0.3140535153918265,0.9991671219254472,-0.7194993845091349,1.4277904424775893,7.4969786862243195,Train
Protease_0118,-0.2977866362219813,-0.4328804860281131,-0.13691619433483734,-0.811212437284188,0.12045466604305038,0.5868074657903506,-0.4885292248583149,7.584838592237718,Train
Protease_0309,-0.8708942694645573,-0.5177439566081469,-0.7440806346303815,1.4393194680678412,0.12045466604305038,-0.06634595935939212,-1.446689058526267,7.7459626121043375,Train
Protease_0249,-0.4788635845163407,-0.8173939342391032,0.4583347180502123,-0.811212437284188,0.12045466604305038,0.5868074657903506,-0.4885292248583149,7.614561592659688,Train
Kinase_0091,1.6741419361096426,2.2449561853620774,-0.7440806346303815,0.3140535153918265,-0.7582577898393464,1.2399608909400932,0.46963060880963725,7.849646632402207,Train
Protease_0285,-0.024990671991160195,-2.080143827077527,2.3274821505788217,2.5645854207438554,0.9991671219254472,0.5868074657903506,-1.446689058526267,8.101367158464493,Train
Kinase_0182,0.4601514627988274,-0.24754113953364973,0.9480658117994566,1.4393194680678412,1.877879577807844,-0.06634595935939212,0.46963060880963725,6.810766366537557,Train
Kinase_0364,0.8548459343485013,1.0575631994594732,0.36302649476625887,1.4393194680678412,0.12045466604305038,-0.06634595935939212,0.46963060880963725,7.429528758314841,Train
Kinase_0275,0.5814142937696053,1.3660241385167735,-1.004476316102612,-1.9364783899602027,0.12045466604305038,-0.06634595935939212,1.4277904424775893,7.775476702342808,Train
Protease_0241,-0.841683427755422,-0.8998614416242546,0.0656137801435638,0.3140535153918265,0.12045466604305038,-0.7194993845091349,-0.4885292248583149,7.920561252535302,Train
Kinase_0070,2.090631025307582,1.3242880054446255,-0.2900901246126204,-0.811212437284188,0.12045466604305038,-1.3726528096588775,1.4277904424775893,7.685839036809233,Train
Kinase_0292,0.7632782699234858,0.39759127297230823,0.9480658117994566,0.3140535153918265,0.9991671219254472,0.5868074657903506,0.46963060880963725,6.857506859801174,Train
Kinase_0132,-0.5105263207109058,-0.47067487319900236,0.9480658117994566,0.3140535153918265,0.9991671219254472,-0.06634595935939212,0.46963060880963725,6.682713446220904,Train
Kinase_0301,2.9696200631831418,1.6558583959622437,-1.004476316102612,-1.9364783899602027,0.12045466604305038,0.5868074657903506,1.4277904424775893,7.72181174836169,Train
GPCR_0073,-1.3768018316249782,0.03301842167356524,-1.5707943749907476,-1.9364783899602027,0.12045466604305038,-1.3726528096588775,-0.4885292248583149,8.10554601014267,Train
Kinase_0327,1.2475728362493734,0.13898182619562932,1.3407867497061052,0.3140535153918265,1.877879577807844,1.8931143160898358,0.46963060880963725,6.8953056310250105,Train
Kinase_0145,0.4723201243191099,1.5890032939114878,-0.7440806346303815,0.3140535153918265,-1.6369702457217434,-0.7194993845091349,0.46963060880963725,7.656428419137264,Train
Kinase_0441,1.8178653313790518,1.6733257405442898,-0.7440806346303815,0.3140535153918265,-1.6369702457217434,-0.7194993845091349,0.46963060880963725,7.624338817340896,Train
GPCR_0141,-0.7210562731327181,0.532538103238919,-1.5707943749907476,-1.9364783899602027,0.12045466604305038,0.5868074657903506,-0.4885292248583149,8.443516376309358,Train
GPCR_0201,-1.5390203815931283,-0.7166089017833985,-0.9836276422592474,0.3140535153918265,0.12045466604305038,0.5868074657903506,-0.4885292248583149,8.544398371511774,Train
Kinase_0136,0.4282768344882356,-0.6244029633480797,2.320674420344254,2.5645854207438554,2.7565920336902408,0.5868074657903506,0.46963060880963725,6.7961561607526315,Train
Kinase_0425,0.5814142937696053,1.3660241385167735,-1.004476316102612,-1.9364783899602027,0.12045466604305038,-0.06634595935939212,1.4277904424775893,8.019509392437774,Train
Kinase_0165,0.3386767397120219,-0.036000776166115675,0.9480658117994566,0.3140535153918265,0.9991671219254472,0.5868074657903506,0.46963060880963725,6.907667419386648,Train
Kinase_0029,0.09711972744371848,1.4925464530336363,-1.3971972540092605,-1.9364783899602027,-0.7582577898393464,-0.7194993845091349,1.4277904424775893,7.93266019651218,Train
GPCR_0121,-1.0547258152672414,-1.2421750219511847,-0.12287525072604068,1.4393194680678412,0.9991671219254472,1.2399608909400932,-0.4885292248583149,9.0,Train
Kinase_0194,0.8229713060379078,-0.16252309068297824,1.3407867497061052,0.3140535153918265,1.877879577807844,1.2399608909400932,0.46963060880963725,6.476247183193202,Train
Kinase_0405,2.0962007609288085,-0.31045449568314676,2.2696164435849924,0.3140535153918265,1.877879577807844,-0.7194993845091349,1.4277904424775893,6.5825241792781135,Train
Protease_0216,-0.5677674623398989,-0.0809057637863344,-0.7440806346303815,0.3140535153918265,-0.7582577898393464,1.2399608909400932,-1.446689058526267,7.327276629987777,Train
Kinase_0170,2.090631025307582,1.3242880054446255,-0.2900901246126204,-0.811212437284188,0.12045466604305038,-1.3726528096588775,1.4277904424775893,7.669546575346378,Train
GPCR_0057,-0.6911492144709275,-0.5211446785621734,0.11667175690282482,1.4393194680678412,-0.7582577898393464,0.5868074657903506,-0.4885292248583149,9.0,Train
Kinase_0141,1.0048050118895007,0.03850595028119939,1.5433167241845063,0.3140535153918265,0.9991671219254472,-0.7194993845091349,1.4277904424775893,6.96912799019062,Train
Kinase_0174,-0.5703404380344854,1.0839960837385003,-0.7440806346303815,0.3140535153918265,-1.6369702457217434,-0.7194993845091349,0.46963060880963725,7.508818796222497,Train
Kinase_0007,0.8229713060379078,-0.16252309068297824,1.3407867497061052,0.3140535153918265,1.877879577807844,1.2399608909400932,0.46963060880963725,6.8999899223261085,Train
Protease_0031,-0.4801954778170676,-1.5202613308281985,1.6526658910772565,0.3140535153918265,0.12045466604305038,-0.06634595935939212,-0.4885292248583149,7.852566723823816,Train
GPCR_0067,-1.2650438755730253,0.8129585440025612,-1.3869856586574083,-0.811212437284188,-1.6369702457217434,-1.3726528096588775,-0.4885292248583149,8.3068884531712,Train
Kinase_0074,0.5502964230162453,0.36141995764311236,0.43620959478786614,-0.811212437284188,0.12045466604305038,-0.7194993845091349,1.4277904424775893,7.428205548372102,Train
Protease_0027,-0.5080744262254768,-0.6695398183742544,-0.017780915229895392,0.3140535153918265,-0.7582577898393464,1.2399608909400932,-1.446689058526267,7.370509001142601,Train
GPCR_0083,-1.2052297582494464,-0.6107227863966538,-1.3325238167808635,0.3140535153918265,0.12045466604305038,-0.7194993845091349,-0.4885292248583149,8.249314361479016,Train
Kinase_0239,0.12702678610551008,0.9733334997890544,-0.2900901246126204,-0.811212437284188,0.12045466604305038,-1.3726528096588775,1.4277904424775893,7.654149030284742,Train
Kinase_0146,-0.5703404380344854,1.0839960837385003,-0.7440806346303815,0.3140535153918265,-1.6369702457217434,-0.7194993845091349,0.46963060880963725,7.574919430766597,Train
Protease_0137,-0.539192296978836,-1.1098560222854124,1.0893262141667448,1.4393194680678412,-0.7582577898393464,-0.06634595935939212,-1.446689058526267,7.978651179479801,Train
Kinase_0235,-0.7520833329792092,1.057872356000749,-1.3971972540092605,-1.9364783899602027,-0.7582577898393464,-1.3726528096588775,1.4277904424775893,8.253615613398798,Train
Kinase_0221,0.3983697758264449,-0.46402800756158613,1.3407867497061052,0.3140535153918265,1.877879577807844,0.5868074657903506,0.46963060880963725,6.951825785001025,Train
GPCR_0044,-1.2053508394586023,0.3470441784738183,-0.5262332671242019,0.3140535153918265,-0.7582577898393464,-1.3726528096588775,-0.4885292248583149,8.813353079184079,Train
Protease_0002,-0.3886883539966317,-1.2192201487615033,0.5774699971551543,0.3140535153918265,0.12045466604305038,0.5868074657903506,-0.4885292248583149,7.526975425622073,Train
Kinase_0133,0.6113213524313968,0.7416052142762517,0.10263081329402814,-0.811212437284188,0.9991671219254472,-0.7194993845091349,1.4277904424775893,7.4463764429410855,Train
Protease_0338,-0.7223881664334452,-0.7343854029067208,-0.13691619433483734,-0.811212437284188,0.12045466604305038,-0.06634595935939212,-0.4885292248583149,7.329611913257817,Train
Protease_0270,-0.2977866362219813,-0.4328804860281131,-0.13691619433483734,-0.811212437284188,0.12045466604305038,0.5868074657903506,-0.4885292248583149,7.552152994879606,Train
GPCR_0216,0.3094356277005955,-1.6883652001465705,0.7153265344051591,0.3140535153918265,0.9991671219254472,-0.7194993845091349,-0.4885292248583149,8.887686150614837,Train
Kinase_0186,1.0677975109534517,1.9173275407457173,-1.3971972540092605,-1.9364783899602027,0.12045466604305038,-0.06634595935939212,1.4277904424775893,8.358082074113815,Train
Kinase_0042,-0.5703404380344854,1.0839960837385003,-0.7440806346303815,0.3140535153918265,-1.6369702457217434,-0.7194993845091349,0.46963060880963725,7.483351242178496,Train
GPCR_0171,-1.5390203815931283,-0.7166089017833985,-0.9836276422592474,0.3140535153918265,0.12045466604305038,0.5868074657903506,-0.4885292248583149,8.61837674965556,Train
Kinase_0109,-0.5105263207109058,-0.47067487319900236,0.9480658117994566,0.3140535153918265,0.9991671219254472,-0.06634595935939212,0.46963060880963725,6.711061558608415,Train
GPCR_0149,-0.2055227548443137,-0.7037789053204792,-0.5909067043525992,0.3140535153918265,0.9991671219254472,2.5462677412395784,-0.4885292248583149,9.0,Train
Kinase_0057,0.12702678610551008,0.9733334997890544,-0.2900901246126204,-0.811212437284188,0.12045466604305038,-1.3726528096588775,1.4277904424775893,7.627534371516605,Train
Kinase_0423,-0.29757474410595375,0.7349583486388352,-0.2900901246126204,-0.811212437284188,0.12045466604305038,-1.3726528096588775,1.4277904424775893,7.63617937772814,Train
GPCR_0207,-0.4545262614757739,-0.07255853717190441,-1.1214841795092518,0.3140535153918265,-0.7582577898393464,-0.06634595935939212,-0.4885292248583149,8.786899932884445,Train
Protease_0240,-1.1767756740975421,-1.2659027864940537,0.5774699971551543,0.3140535153918265,-0.7582577898393464,-0.06634595935939212,-0.4885292248583149,7.471302926051954,Train
Protease_0206,-0.7521741438860774,-1.064410010717963,-0.017780915229895392,0.3140535153918265,-0.7582577898393464,-0.06634595935939212,-0.4885292248583149,7.731171167484696,Train
Kinase_0025,-0.26778876665332235,0.8303331416222252,-0.5364448624760538,-0.811212437284188,0.12045466604305038,-1.3726528096588775,1.4277904424775893,7.7025685913212225,Train
GPCR_0094,-0.35614777903567474,0.8827351753683665,-0.9942647207507601,-0.811212437284188,-0.7582577898393464,-0.06634595935939212,-0.4885292248583149,8.602000201358264,Train
Protease_0238,-0.5378604036781082,-1.0339580914023587,-0.2322244176187911,1.4393194680678412,0.12045466604305038,1.2399608909400932,-1.446689058526267,7.525933994029973,Train
GPCR_0090,-0.2976655550128228,-0.573469423172996,0.254528294152829,1.4393194680678412,0.12045466604305038,-0.7194993845091349,-0.4885292248583149,9.0,Train
GPCR_0179,0.6985603636290473,1.1639130496581322,-1.3869856586574083,-0.811212437284188,-1.6369702457217434,-1.3726528096588775,-0.4885292248583149,8.31418533933519,Train
Protease_0038,-0.3289045069753414,-1.5989416705827286,1.3037697165556408,0.3140535153918265,0.12045466604305038,0.5868074657903506,-0.4885292248583149,7.491387253745772,Train
Protease_0272,-0.023779859899590857,-1.4625263467450604,0.8429714763033114,1.4393194680678412,0.12045466604305038,2.5462677412395784,-1.446689058526267,7.695616252690602,Train
Kinase_0339,1.139780289797314,1.661732370246472,-1.3971972540092605,-1.9364783899602027,-0.7582577898393464,-0.06634595935939212,1.4277904424775893,8.042420718141344,Train
Kinase_0052,0.5815353749787646,0.7671879180667713,0.2217660923989701,0.3140535153918265,0.9991671219254472,-0.7194993845091349,1.4277904424775893,7.607912657937553,Train
Kinase_0384,1.636122436434328,1.6472020128065386,-1.3971972540092605,-1.9364783899602027,-0.7582577898393464,-1.3726528096588775,1.4277904424775893,7.962243746747886,Train
GPCR_0074,-1.2650438755730253,0.8129585440025612,-1.3869856586574083,-0.811212437284188,-1.6369702457217434,-1.3726528096588775,-0.4885292248583149,8.478879200098671,Train
Protease_0266,1.8204383070736385,0.20769186749403526,-0.7440806346303815,0.3140535153918265,-0.7582577898393464,1.2399608909400932,-1.446689058526267,7.820695323393716,Train
Protease_0182,-1.2970093147904853,-0.48706016988658635,-0.7440806346303815,0.3140535153918265,-0.7582577898393464,-0.06634595935939212,-1.446689058526267,7.379509709642045,Train
Kinase_0265,-0.29757474410595375,0.7349583486388352,-0.2900901246126204,-0.811212437284188,0.12045466604305038,-1.3726528096588775,1.4277904424775893,7.635638777291026,Train
GPCR_0096,-0.8105352866997708,0.6068129622802781,-0.8751294416458181,0.3140535153918265,-0.7582577898393464,-0.7194993845091349,-0.4885292248583149,8.793828625672052,Train
Protease_0055,-0.9326759564369398,-0.7367813661016035,-0.35135969672373335,0.3140535153918265,0.12045466604305038,0.5868074657903506,-1.446689058526267,7.545208817760752,Train
Protease_0026,-1.2970093147904853,-0.48706016988658635,-0.7440806346303815,0.3140535153918265,-0.7582577898393464,-0.06634595935939212,-1.446689058526267,7.217870468487779,Train
Kinase_0396,-0.7520833329792092,1.057872356000749,-1.3971972540092605,-1.9364783899602027,-0.7582577898393464,-1.3726528096588775,1.4277904424775893,7.861647652184295,Train
GPCR_0076,-0.7819601213387105,-1.3394047541822254,-0.010973184995327418,0.3140535153918265,0.12045466604305038,-0.7194993845091349,-0.4885292248583149,8.630741451829206,Train
GPCR_0015,-0.7819601213387105,-1.3394047541822254,-0.010973184995327418,0.3140535153918265,0.12045466604305038,-0.7194993845091349,-0.4885292248583149,8.740900868027197,Train
Kinase_0019,-0.5105263207109058,-0.47067487319900236,0.9480658117994566,0.3140535153918265,0.9991671219254472,-0.06634595935939212,0.46963060880963725,6.536225388671818,Train
Protease_0242,-1.1767756740975421,-1.2659027864940537,0.5774699971551543,0.3140535153918265,-0.7582577898393464,-0.06634595935939212,-0.4885292248583149,7.5931358964270315,Train
GPCR_0052,-0.7189676222747561,0.7977171265176948,-1.3869856586574083,0.3140535153918265,-0.7582577898393464,-1.3726528096588775,-0.4885292248583149,8.481819940132134,Train
GPCR_0127,-0.7807493092471386,0.5812302584897585,-0.9942647207507601,-0.811212437284188,-0.7582577898393464,-0.7194993845091349,-0.4885292248583149,8.34816268509759,Train
GPCR_0001,1.3721654004719712,1.1727240110844748,-1.4516590958858056,-0.811212437284188,0.12045466604305038,3.1994211663893215,-0.4885292248583149,8.965961116479466,Train
Kinase_0368,1.5506996433740352,1.0156724881166888,-0.1522335873626159,-0.811212437284188,0.9991671219254472,-0.06634595935939212,1.4277904424775893,7.691534860117269,Train
Kinase_0084,0.7631571887143281,1.3921478662545248,-0.35135969672373335,0.3140535153918265,-0.7582577898393464,0.5868074657903506,0.46963060880963725,7.370584467258954,Train
Kinase_0062,0.8216394127371809,-0.7039334835911165,2.535117922733149,1.4393194680678412,1.877879577807844,0.5868074657903506,0.46963060880963725,6.183332153500428,Train
Protease_0271,-1.26779847308135,-0.869177654902694,0.0656137801435638,-0.811212437284188,-0.7582577898393464,-0.7194993845091349,-0.4885292248583149,7.604327760650855,Train
Kinase_0273,-0.29757474410595375,0.7349583486388352,-0.2900901246126204,-0.811212437284188,0.12045466604305038,-1.3726528096588775,1.4277904424775893,7.8479985628232445,Train
Kinase_0286,-0.0859247904994419,-0.2322997220487838,0.9480658117994566,0.3140535153918265,0.9991671219254472,-0.06634595935939212,0.46963060880963725,6.459508830071624,Train
Kinase_0361,1.2475728362493734,0.13898182619562932,1.3407867497061052,0.3140535153918265,1.877879577807844,1.8931143160898358,0.46963060880963725,6.799490977136177,Train
Kinase_0355,2.090631025307582,1.3242880054446255,-0.2900901246126204,-0.811212437284188,0.12045466604305038,-1.3726528096588775,1.4277904424775893,7.779754568814598,Train
GPCR_0065,0.3094356277005955,-1.6883652001465705,0.7153265344051591,0.3140535153918265,0.9991671219254472,-0.7194993845091349,-0.4885292248583149,8.986546395076815,Train
Kinase_0279,1.0360439638520191,0.3842975416974754,0.7336223094105606,1.4393194680678412,1.877879577807844,-0.06634595935939212,1.4277904424775893,7.508365312748502,Train
Kinase_0013,-0.7520833329792092,1.057872356000749,-1.3971972540092605,-1.9364783899602027,-0.7582577898393464,-1.3726528096588775,1.4277904424775893,7.968318340734905,Train
Kinase_0183,-0.20752059479540413,1.1653815432291887,-1.3971972540092605,-1.9364783899602027,-0.7582577898393464,-1.3726528096588775,1.4277904424775893,7.784095125290833,Train
Kinase_0369,-0.5703404380344854,1.0839960837385003,-0.7440806346303815,0.3140535153918265,-1.6369702457217434,-0.7194993845091349,0.46963060880963725,7.472297414782325,Train
Protease_0237,-0.2991185295227083,-1.135747882617208,1.0574149786922067,0.3140535153918265,0.12045466604305038,0.5868074657903506,-0.4885292248583149,8.066689419679472,Train
GPCR_0176,-0.38593375648830697,0.6255942221627447,-1.249129121407404,-0.811212437284188,-0.7582577898393464,-0.7194993845091349,-0.4885292248583149,8.363609446282963,Train
Kinase_0224,1.442997907828843,2.046941420675331,-0.7440806346303815,0.3140535153918265,-0.7582577898393464,-0.06634595935939212,0.46963060880963725,7.618779619321552,Train
GPCR_0132,-0.5086495619689729,-0.7016148095315529,0.37834388779403655,1.4393194680678412,1.877879577807844,1.8931143160898358,-0.4885292248583149,9.0,Train
Protease_0077,-1.3273704279866154,-1.855696178111755,1.0893262141667448,1.4393194680678412,0.12045466604305038,0.5868074657903506,-1.446689058526267,7.830315450030522,Train
Protease_0299,-0.47816736756368694,-1.3897199812747576,0.1200756220201091,0.3140535153918265,0.12045466604305038,1.2399608909400932,-1.446689058526267,7.358863835052297,Train
Protease_0171,1.3980767792315785,-1.5218844026698928,2.541925652967717,1.4393194680678412,0.9991671219254472,1.2399608909400932,-0.4885292248583149,8.559134521117342,Train
Protease_0211,-0.798911490620695,-0.27892052847307947,-0.7440806346303815,0.3140535153918265,-0.7582577898393464,-0.06634595935939212,-1.446689058526267,7.697373525076031,Train
GPCR_0169,-0.7508422505853487,-0.003152893655629063,0.1128424086458801,0.3140535153918265,0.12045466604305038,-0.7194993845091349,-0.4885292248583149,9.0,Train
Kinase_0177,0.5502964230162453,0.36141995764311236,0.43620959478786614,-0.811212437284188,0.12045466604305038,-0.7194993845091349,1.4277904424775893,7.195459283781687,Train
Protease_0009,-0.7697006489115598,-0.661038013489187,0.0656137801435638,-0.811212437284188,-0.7582577898393464,-0.7194993845091349,-0.4885292248583149,7.3657398645486145,Train
Protease_0083,-0.539192296978836,-1.1098560222854124,1.0893262141667448,1.4393194680678412,-0.7582577898393464,-0.06634595935939212,-1.446689058526267,7.763909677505442,Train
GPCR_0146,-0.3872656497890348,-0.12186900550529363,0.4464211901397181,0.3140535153918265,-0.7582577898393464,-0.7194993845091349,-0.4885292248583149,8.84575959380872,Train
GPCR_0007,-1.2052297582494464,-0.6107227863966538,-1.3325238167808635,0.3140535153918265,0.12045466604305038,-0.7194993845091349,-0.4885292248583149,8.335263349826457,Train
GPCR_0079,-0.02435499564308526,-1.4990841077508494,0.8429714763033114,1.4393194680678412,0.12045466604305038,1.2399608909400932,-0.4885292248583149,9.0,Train
Kinase_0394,2.090631025307582,1.3242880054446255,-0.2900901246126204,-0.811212437284188,0.12045466604305038,-1.3726528096588775,1.4277904424775893,8.057325814878155,Train
Kinase_0164,-0.7520833329792092,1.057872356000749,-1.3971972540092605,-1.9364783899602027,-0.7582577898393464,-1.3726528096588775,1.4277904424775893,7.8089216522472435,Train
Kinase_0249,-0.7520833329792092,1.057872356000749,-1.3971972540092605,-1.9364783899602027,-0.7582577898393464,-1.3726528096588775,1.4277904424775893,8.196842136042164,Train
GPCR_0195,-0.41584081515009774,1.3107624067638375,-1.3869856586574083,-0.811212437284188,-1.6369702457217434,-0.06634595935939212,-0.4885292248583149,8.367357373318452,Train
Protease_0275,0.006127198762199871,-1.915286101442543,0.9808280135533155,1.4393194680678412,0.9991671219254472,1.8931143160898358,-1.446689058526267,7.835173159372728,Train
Protease_0013,-1.237316278676064,-1.0744575983094058,-0.017780915229895392,0.3140535153918265,-0.7582577898393464,0.5868074657903506,-1.446689058526267,7.125284984697605,Train
Kinase_0376,1.1878798001349513,0.9978186978580474,-0.09436788036878661,1.4393194680678412,0.12045466604305038,0.5868074657903506,0.46963060880963725,7.284110865566793,Train
Kinase_0413,0.7034641525999069,1.9522622299098116,-0.7440806346303815,0.3140535153918265,-1.6369702457217434,-0.06634595935939212,0.46963060880963725,7.486556874389658,Train
Kinase_0075,-0.7520833329792092,1.057872356000749,-1.3971972540092605,-1.9364783899602027,-0.7582577898393464,-1.3726528096588775,1.4277904424775893,7.539062234386538,Train
Kinase_0114,0.7450858182476416,1.2399655588118228,-0.2900901246126204,-0.811212437284188,0.12045466604305038,-1.3726528096588775,1.4277904424775893,8.202810316872794,Train
GPCR_0129,-1.2053508394586023,0.3470441784738183,-0.5262332671242019,0.3140535153918265,-0.7582577898393464,-1.3726528096588775,-0.4885292248583149,8.898888428914626,Train
GPCR_0119,0.21983553292438268,-0.4044380842307977,-1.4516590958858056,0.3140535153918265,0.9991671219254472,0.5868074657903506,-0.4885292248583149,8.722321714690347,Train
Kinase_0391,-0.5105263207109058,-0.47067487319900236,0.9480658117994566,0.3140535153918265,0.9991671219254472,-0.06634595935939212,0.46963060880963725,6.537666799297747,Train
Kinase_0105,2.095444003371576,-0.033836680377189565,2.067086469106591,0.3140535153918265,2.7565920336902408,1.2399608909400932,0.46963060880963725,6.5582761432501,Train
Kinase_0115,-0.29757474410595375,0.7349583486388352,-0.2900901246126204,-0.811212437284188,0.12045466604305038,-1.3726528096588775,1.4277904424775893,7.6446698552828325,Train
Kinase_0418,-0.32748180276774536,1.296247507150968,-1.3971972540092605,-1.9364783899602027,-0.7582577898393464,-1.3726528096588775,1.4277904424775893,8.02926819514393,Train
Protease_0323,-0.32757261367461354,-0.7999265896570564,-0.3917805949914814,-0.811212437284188,-0.7582577898393464,-0.06634595935939212,-0.4885292248583149,7.196658814088902,Train
GPCR_0008,-0.35614777903567474,0.8827351753683665,-0.9942647207507601,-0.811212437284188,-0.7582577898393464,-0.06634595935939212,-0.4885292248583149,8.75047184306868,Train
Kinase_0410,2.9745541224562966,-0.65253620860412,2.5789426861181814,1.4393194680678412,2.7565920336902408,2.5462677412395784,0.46963060880963725,6.157015825108813,Train
Kinase_0093,2.702545186084996,0.04669859862499113,2.3274821505788217,2.5645854207438554,0.9991671219254472,1.2399608909400932,0.46963060880963725,6.260079035918396,Train
GPCR_0123,-1.4785705879214726,-0.5358296142727444,-1.4516590958858056,0.3140535153918265,0.9991671219254472,-1.3726528096588775,-0.4885292248583149,8.805738768113038,Train
Kinase_0090,1.0359228826428615,1.0431101311548598,0.10263081329402814,-0.811212437284188,0.9991671219254472,-0.06634595935939212,1.4277904424775893,7.741193114967003,Train
Kinase_0337,2.090631025307582,1.3242880054446255,-0.2900901246126204,-0.811212437284188,0.12045466604305038,-1.3726528096588775,1.4277904424775893,7.658782420481125,Train
Protease_0336,-0.32757261367461354,-0.7999265896570564,-0.3917805949914814,-0.811212437284188,-0.7582577898393464,-0.06634595935939212,-0.4885292248583149,7.606534783684084,Train
Protease_0267,-0.7820812025478682,-0.11135768310193804,-0.5296371322414859,-0.811212437284188,-0.7582577898393464,0.5868074657903506,-0.4885292248583149,7.110326201874619,Train
Protease_0279,-0.3886883539966317,-1.849744914692209,1.23569241420996,1.4393194680678412,0.9991671219254472,1.8931143160898358,-1.446689058526267,7.7178311198028915,Train
GPCR_0166,-1.509234404140496,-0.349562798154455,-0.7287632416026036,0.3140535153918265,0.12045466604305038,1.2399608909400932,-0.4885292248583149,9.0,Train
GPCR_0154,-1.2053508394586023,0.3470441784738183,-0.5262332671242019,0.3140535153918265,-0.7582577898393464,-1.3726528096588775,-0.4885292248583149,8.92449486727628,Train
GPCR_0172,-0.41584081515009774,1.3107624067638375,-1.3869856586574083,-0.811212437284188,-1.6369702457217434,-0.06634595935939212,-0.4885292248583149,8.525578979686278,Train
Kinase_0095,-0.26778876665332235,0.8303331416222252,-0.5364448624760538,-0.811212437284188,0.12045466604305038,-1.3726528096588775,1.4277904424775893,7.725409777030177,Train
Kinase_0012,1.8178653313790518,1.6733257405442898,-0.7440806346303815,0.3140535153918265,-1.6369702457217434,-0.7194993845091349,0.46963060880963725,7.496869536964462,Train
Kinase_0397,1.1573976057296653,1.1717192523253293,0.5706622669205863,0.3140535153918265,1.877879577807844,-0.7194993845091349,1.4277904424775893,7.605446820636369,Train
GPCR_0092,-0.7189676222747561,0.7977171265176948,-1.3869856586574083,0.3140535153918265,-0.7582577898393464,-1.3726528096588775,-0.4885292248583149,8.662659737060126,Train
Kinase_0044,-0.29757474410595547,0.7349583486388346,-0.2900901246126204,-0.811212437284188,0.12045466604305038,-1.3726528096588775,1.4277904424775893,7.628358445661607,Train
Kinase_0043,-0.7520833329792092,1.057872356000749,-1.3971972540092605,-1.9364783899602027,-0.7582577898393464,-1.3726528096588775,1.4277904424775893,7.9146767576417645,Train
Kinase_0330,-0.5105263207109058,-0.47067487319900236,0.9480658117994566,0.3140535153918265,0.9991671219254472,-0.06634595935939212,0.46963060880963725,6.766680826389642,Train
Kinase_0168,0.703464152599906,1.8201750976499957,-0.7440806346303815,0.3140535153918265,-1.6369702457217434,0.5868074657903506,0.46963060880963725,7.891377947398093,Train
Kinase_0417,0.5217212576551823,1.7940513699122445,-1.3971972540092605,-1.9364783899602027,-0.7582577898393464,-0.06634595935939212,1.4277904424775893,8.31390979632838,Train
Protease_0222,-0.5080744262254776,-0.6683031922091539,-0.017780915229895392,0.3140535153918265,-0.7582577898393464,1.8931143160898358,-1.446689058526267,7.2326982593050495,Train
Protease_0268,-0.3289045069753414,-1.5989416705827286,1.3037697165556408,0.3140535153918265,0.12045466604305038,0.5868074657903506,-0.4885292248583149,7.651308403513684,Train
Protease_0101,0.1268148939894825,-0.6040759207592376,0.3311152592917208,0.3140535153918265,0.12045466604305038,1.8931143160898358,-0.4885292248583149,7.500754704852748,Train
Kinase_0101,-0.29757474410595375,0.7349583486388352,-0.2900901246126204,-0.811212437284188,0.12045466604305038,-1.3726528096588775,1.4277904424775893,7.461218388692438,Train
Kinase_0427,-0.0859247904994419,-0.2322997220487838,0.9480658117994566,0.3140535153918265,0.9991671219254472,-0.06634595935939212,0.46963060880963725,6.607583480912984,Train
Protease_0228,0.46051470642629594,-1.0426917636933821,0.7676609605834017,0.3140535153918265,0.9991671219254472,3.1994211663893215,-1.446689058526267,7.325896615290089,Train
Protease_0308,-0.811201233350136,-1.1051413850309664,-0.017780915229895392,1.4393194680678412,0.12045466604305038,0.5868074657903506,-1.446689058526267,7.41860817274244,Train
Protease_0028,-0.44971328341178163,-1.2340596627427114,1.569271195703798,1.4393194680678412,0.12045466604305038,0.5868074657903506,-1.446689058526267,8.118978010163397,Train
GPCR_0173,-1.2650438755730253,0.8129585440025612,-1.3869856586574083,-0.811212437284188,-1.6369702457217434,-1.3726528096588775,-0.4885292248583149,8.27724426180478,Train
Kinase_0258,0.24698799407785127,0.8424675358672751,-0.2900901246126204,-0.811212437284188,0.12045466604305038,-1.3726528096588775,1.4277904424775893,7.580078580157183,Train
Kinase_0336,-0.5703404380344854,1.0839960837385003,-0.7440806346303815,0.3140535153918265,-1.6369702457217434,-0.7194993845091349,0.46963060880963725,7.435587392774679,Train
Kinase_0016,-0.5703404380344854,1.0839960837385003,-0.7440806346303815,0.3140535153918265,-1.6369702457217434,-0.7194993845091349,0.46963060880963725,7.373302870613855,Train
Protease_0169,-1.1767756740975421,-1.2659027864940537,0.5774699971551543,0.3140535153918265,-0.7582577898393464,-0.06634595935939212,-0.4885292248583149,7.652989177886167,Train
Kinase_0325,1.8776794487026316,0.11865478360678701,0.9480658117994566,0.3140535153918265,0.9991671219254472,-0.06634595935939212,0.46963060880963725,6.630609392775043,Train
Protease_0325,-0.7521741438860774,-1.064410010717963,-0.017780915229895392,0.3140535153918265,-0.7582577898393464,-0.06634595935939212,-0.4885292248583149,7.876240888267051,Train
Kinase_0223,1.1878798001349513,0.5834716434140024,0.500883032016263,1.4393194680678412,0.12045466604305038,0.5868074657903506,0.46963060880963725,7.146637028556177,Train
Kinase_0180,0.5800824004688783,0.8246137456086338,0.18985485692443205,-0.811212437284188,0.12045466604305038,-0.7194993845091349,1.4277904424775893,7.878801374988443,Train
Protease_0331,0.4008216703118738,-0.9582147387899425,0.37494002267675314,0.3140535153918265,0.12045466604305038,2.5462677412395784,-1.446689058526267,7.390320964717765,Train
GPCR_0072,0.6985603636290473,1.1639130496581322,-1.3869856586574083,-0.811212437284188,-1.6369702457217434,-1.3726528096588775,-0.4885292248583149,8.363416730805058,Train
Kinase_0023,2.848357232212365,0.6129188039704622,0.9480658117994566,0.3140535153918265,1.877879577807844,0.5868074657903506,0.46963060880963725,7.051332230703187,Train
Kinase_0357,-0.5703404380344854,1.0839960837385003,-0.7440806346303815,0.3140535153918265,-1.6369702457217434,-0.7194993845091349,0.46963060880963725,7.454869029601142,Train
Protease_0302,-0.3289045069753414,-1.5989416705827286,1.3037697165556408,0.3140535153918265,0.12045466604305038,0.5868074657903506,-0.4885292248583149,7.765595308835837,Train
Protease_0207,-0.7392184545062738,-0.866317956895899,-0.017780915229895392,0.3140535153918265,-0.7582577898393464,0.5868074657903506,-1.446689058526267,7.401306554165984,Train
Kinase_0341,-0.7520833329792092,1.057872356000749,-1.3971972540092605,-1.9364783899602027,-0.7582577898393464,-1.3726528096588775,1.4277904424775893,7.808690940665035,Train
Kinase_0432,-0.29757474410595375,0.7349583486388352,-0.2900901246126204,-0.811212437284188,0.12045466604305038,-1.3726528096588775,1.4277904424775893,7.367639173335985,Train
GPCR_0110,0.9164459995071482,-0.03878318503759205,-0.010973184995327116,0.3140535153918265,0.12045466604305038,-0.06634595935939212,-0.4885292248583149,9.0,Train
Protease_0179,0.5522034520604701,-1.7862905345954796,1.8156259335672313,1.4393194680678412,0.12045466604305038,0.5868074657903506,-1.446689058526267,7.931524471048596,Train
Kinase_0204,0.21859445053052395,1.2810060896661015,-1.3971972540092605,-0.811212437284188,0.12045466604305038,-1.3726528096588775,1.4277904424775893,8.357005307805236,Train
Protease_0045,-0.8708942694645573,-0.5177439566081469,-0.7440806346303815,1.4393194680678412,0.12045466604305038,-0.06634595935939212,-1.446689058526267,7.786241591515102,Train
Kinase_0094,0.8216394127371809,-0.7039334835911165,2.535117922733149,1.4393194680678412,1.877879577807844,0.5868074657903506,0.46963060880963725,6.162031678010336,Train
Protease_0295,-1.3877596810536914,-0.7973760481915361,0.0656137801435638,-0.811212437284188,-0.7582577898393464,-0.7194993845091349,-0.4885292248583149,7.638813011448934,Train
Kinase_0069,-0.29757474410595375,0.7349583486388352,-0.2900901246126204,-0.811212437284188,0.12045466604305038,-1.3726528096588775,1.4277904424775893,7.727769403757145,Train
Protease_0126,-0.8708942694645573,-0.5177439566081469,-0.7440806346303815,1.4393194680678412,0.12045466604305038,-0.06634595935939212,-1.446689058526267,8.020828605409642,Train
Kinase_0285,-0.7520833329792092,1.057872356000749,-1.3971972540092605,-1.9364783899602027,-0.7582577898393464,-1.3726528096588775,1.4277904424775893,8.25197900619844,Train
Protease_0150,-0.9326759564369415,-0.9698081090877616,-0.017780915229895392,0.3140535153918265,-0.7582577898393464,1.2399608909400932,-1.446689058526267,7.515297791520375,Train
Kinase_0435,0.3386767397120219,-0.036000776166115675,0.9480658117994566,0.3140535153918265,0.9991671219254472,0.5868074657903506,0.46963060880963725,6.988514557814405,Train
Kinase_0154,1.155884090615202,0.9713085244437017,0.10263081329402814,-0.811212437284188,0.9991671219254472,-0.06634595935939212,1.4277904424775893,7.6586000545741495,Train
Kinase_0076,-0.29757474410595375,0.7349583486388352,-0.2900901246126204,-0.811212437284188,0.12045466604305038,-1.3726528096588775,1.4277904424775893,7.796809375656284,Train
Protease_0075,-1.2975844505339824,-1.4572706855433828,0.8429714763033114,1.4393194680678412,0.12045466604305038,0.5868074657903506,-1.446689058526267,7.533503234838282,Train
Kinase_0447,-0.5105263207109058,-0.47067487319900236,0.9480658117994566,0.3140535153918265,0.9991671219254472,-0.06634595935939212,0.46963060880963725,6.727418736914528,Train
Kinase_0189,0.15681276355814144,1.0645192216381647,-1.004476316102612,-1.9364783899602027,0.12045466604305038,-0.7194993845091349,1.4277904424775893,7.737202942289741,Train
Kinase_0272,1.883794049765064,0.8715282507471418,0.8289305326945147,-0.811212437284188,1.877879577807844,-0.06634595935939212,1.4277904424775893,7.260263677323085,Train
Kinase_0237,-0.7520833329792092,1.057872356000749,-1.3971972540092605,-1.9364783899602027,-0.7582577898393464,-1.3726528096588775,1.4277904424775893,7.628252612001359,Train
GPCR_0038,-1.2650438755730253,0.8129585440025612,-1.3869856586574083,-0.811212437284188,-1.6369702457217434,-1.3726528096588775,-0.4885292248583149,8.451360120643985,Train
Kinase_0118,1.5207925847122454,1.564270770609475,-0.2900901246126204,-0.811212437284188,0.12045466604305038,-0.06634595935939212,1.4277904424775893,7.65363029435707,Train
Protease_0164,-0.47816736756368694,-1.3897199812747576,0.1200756220201091,0.3140535153918265,0.12045466604305038,1.2399608909400932,-1.446689058526267,7.286394168188467,Train
GPCR_0063,-0.41584081515009774,1.3107624067638375,-1.3869856586574083,-0.811212437284188,-1.6369702457217434,-0.06634595935939212,-0.4885292248583149,8.648017486124834,Train
Protease_0264,-0.8729829203225186,-1.3241787945244232,0.37494002267675314,0.3140535153918265,0.12045466604305038,1.2399608909400932,-1.446689058526267,7.1664603637558555,Train
GPCR_0152,-1.084632873929032,-0.5853719500120895,-0.7287632416026036,0.3140535153918265,0.12045466604305038,1.8931143160898358,-0.4885292248583149,8.707819375618758,Train
Kinase_0127,0.5516283163169731,1.1088831853111523,-1.259340716759256,-1.9364783899602027,0.12045466604305038,-0.7194993845091349,1.4277904424775893,7.781525551230398,Train
Kinase_0117,-0.02623175438501894,-0.6982140875775262,1.8088182033326634,1.4393194680678412,1.877879577807844,-0.06634595935939212,0.46963060880963725,6.519424234544213,Train
GPCR_0024,-0.8404423453615616,1.0092574898852296,-1.3869856586574083,-0.811212437284188,-1.6369702457217434,-0.7194993845091349,-0.4885292248583149,8.541321035747465,Train
Protease_0037,-0.841683427755422,-0.8998614416242546,0.0656137801435638,0.3140535153918265,0.12045466604305038,-0.7194993845091349,-0.4885292248583149,7.832652321470115,Train
Kinase_0058,0.3983697758264449,-0.46402800756158613,1.3407867497061052,0.3140535153918265,1.877879577807844,0.5868074657903506,0.46963060880963725,6.558245143622317,Train
Protease_0018,-0.567767462339898,-0.08214238995143494,-0.7440806346303815,0.3140535153918265,-0.7582577898393464,0.5868074657903506,-1.446689058526267,7.611702027316164,Train
Protease_0258,-0.05356583735222224,-1.0524301947435497,0.4940753017816951,1.4393194680678412,0.12045466604305038,1.8931143160898358,-1.446689058526267,7.692168779457102,Train
Kinase_0370,-0.0859247904994419,-0.2322997220487838,0.9480658117994566,0.3140535153918265,0.9991671219254472,-0.06634595935939212,0.46963060880963725,6.6363705324216795,Train
Kinase_0269,2.308516661185687,-0.09860497577433755,1.6811732614345105,0.3140535153918265,1.877879577807844,0.5868074657903506,1.4277904424775893,6.731894326995452,Train
Kinase_0047,2.156468932786727,-0.1496930942200588,1.7335076876127538,0.3140535153918265,2.7565920336902408,3.1994211663893215,0.46963060880963725,6.400956184356031,Train
Kinase_0350,-0.5703404380344854,1.0839960837385003,-0.7440806346303815,0.3140535153918265,-1.6369702457217434,-0.7194993845091349,0.46963060880963725,7.425628927243223,Train
Kinase_0196,-0.5703404380344854,1.0839960837385003,-0.7440806346303815,0.3140535153918265,-1.6369702457217434,-0.7194993845091349,0.46963060880963725,7.515443606959326,Train
Protease_0347,-0.5886237006172004,-0.27652456527819663,-0.5296371322414859,-0.811212437284188,-0.7582577898393464,-0.06634595935939212,-0.4885292248583149,7.239035554002666,Train
Protease_0180,-1.237316278676064,-1.0744575983094058,-0.017780915229895392,0.3140535153918265,-0.7582577898393464,0.5868074657903506,-1.446689058526267,7.321865905356156,Train
Protease_0311,1.6360316255274592,-0.5059187189043715,-0.017780915229895392,0.3140535153918265,-0.7582577898393464,0.5868074657903506,-0.4885292248583149,7.7528375900051625,Train
Kinase_0264,0.5814142937696053,1.3660241385167735,-1.004476316102612,-1.9364783899602027,0.12045466604305038,-0.06634595935939212,1.4277904424775893,7.7690448537998575,Train
Kinase_0444,-0.025777699850680437,1.1915052709669407,-0.7440806346303815,0.3140535153918265,-1.6369702457217434,-0.7194993845091349,0.46963060880963725,7.4569829940730825,Train
Protease_0019,-0.2977866362219813,-0.4328804860281131,-0.13691619433483734,-0.811212437284188,0.12045466604305038,0.5868074657903506,-0.4885292248583149,7.650475791200193,Train
Kinase_0305,-0.7520833329792092,1.057872356000749,-1.3971972540092605,-1.9364783899602027,-0.7582577898393464,-1.3726528096588775,1.4277904424775893,7.9288887609053775,Train
Kinase_0342,-0.056017731837652046,-0.7935888805609154,2.055172941196097,1.4393194680678412,1.877879577807844,-0.06634595935939212,0.46963060880963725,6.450482081723787,Train
GPCR_0194,-0.6613632370182952,-0.3591466509339855,-1.178073437084099,-1.9364783899602027,0.9991671219254472,0.5868074657903506,-0.4885292248583149,8.317570371225822,Train
Protease_0314,-0.35747967233640343,0.07877358978229058,-0.5296371322414859,-0.811212437284188,-0.7582577898393464,0.5868074657903506,-0.4885292248583149,7.73671530724467,Train
Kinase_0150,3.9458675823141016,0.528828224743616,1.5552302520950005,-0.811212437284188,2.7565920336902408,1.8931143160898358,1.4277904424775893,7.0239167009849774,Train
Kinase_0125,0.5217212576551832,1.9261385021720598,-1.3971972540092605,-1.9364783899602027,-0.7582577898393464,-0.7194993845091349,1.4277904424775893,8.279080564070043,Train
Protease_0221,0.49251041594604617,-1.190700457828869,0.1200756220201091,1.4393194680678412,0.9991671219254472,1.8931143160898358,-1.446689058526267,7.7569933244475715,Train
Protease_0168,-1.1767756740975421,-1.2659027864940537,0.5774699971551543,0.3140535153918265,-0.7582577898393464,-0.06634595935939212,-0.4885292248583149,7.570822183714478,Train
Kinase_0051,1.641692172055553,0.01245951167876607,1.162509314188352,-0.811212437284188,0.9991671219254472,-0.7194993845091349,1.4277904424775893,6.957146595409219,Train
Kinase_0354,0.27886262238844217,1.5186701807713876,-0.7440806346303815,0.3140535153918265,-1.6369702457217434,-0.06634595935939212,0.46963060880963725,7.524387220505487,Train
Protease_0273,1.2481177016905793,-1.6691202054521916,2.2917415668473384,0.3140535153918265,1.877879577807844,1.8931143160898358,-0.4885292248583149,8.290933380604132,Train
Kinase_0143,1.6410564957074798,-0.6641295789019389,2.186221748211533,1.4393194680678412,1.877879577807844,1.2399608909400932,0.46963060880963725,5.982343514815816,Train
GPCR_0021,-0.35614777903567474,0.2150343353493216,-0.5262332671242019,0.3140535153918265,-0.7582577898393464,-0.06634595935939212,-0.4885292248583149,8.970859005721197,Train
Kinase_0400,0.7034641525999069,1.9522622299098116,-0.7440806346303815,0.3140535153918265,-1.6369702457217434,-0.06634595935939212,0.46963060880963725,7.90234644679602,Train
GPCR_0186,-0.35614777903567474,0.8827351753683665,-0.9942647207507601,-0.811212437284188,-0.7582577898393464,-0.06634595935939212,-0.4885292248583149,8.641756735486567,Train
Kinase_0321,-0.7520833329792092,1.057872356000749,-1.3971972540092605,-1.9364783899602027,-0.7582577898393464,-1.3726528096588775,1.4277904424775893,7.946573394748908,Train
Kinase_0020,0.5815353749787646,0.7671879180667713,0.2217660923989701,0.3140535153918265,0.9991671219254472,-0.7194993845091349,1.4277904424775893,7.453829444799706,Train
Protease_0256,-1.0867215247869908,-0.48466420669170374,-0.5296371322414859,-0.811212437284188,-0.7582577898393464,-0.06634595935939212,-0.4885292248583149,7.197482226739092,Train
Protease_0135,0.21699012450919147,-0.5702232794896064,-0.3917805949914814,-0.811212437284188,-0.7582577898393464,0.5868074657903506,-0.4885292248583149,7.339932624602056,Train
Protease_0154,-1.1767756740975421,-1.2659027864940537,0.5774699971551543,0.3140535153918265,-0.7582577898393464,-0.06634595935939212,-0.4885292248583149,7.6099651672089275,Train
Kinase_0408,-0.0859247904994419,-0.2322997220487838,0.9480658117994566,0.3140535153918265,0.9991671219254472,-0.06634595935939212,0.46963060880963725,6.730965077246806,Train
GPCR_0088,-0.41584081515009685,1.4428495390236529,-1.3869856586574083,-0.811212437284188,-1.6369702457217434,-0.7194993845091349,-0.4885292248583149,8.545876486705131,Train
GPCR_0181,0.038667773723156836,1.209822796037495,-0.8751294416458181,0.3140535153918265,-0.7582577898393464,0.5868074657903506,-0.4885292248583149,9.0,Train
Kinase_0039,0.7320393179609689,0.387543685380864,1.0893262141667448,1.4393194680678412,-0.7582577898393464,-0.06634595935939212,0.46963060880963725,6.519903092665235,Train
Kinase_0176,0.27886262238844217,1.5186701807713876,-0.7440806346303815,0.3140535153918265,-1.6369702457217434,-0.06634595935939212,0.46963060880963725,7.672455487355404,Train
Kinase_0246,-0.7520833329792092,1.057872356000749,-1.3971972540092605,-1.9364783899602027,-0.7582577898393464,-1.3726528096588775,1.4277904424775893,7.881848814623858,Train
Protease_0286,-0.7392184545062738,-0.866317956895899,-0.017780915229895392,0.3140535153918265,-0.7582577898393464,0.5868074657903506,-1.446689058526267,7.711721147442455,Train
Protease_0011,0.9462319769597788,0.10458816097876704,-0.3917805949914814,-0.811212437284188,-0.7582577898393464,1.8931143160898358,-0.4885292248583149,7.350765264856895,Train
Protease_0099,0.5466337164392461,-0.15827218824044498,-0.7440806346303815,0.3140535153918265,-0.7582577898393464,-0.06634595935939212,-1.446689058526267,7.584361223443641,Train
Protease_0204,0.5466337164392461,-0.15827218824044498,-0.7440806346303815,0.3140535153918265,-0.7582577898393464,-0.06634595935939212,-1.446689058526267,7.639528903533244,Train
Kinase_0155,0.36858379837381267,-0.43844530377106605,1.459922028811047,1.4393194680678412,1.877879577807844,0.5868074657903506,0.46963060880963725,6.708540870994802,Train
Kinase_0288,-0.29757474410595375,0.7349583486388352,-0.2900901246126204,-0.811212437284188,0.12045466604305038,-1.3726528096588775,1.4277904424775893,7.761771580972687,Train
Protease_0096,-0.7521741438860774,-1.064410010717963,-0.017780915229895392,0.3140535153918265,-0.7582577898393464,-0.06634595935939212,-0.4885292248583149,7.56298649131085,Train
GPCR_0120,-0.7521741438860774,-0.8762109662167046,-0.2573279228587609,0.3140535153918265,0.12045466604305038,-0.7194993845091349,-0.4885292248583149,8.756685653941622,Train
Protease_0088,-1.2970093147904853,-0.48706016988658635,-0.7440806346303815,0.3140535153918265,-0.7582577898393464,-0.06634595935939212,-1.446689058526267,7.441207870501441,Train
Kinase_0018,1.6123602491372593,1.6635873094941227,-0.35135969672373335,0.3140535153918265,-0.7582577898393464,1.2399608909400932,0.46963060880963725,7.51227409988929,Train
Kinase_0128,0.3385556585028652,1.0906429493759167,-0.35135969672373335,0.3140535153918265,-0.7582577898393464,-0.06634595935939212,0.46963060880963725,7.304899340559585,Train
Kinase_0323,-0.29757474410595375,0.7349583486388352,-0.2900901246126204,-0.811212437284188,0.12045466604305038,-1.3726528096588775,1.4277904424775893,7.55079089751498,Train
Kinase_0256,0.36858379837381267,-0.43844530377106605,1.459922028811047,1.4393194680678412,1.877879577807844,0.5868074657903506,0.46963060880963725,6.591944889070062,Train
Protease_0001,1.455529812976595,-0.6799738516422911,-0.017780915229895392,0.3140535153918265,-0.7582577898393464,1.8931143160898358,-1.446689058526267,7.2302240769456425,Train
Protease_0312,-0.2991185295227083,-1.135747882617208,1.0574149786922067,0.3140535153918265,0.12045466604305038,0.5868074657903506,-0.4885292248583149,7.843091717882469,Train
Kinase_0191,-0.20752059479540413,1.1653815432291887,-1.3971972540092605,-1.9364783899602027,-0.7582577898393464,-1.3726528096588775,1.4277904424775893,7.877751757189946,Train
Kinase_0116,0.8229713060379078,-0.16252309068297824,1.3407867497061052,0.3140535153918265,1.877879577807844,1.2399608909400932,0.46963060880963725,6.708340101350042,Train
GPCR_0177,-1.540352274893856,-1.024142371216872,0.7119226692878745,1.4393194680678412,-0.7582577898393464,-0.06634595935939212,-0.4885292248583149,9.0,Train
GPCR_0157,-1.2650438755730253,0.8129585440025612,-1.3869856586574083,-0.811212437284188,-1.6369702457217434,-1.3726528096588775,-0.4885292248583149,8.418031797316187,Train
Kinase_0181,0.7034641525999069,1.9522622299098116,-0.7440806346303815,0.3140535153918265,-1.6369702457217434,-0.06634595935939212,0.46963060880963725,7.810524102164752,Train
Kinase_0302,-0.5105263207109058,-0.47067487319900236,0.9480658117994566,0.3140535153918265,0.9991671219254472,-0.06634595935939212,0.46963060880963725,6.588401843970455,Train
Protease_0104,-0.7392184545062738,-0.866317956895899,-0.017780915229895392,0.3140535153918265,-0.7582577898393464,0.5868074657903506,-1.446689058526267,7.445565113089815,Train
Protease_0057,0.126935975198641,-1.4144525045767722,0.4940753017816951,1.4393194680678412,0.12045466604305038,1.2399608909400932,-0.4885292248583149,7.690552538826711,Train
Protease_0068,-0.7521741438860774,-1.064410010717963,-0.017780915229895392,0.3140535153918265,-0.7582577898393464,-0.06634595935939212,-0.4885292248583149,7.569098017242926,Train
Protease_0029,0.3710356928592424,-0.7853189430818045,0.16049652028785713,1.4393194680678412,0.9991671219254472,2.5462677412395784,-1.446689058526267,7.610969308373261,Train
Protease_0124,0.3691286638150185,-2.164852719386924,1.8156259335672307,1.4393194680678412,0.9991671219254472,0.5868074657903506,-0.4885292248583149,7.858444140299021,Train
GPCR_0068,-0.7819601213387105,-1.3394047541822254,-0.010973184995327418,0.3140535153918265,0.12045466604305038,-0.7194993845091349,-0.4885292248583149,8.36677511426663,Train
Protease_0332,-0.13411511174394583,-0.6594149416474926,-0.017780915229895392,0.3140535153918265,-0.7582577898393464,-0.06634595935939212,-0.4885292248583149,7.743633489106865,Train
Kinase_0046,0.9762298465284377,1.4711373625503308,-0.2900901246126204,-0.811212437284188,0.12045466604305038,-0.06634595935939212,1.4277904424775893,7.7147603687407935,Train
Protease_0255,0.42939683567293585,-2.208752948247996,2.2083468714738794,1.4393194680678412,0.9991671219254472,2.5462677412395784,-1.446689058526267,8.042307350339911,Train
Kinase_0158,2.6407634991126128,0.38607519180980693,1.0791146188148928,0.3140535153918265,0.9991671219254472,0.5868074657903506,1.4277904424775893,7.086308938136767,Train
Protease_0089,0.5758445581483813,-0.5403896732565526,0.0656137801435638,-0.811212437284188,-0.7582577898393464,-0.7194993845091349,-0.4885292248583149,7.519263597807812,Train
Kinase_0172,0.6113213524313968,0.7416052142762517,0.10263081329402814,-0.811212437284188,0.9991671219254472,-0.7194993845091349,1.4277904424775893,7.483350457255185,Train
Kinase_0017,3.0668785444385414,0.1905336794532636,2.2696164435849924,0.3140535153918265,2.7565920336902408,-0.06634595935939212,1.4277904424775893,6.760845331949836,Train
GPCR_0062,-1.540352274893856,-1.024142371216872,0.7119226692878745,1.4393194680678412,-0.7582577898393464,-0.06634595935939212,-0.4885292248583149,9.0,Train
Kinase_0049,0.21859445053052395,1.2810060896661015,-1.3971972540092605,-0.811212437284188,0.12045466604305038,-1.3726528096588775,1.4277904424775893,8.250477743435269,Train
Protease_0319,-0.5094063195262029,-0.6466622343198919,0.8429714763033114,1.4393194680678412,-0.7582577898393464,-0.06634595935939212,-1.446689058526267,8.082414305405642,Train
Protease_0186,1.8559151013566548,-1.7032047141277773,1.3582315584321858,1.4393194680678412,0.9991671219254472,1.8931143160898358,-1.446689058526267,7.968770365393195,Train
GPCR_0066,-0.41584081515009685,1.4428495390236529,-1.3869856586574083,-0.811212437284188,-1.6369702457217434,-0.7194993845091349,-0.4885292248583149,8.440493456143875,Train
Protease_0030,-0.9332510921804368,-1.4489234589289532,0.5774699971551543,0.3140535153918265,0.12045466604305038,-0.06634595935939212,-0.4885292248583149,7.865990568787661,Train
GPCR_0031,-0.41584081515009685,1.4428495390236529,-1.3869856586574083,-0.811212437284188,-1.6369702457217434,-0.7194993845091349,-0.4885292248583149,8.397975011850006,Train
Kinase_0284,-0.5703404380344854,1.0839960837385003,-0.7440806346303815,0.3140535153918265,-1.6369702457217434,-0.7194993845091349,0.46963060880963725,7.271973675175973,Train
Protease_0079,-1.3877596810536914,-0.7973760481915361,0.0656137801435638,-0.811212437284188,-0.7582577898393464,-0.7194993845091349,-0.4885292248583149,7.153233519822824,Train
GPCR_0215,-1.1157507446823913,-0.7574948543670399,-0.5909067043525988,0.3140535153918265,0.9991671219254472,-0.7194993845091349,-0.4885292248583149,8.661445427132477,Train
Kinase_0226,0.5800824004688783,0.8246137456086338,0.18985485692443205,-0.811212437284188,0.12045466604305038,-0.7194993845091349,1.4277904424775893,7.634118589545105,Train
Kinase_0027,1.6123602491372575,1.5315001772343073,-0.35135969672373335,0.3140535153918265,-0.7582577898393464,1.8931143160898358,0.46963060880963725,7.182672963386657,Train
Protease_0127,-1.237316278676064,-1.0744575983094058,-0.017780915229895392,0.3140535153918265,-0.7582577898393464,0.5868074657903506,-1.446689058526267,7.347810777297002,Train
Kinase_0438,-0.29757474410595375,0.7349583486388352,-0.2900901246126204,-0.811212437284188,0.12045466604305038,-1.3726528096588775,1.4277904424775893,7.466508781267767,Train
Protease_0297,-1.3280666449392684,-1.62444708523793,0.9263661716767705,0.3140535153918265,0.12045466604305038,-0.7194993845091349,-0.4885292248583149,7.776148704496805,Train
Kinase_0365,0.703464152599906,1.8201750976499957,-0.7440806346303815,0.3140535153918265,-1.6369702457217434,0.5868074657903506,0.46963060880963725,7.710380598756668,Train
Kinase_0230,1.0359228826428615,1.0431101311548598,0.10263081329402814,-0.811212437284188,0.9991671219254472,-0.06634595935939212,1.4277904424775893,7.766142662340201,Train
Kinase_0038,0.09711972744371848,1.4925464530336363,-1.3971972540092605,-1.9364783899602027,-0.7582577898393464,-0.7194993845091349,1.4277904424775893,7.728805481418035,Train
Protease_0313,-0.35747967233640426,0.19014723377666987,-0.5296371322414859,-0.811212437284188,-0.7582577898393464,1.2399608909400932,-0.4885292248583149,7.633310965232415,Train
Kinase_0375,-0.5105263207109058,-0.47067487319900236,0.9480658117994566,0.3140535153918265,0.9991671219254472,-0.06634595935939212,0.46963060880963725,6.995406368626734,Train
GPCR_0020,0.49172338808652594,0.7111532949606479,-0.26796500135027357,-0.811212437284188,0.12045466604305038,-0.06634595935939212,-0.4885292248583149,9.0,Train
Protease_0315,-0.9923689925513627,-0.3824106806649421,-0.7440806346303815,0.3140535153918265,-0.7582577898393464,0.5868074657903506,-1.446689058526267,7.289381481664428,Train
Protease_0247,-0.023779859899590857,-1.4625263467450604,0.8429714763033114,1.4393194680678412,0.12045466604305038,2.5462677412395784,-1.446689058526267,7.728387834511419,Train
Protease_0048,-0.3289045069753414,-1.5989416705827286,1.3037697165556408,0.3140535153918265,0.12045466604305038,0.5868074657903506,-0.4885292248583149,7.95670046327214,Train
Protease_0070,-1.2975844505339824,-1.4572706855433828,0.8429714763033114,1.4393194680678412,0.12045466604305038,0.5868074657903506,-1.446689058526267,7.768089917469712,Train
Kinase_0195,-0.5703404380344854,1.0839960837385003,-0.7440806346303815,0.3140535153918265,-1.6369702457217434,-0.7194993845091349,0.46963060880963725,7.483623138877678,Train
Protease_0200,-0.35747967233640343,0.07877358978229058,-0.5296371322414859,-0.811212437284188,-0.7582577898393464,0.5868074657903506,-0.4885292248583149,7.368466987076269,Train
Protease_0210,-0.4483813901110547,-1.0226738776458153,0.37494002267675314,0.3140535153918265,0.12045466604305038,1.8931143160898358,-1.446689058526267,7.455092390071097,Train
GPCR_0054,0.4918444692956827,-0.5361387708140197,-0.6062240973803771,0.3140535153918265,0.12045466604305038,-0.06634595935939212,-0.4885292248583149,8.697746431713055,Train
Protease_0317,-1.206682732759332,-0.4128625999805459,-0.5296371322414859,-0.811212437284188,-0.7582577898393464,-0.06634595935939212,-0.4885292248583149,7.410937662538654,Train
Protease_0176,-0.47816736756368694,-1.3897199812747576,0.1200756220201091,0.3140535153918265,0.12045466604305038,1.2399608909400932,-1.446689058526267,7.235930521174082,Train
GPCR_0130,-0.4489565258545499,-1.7005768835269401,1.438222388688361,1.4393194680678412,0.12045466604305038,0.5868074657903506,-0.4885292248583149,9.0,Train
Protease_0316,-0.7521741438860774,-1.064410010717963,-0.017780915229895392,0.3140535153918265,-0.7582577898393464,-0.06634595935939212,-0.4885292248583149,7.591082009755045,Train
Kinase_0163,0.27886262238844217,1.5186701807713876,-0.7440806346303815,0.3140535153918265,-1.6369702457217434,-0.06634595935939212,0.46963060880963725,7.722167336851111,Train
Protease_0046,-0.9332510921804368,-1.4489234589289532,0.5774699971551543,0.3140535153918265,0.12045466604305038,-0.06634595935939212,-0.4885292248583149,7.834669360114102,Train
Kinase_0153,-0.02623175438501894,-0.6982140875775262,1.8088182033326634,1.4393194680678412,1.877879577807844,-0.06634595935939212,0.46963060880963725,6.422627291763225,Train
Protease_0263,-0.7697006489115598,-0.661038013489187,0.0656137801435638,-0.811212437284188,-0.7582577898393464,-0.7194993845091349,-0.4885292248583149,7.488009634330465,Train
Protease_0050,0.18650793010390548,-0.754403288954288,0.25580474357181116,-0.811212437284188,0.9991671219254472,1.2399608909400932,-0.4885292248583149,7.697138398249168,Train
Protease_0177,1.4313135711451892,-1.9676881351886841,1.7322312381937721,2.5645854207438554,0.9991671219254472,1.8931143160898358,-1.446689058526267,7.824592566981175,Train
Kinase_0112,-0.02623175438501894,-0.6982140875775262,1.8088182033326634,1.4393194680678412,1.877879577807844,-0.06634595935939212,0.46963060880963725,6.5206539186826165,Train
Kinase_0227,0.4287308890225741,1.3130810808234001,-0.2322244176187911,1.4393194680678412,-0.7582577898393464,-0.06634595935939212,0.46963060880963725,7.540658002864319,Train
Protease_0093,-0.9326759564369415,-0.9698081090877616,-0.017780915229895392,0.3140535153918265,-0.7582577898393464,1.2399608909400932,-1.446689058526267,7.208244664072296,Train
Kinase_0104,-0.7520833329792092,1.057872356000749,-1.3971972540092605,-1.9364783899602027,-0.7582577898393464,-1.3726528096588775,1.4277904424775893,7.811682409616758,Train
Kinase_0422,0.7632782699234858,0.39759127297230823,0.9480658117994566,0.3140535153918265,0.9991671219254472,0.5868074657903506,0.46963060880963725,7.19475812636648,Train
Kinase_0420,-0.5105263207109058,-0.47067487319900236,0.9480658117994566,0.3140535153918265,0.9991671219254472,-0.06634595935939212,0.46963060880963725,6.682556772211517,Train
Protease_0095,-0.054140973095718366,-1.567330414237343,0.7153265344051585,0.3140535153918265,0.9991671219254472,0.5868074657903506,-0.4885292248583149,7.856395328436382,Train
GPCR_0137,-1.2650438755730253,0.8129585440025612,-1.3869856586574083,-0.811212437284188,-1.6369702457217434,-1.3726528096588775,-0.4885292248583149,8.261431828637653,Train
Protease_0232,0.3405534984539547,-0.8500872384789525,0.2034703173935683,-0.811212437284188,0.12045466604305038,1.2399608909400932,-0.4885292248583149,7.403169776182817,Train
Protease_0006,-0.7697006489115598,-0.661038013489187,0.0656137801435638,-0.811212437284188,-0.7582577898393464,-0.7194993845091349,-0.4885292248583149,7.342343263035891,Train
Kinase_0120,2.945403821351736,0.09554533214646747,0.7051149390533066,-0.811212437284188,1.877879577807844,0.5868074657903506,1.4277904424775893,7.1518109549030155,Train
Kinase_0054,-0.11583184916123178,0.7610820763765865,0.36302649476625887,1.4393194680678412,-0.7582577898393464,-0.7194993845091349,0.46963060880963725,7.290897443326131,Train
Kinase_0152,0.09711972744371848,1.4925464530336363,-1.3971972540092605,-1.9364783899602027,-0.7582577898393464,-0.7194993845091349,1.4277904424775893,8.074723231424548,Train
Kinase_0404,0.24698799407785127,0.8424675358672751,-0.2900901246126204,-0.811212437284188,0.12045466604305038,-1.3726528096588775,1.4277904424775893,7.693276089064711,Train
Protease_0298,-0.5080744262254759,-0.4352764492229959,-0.35135969672373335,0.3140535153918265,0.12045466604305038,1.2399608909400932,-1.446689058526267,7.205641055747451,Train
Kinase_0208,-0.29757474410595547,0.7349583486388346,-0.2900901246126204,-0.811212437284188,0.12045466604305038,-1.3726528096588775,1.4277904424775893,7.750591892636832,Train
GPCR_0209,-1.2351368169112356,0.25166938549042844,-0.2798785292607681,0.3140535153918265,-0.7582577898393464,-1.3726528096588775,-0.4885292248583149,8.867695144749776,Train
Protease_0189,-1.26779847308135,-0.869177654902694,0.0656137801435638,-0.811212437284188,-0.7582577898393464,-0.7194993845091349,-0.4885292248583149,7.376035524196955,Train
Protease_0107,-0.5677674623398989,-0.0809057637863344,-0.7440806346303815,0.3140535153918265,-0.7582577898393464,1.2399608909400932,-1.446689058526267,7.389368869273918,Train
Kinase_0009,-0.7520833329792092,1.057872356000749,-1.3971972540092605,-1.9364783899602027,-0.7582577898393464,-1.3726528096588775,1.4277904424775893,7.8616028421097575,Train
Protease_0153,-0.9326759564369415,-0.9698081090877616,-0.017780915229895392,0.3140535153918265,-0.7582577898393464,1.2399608909400932,-1.446689058526267,7.436911176069898,Train
Kinase_0037,-0.7520833329792092,1.057872356000749,-1.3971972540092605,-1.9364783899602027,-0.7582577898393464,-1.3726528096588775,1.4277904424775893,7.963353539250713,Train
GPCR_0003,0.39903572247680924,-2.187266568629373,1.6199036893233976,1.4393194680678412,1.877879577807844,-0.06634595935939212,-0.4885292248583149,9.0,Train
GPCR_0202,-0.41584081515009774,1.3107624067638375,-1.3869856586574083,-0.811212437284188,-1.6369702457217434,-0.06634595935939212,-0.4885292248583149,8.511749698837313,Train
Kinase_0254,-0.7520833329792092,1.057872356000749,-1.3971972540092605,-1.9364783899602027,-0.7582577898393464,-1.3726528096588775,1.4277904424775893,8.086893789082673,Train
Kinase_0304,1.641692172055553,0.01245951167876607,1.162509314188352,-0.811212437284188,0.9991671219254472,-0.7194993845091349,1.4277904424775893,7.000089539815019,Train
Protease_0091,-0.9631581508422274,-0.49587113131292837,0.0656137801435638,-0.811212437284188,-0.7582577898393464,-0.06634595935939212,-0.4885292248583149,7.55479199079184,Train
GPCR_0122,-1.0846328739290312,-0.7906518934188013,-0.26073178797604546,1.4393194680678412,0.12045466604305038,1.2399608909400932,-0.4885292248583149,8.827060032332884,Train
GPCR_0174,0.6985603636290473,1.1639130496581322,-1.3869856586574083,-0.811212437284188,-1.6369702457217434,-1.3726528096588775,-0.4885292248583149,8.564043015790313,Train
Protease_0054,-0.9631581508422274,-0.49587113131292837,0.0656137801435638,-0.811212437284188,-0.7582577898393464,-0.06634595935939212,-0.4885292248583149,7.558080046628938,Train
Protease_0064,-1.206682732759332,-0.4128625999805459,-0.5296371322414859,-0.811212437284188,-0.7582577898393464,-0.06634595935939212,-0.4885292248583149,7.468828671634565,Train
Kinase_0263,0.7333712112616967,1.1350069130489036,-0.6062240973803771,0.3140535153918265,-0.7582577898393464,-0.06634595935939212,0.46963060880963725,6.969537898989639,Train
GPCR_0161,-0.7508422505853505,-0.33480057330856616,-1.4516590958858056,-0.811212437284188,0.12045466604305038,-0.06634595935939212,-0.4885292248583149,8.427567685395024,Train
Kinase_0298,1.6410564957074798,-0.6641295789019389,2.186221748211533,1.4393194680678412,1.877879577807844,1.2399608909400932,0.46963060880963725,6.269560928131492,Train
Kinase_0415,1.1274905470678753,1.5629568553090551,-1.004476316102612,-1.9364783899602027,0.9991671219254472,-0.06634595935939212,1.4277904424775893,8.175650101796938,Train
Kinase_0151,1.0061369051902294,0.7859691779492386,-0.1522335873626159,-0.811212437284188,0.9991671219254472,-0.7194993845091349,1.4277904424775893,7.709179927551882,Validation
Protease_0133,-0.35747967233640426,0.19014723377666987,-0.5296371322414859,-0.811212437284188,-0.7582577898393464,1.2399608909400932,-0.4885292248583149,7.41294729894015,Validation
GPCR_0191,0.7937301940264831,-1.7386804272391043,1.108047472311807,0.3140535153918265,1.877879577807844,-0.06634595935939212,-0.4885292248583149,9.0,Validation
Protease_0235,-0.7820812025478682,-0.11135768310193804,-0.5296371322414859,-0.811212437284188,-0.7582577898393464,0.5868074657903506,-0.4885292248583149,7.64045093595006,Validation
GPCR_0101,-1.026271731115336,-0.6138143518094051,0.8582888693310896,1.4393194680678412,0.9991671219254472,-0.06634595935939212,-0.4885292248583149,9.0,Validation
Protease_0136,-1.206682732759332,-0.4128625999805459,-0.5296371322414859,-0.811212437284188,-0.7582577898393464,-0.06634595935939212,-0.4885292248583149,7.145039243665085,Validation
GPCR_0039,-1.2052297582494464,-0.6107227863966538,-1.3325238167808635,0.3140535153918265,0.12045466604305038,-0.7194993845091349,-0.4885292248583149,8.210061020344652,Validation
Protease_0044,-0.44971328341178163,-1.2340596627427114,1.569271195703798,1.4393194680678412,0.12045466604305038,0.5868074657903506,-1.446689058526267,7.8785893998249765,Validation
Kinase_0148,-0.29757474410595375,0.7349583486388352,-0.2900901246126204,-0.811212437284188,0.12045466604305038,-1.3726528096588775,1.4277904424775893,7.475455508037359,Validation
Kinase_0147,2.066989919219669,-0.08871196645353172,1.0859223490494607,0.3140535153918265,1.877879577807844,2.5462677412395784,0.46963060880963725,6.400676393368288,Validation
Protease_0065,-0.7223881664334452,-0.7343854029067208,-0.13691619433483734,-0.811212437284188,0.12045466604305038,-0.06634595935939212,-0.4885292248583149,7.5065548068663785,Validation
Protease_0277,0.5466337164392461,-0.15827218824044498,-0.7440806346303815,0.3140535153918265,-0.7582577898393464,-0.06634595935939212,-1.446689058526267,7.67633594633672,Validation
Protease_0084,-0.02320472415609387,-0.1198594879870056,-0.7440806346303815,0.3140535153918265,-0.7582577898393464,1.8931143160898358,-1.446689058526267,7.243006485749143,Validation
GPCR_0210,-1.2053508394586023,0.3470441784738183,-0.5262332671242019,0.3140535153918265,-0.7582577898393464,-1.3726528096588775,-0.4885292248583149,8.788810186578434,Validation
Kinase_0349,-0.26778876665332235,0.8303331416222252,-0.5364448624760538,-0.811212437284188,0.12045466604305038,-1.3726528096588775,1.4277904424775893,7.676459366812135,Validation
GPCR_0014,-0.38593375648830697,0.6255942221627447,-1.249129121407404,-0.811212437284188,-0.7582577898393464,-0.7194993845091349,-0.4885292248583149,8.564846813014594,Validation
Kinase_0326,-0.5105263207109058,-0.47067487319900236,0.9480658117994566,0.3140535153918265,0.9991671219254472,-0.06634595935939212,0.46963060880963725,6.490300708081841,Validation
Kinase_0187,0.5217212576551832,1.9261385021720598,-1.3971972540092605,-1.9364783899602027,-0.7582577898393464,-0.7194993845091349,1.4277904424775893,8.262037643686034,Validation
Kinase_0124,1.9754827953992355,0.866968191763332,1.5433167241845063,0.3140535153918265,1.877879577807844,-0.7194993845091349,1.4277904424775893,7.185762340581158,Validation
Protease_0199,-0.5378604036781082,-0.7653010570342381,-0.2322244176187911,1.4393194680678412,0.12045466604305038,1.2399608909400932,-1.446689058526267,7.731951226611426,Validation
GPCR_0159,-0.6314561783565045,-1.4024726886023593,0.9774241484360315,2.5645854207438554,0.9991671219254472,1.8931143160898358,-0.4885292248583149,9.0,Validation
Kinase_0144,2.3097274732772566,1.8362512377963047,0.10263081329402814,-0.811212437284188,0.9991671219254472,1.2399608909400932,1.4277904424775893,7.866906078779846,Validation
Protease_0306,-0.9034651147278046,-1.118898851117711,0.4583347180502123,-0.811212437284188,0.12045466604305038,-0.06634595935939212,-0.4885292248583149,7.4919348126771315,Validation
Kinase_0198,-0.7520833329792092,1.057872356000749,-1.3971972540092605,-1.9364783899602027,-0.7582577898393464,-1.3726528096588775,1.4277904424775893,7.955082765891829,Validation
GPCR_0160,-0.5982496567451849,0.5045594362535163,-1.1214841795092518,0.3140535153918265,0.12045466604305038,1.2399608909400932,-0.4885292248583149,8.962499498654097,Validation
Kinase_0280,1.0345909893421328,0.5016997382467201,1.2969619863210728,0.3140535153918265,0.9991671219254472,-0.7194993845091349,1.4277904424775893,7.154478960470735,Validation
Kinase_0294,0.8216394127371809,-0.7039334835911165,2.535117922733149,1.4393194680678412,1.877879577807844,0.5868074657903506,0.46963060880963725,6.338621314553154,Validation
Kinase_0401,2.3085166611856835,0.061615401741517896,0.4906714366644105,0.3140535153918265,1.877879577807844,0.5868074657903506,1.4277904424775893,6.967051851180845,Validation
Kinase_0123,2.732331163537628,0.0211158948344712,2.2083468714738794,1.4393194680678412,0.9991671219254472,1.2399608909400932,0.46963060880963725,6.515853146640414,Validation
Kinase_0184,-0.5703404380344854,1.0839960837385003,-0.7440806346303815,0.3140535153918265,-1.6369702457217434,-0.7194993845091349,0.46963060880963725,7.5300168622864785,Validation
Kinase_0203,2.0962007609288085,-0.31045449568314676,2.2696164435849924,0.3140535153918265,1.877879577807844,-0.7194993845091349,1.4277904424775893,6.812491686476291,Validation
Kinase_0439,0.551628316316974,1.1696324456717226,-0.2900901246126204,-0.811212437284188,0.12045466604305038,-0.7194993845091349,1.4277904424775893,7.508748634096728,Validation
Kinase_0247,-0.29757474410595375,0.7349583486388352,-0.2900901246126204,-0.811212437284188,0.12045466604305038,-1.3726528096588775,1.4277904424775893,7.602282203325857,Validation
Kinase_0416,0.15693384476729993,0.41204434127692163,0.8170170047840197,0.3140535153918265,0.9991671219254472,-1.3726528096588775,1.4277904424775893,7.302751019516517,Validation
Protease_0121,-1.3572774866484054,-1.2713130259663694,-0.017780915229895392,0.3140535153918265,-0.7582577898393464,0.5868074657903506,-1.446689058526267,7.253048470007289,Validation
Protease_0278,0.6063267525536673,-0.7456696166632644,-0.017780915229895392,0.3140535153918265,-0.7582577898393464,0.5868074657903506,-1.446689058526267,7.450699085301616,Validation
Protease_0252,-1.26779847308135,-0.869177654902694,0.0656137801435638,-0.811212437284188,-0.7582577898393464,-0.7194993845091349,-0.4885292248583149,7.642473926613769,Validation
Protease_0197,-0.5086495619689729,-1.4160755764184667,0.5774699971551543,0.3140535153918265,0.12045466604305038,0.5868074657903506,-0.4885292248583149,7.567571379512798,Validation
Protease_0233,-1.3572774866484036,-0.8698732571205633,0.11667175690282482,1.4393194680678412,0.12045466604305038,-0.06634595935939212,-1.446689058526267,7.770648595429555,Validation
Kinase_0130,-0.32748180276774536,1.296247507150968,-1.3971972540092605,-1.9364783899602027,-0.7582577898393464,-1.3726528096588775,1.4277904424775893,7.93639565188257,Validation
GPCR_0188,-1.1450826676006842,0.6820925800807819,-1.3869856586574083,-0.811212437284188,-1.6369702457217434,-1.3726528096588775,-0.4885292248583149,8.34102415910877,Validation
Kinase_0403,-0.5703404380344854,1.0839960837385003,-0.7440806346303815,0.3140535153918265,-1.6369702457217434,-0.7194993845091349,0.46963060880963725,7.458432554957728,Validation
Protease_0143,0.46051470642629594,-1.0426917636933821,0.7676609605834017,0.3140535153918265,0.9991671219254472,3.1994211663893215,-1.446689058526267,7.802285261000635,Validation
Protease_0115,-0.5385566206307628,-0.30573985842869994,0.0656137801435638,-0.811212437284188,-0.7582577898393464,-0.06634595935939212,-0.4885292248583149,7.212637472899764,Validation
Protease_0069,-0.9923689925513627,-0.3824106806649421,-0.7440806346303815,0.3140535153918265,-0.7582577898393464,0.5868074657903506,-1.446689058526267,7.424769067651215,Validation
Protease_0259,-0.9027688977751508,-1.6542034023356642,0.4940753017816951,1.4393194680678412,0.12045466604305038,1.2399608909400932,-1.446689058526267,7.725697555152738,Validation
Kinase_0220,1.3709243180781117,2.285687559675081,-1.3971972540092605,-1.9364783899602027,-0.7582577898393464,0.5868074657903506,1.4277904424775893,8.21004512090795,Validation
GPCR_0192,-0.6924811077716544,-1.1233816209662015,0.13539301504788703,0.3140535153918265,0.9991671219254472,-0.06634595935939212,-0.4885292248583149,9.0,Validation
Protease_0261,-0.4801954778170676,-1.5202613308281985,1.6526658910772565,0.3140535153918265,0.12045466604305038,-0.06634595935939212,-0.4885292248583149,8.085826733535406,Validation
Protease_0230,-1.3877596810536914,-0.7973760481915361,0.0656137801435638,-0.811212437284188,-0.7582577898393464,-0.7194993845091349,-0.4885292248583149,7.585027840381048,Validation
Protease_0318,-0.5086495619689729,-1.184440037868047,0.2034703173935683,-0.811212437284188,0.12045466604305038,-0.06634595935939212,-0.4885292248583149,7.3630259377494,Validation
Protease_0265,0.005430981809546125,-0.870259702797157,0.8510556559568608,-0.811212437284188,0.9991671219254472,1.2399608909400932,-0.4885292248583149,7.457489121831718,Validation
GPCR_0175,0.8579637754842938,2.2152771573996626,-1.3869856586574083,-0.811212437284188,-1.6369702457217434,1.8931143160898358,-0.4885292248583149,8.573412903228524,Validation
Protease_0184,-0.4163856805913036,-0.7673105745525264,0.36302649476625887,1.4393194680678412,0.9991671219254472,0.5868074657903506,-1.446689058526267,7.999180156922753,Validation
Protease_0257,-1.3280666449392684,-1.62444708523793,0.9263661716767705,0.3140535153918265,0.12045466604305038,-0.7194993845091349,-0.4885292248583149,7.762568935514466,Validation
Kinase_0387,0.24698799407785127,0.8424675358672751,-0.2900901246126204,-0.811212437284188,0.12045466604305038,-1.3726528096588775,1.4277904424775893,7.737492396366574,Validation
Protease_0320,-1.4169705227628266,-0.6839155975435498,-0.7440806346303815,0.3140535153918265,-0.7582577898393464,-0.06634595935939212,-1.446689058526267,7.365172894685259,Validation
GPCR_0060,0.029768304850112903,-0.1254243057299582,-0.7287632416026036,0.3140535153918265,0.12045466604305038,0.5868074657903506,-0.4885292248583149,8.67262657004433,Validation
Kinase_0268,-0.29757474410595375,0.7349583486388352,-0.2900901246126204,-0.811212437284188,0.12045466604305038,-1.3726528096588775,1.4277904424775893,7.459002793305905,Validation
Protease_0293,-0.7223881664334452,-0.7343854029067208,-0.13691619433483734,-0.811212437284188,0.12045466604305038,-0.06634595935939212,-0.4885292248583149,7.395218238682005,Validation
Kinase_0442,0.6731030394037794,0.9580920823041886,-0.2900901246126204,0.3140535153918265,0.9991671219254472,-1.3726528096588775,1.4277904424775893,7.935530787785887,Validation
GPCR_0047,-1.5390203815931283,-0.6795874059656971,-0.6096279624976614,1.4393194680678412,0.12045466604305038,1.2399608909400932,-0.4885292248583149,9.0,Validation
Kinase_0113,1.6124813303464152,0.7571403304753291,0.9480658117994566,0.3140535153918265,0.9991671219254472,1.8931143160898358,0.46963060880963725,6.947203531491153,Validation
Protease_0025,-0.5080744262254768,-0.6695398183742544,-0.017780915229895392,0.3140535153918265,-0.7582577898393464,1.2399608909400932,-1.446689058526267,7.154925327618403,Validation
Kinase_0233,0.7618252954136011,0.8507374733463857,0.8429714763033114,1.4393194680678412,-0.7582577898393464,-0.06634595935939212,0.46963060880963725,7.0032337759855725,Validation
Protease_0215,0.6063267525536673,-0.7456696166632644,-0.017780915229895392,0.3140535153918265,-0.7582577898393464,0.5868074657903506,-1.446689058526267,7.605467239512644,Validation
GPCR_0158,-0.7223881664334452,-0.4389863277182979,-0.3764632019637035,-0.811212437284188,0.12045466604305038,-0.06634595935939212,-0.4885292248583149,8.774262358856191,Validation
Protease_0005,0.7448739261316141,-0.2636945688152772,-0.13691619433483734,-0.811212437284188,0.12045466604305038,1.2399608909400932,-0.4885292248583149,7.391516468143097,Validation
Kinase_0374,-0.7520833329792092,1.057872356000749,-1.3971972540092605,-1.9364783899602027,-0.7582577898393464,-1.3726528096588775,1.4277904424775893,8.075914623912782,Validation
Protease_0329,0.8228804951310404,-1.921701099674003,3.0537818699793084,2.5645854207438554,0.9991671219254472,0.5868074657903506,-1.446689058526267,8.738239104340748,Validation
Protease_0188,-0.9631581508422274,-0.49587113131292837,0.0656137801435638,-0.811212437284188,-0.7582577898393464,-0.06634595935939212,-0.4885292248583149,7.406034288410928,Validation
Kinase_0234,1.4605244128543253,0.6769142080144228,0.5706622669205863,0.3140535153918265,0.9991671219254472,0.5868074657903506,1.4277904424775893,7.270578947859128,Validation
Protease_0130,-0.5086495619689729,-1.184440037868047,0.2034703173935683,-0.811212437284188,0.12045466604305038,-0.06634595935939212,-0.4885292248583149,7.430255751494668,Validation
Protease_0010,-0.44971328341178163,-1.2340596627427114,1.569271195703798,1.4393194680678412,0.12045466604305038,0.5868074657903506,-1.446689058526267,8.074647776984946,Validation
Kinase_0318,-0.29757474410595375,0.7349583486388352,-0.2900901246126204,-0.811212437284188,0.12045466604305038,-1.3726528096588775,1.4277904424775893,7.626983986510982,Validation
GPCR_0199,-0.8105352866997708,0.6068129622802781,-0.8751294416458181,0.3140535153918265,-0.7582577898393464,-0.7194993845091349,-0.4885292248583149,8.962070677488363,Validation
Kinase_0411,2.4908952324784805,0.15436236412406845,1.162509314188352,-0.811212437284188,0.9991671219254472,0.5868074657903506,1.4277904424775893,6.923428231713333,Validation
Protease_0244,-1.2970093147904853,-0.48706016988658635,-0.7440806346303815,0.3140535153918265,-0.7582577898393464,-0.06634595935939212,-1.446689058526267,7.542411475467667,Validation
Protease_0043,-0.9027688977751508,-1.6542034023356642,0.4940753017816951,1.4393194680678412,0.12045466604305038,1.2399608909400932,-1.446689058526267,7.6533405157810295,Validation
Kinase_0359,-0.5703404380344854,1.0839960837385003,-0.7440806346303815,0.3140535153918265,-1.6369702457217434,-0.7194993845091349,0.46963060880963725,7.506053784050714,Validation
Kinase_0259,-0.5105263207109058,-0.47067487319900236,0.9480658117994566,0.3140535153918265,0.9991671219254472,-0.06634595935939212,0.46963060880963725,6.739001914221935,Validation
Protease_0078,-0.7820812025478682,-0.11135768310193804,-0.5296371322414859,-0.811212437284188,-0.7582577898393464,0.5868074657903506,-0.4885292248583149,7.450745292360084,Validation
GPCR_0178,-0.7807493092471386,0.5812302584897585,-0.9942647207507601,-0.811212437284188,-0.7582577898393464,-0.7194993845091349,-0.4885292248583149,8.334748178326874,Validation
GPCR_0183,-1.2351368169112356,0.25166938549042844,-0.2798785292607681,0.3140535153918265,-0.7582577898393464,-1.3726528096588775,-0.4885292248583149,8.707176285224113,Validation
Kinase_0283,-0.29757474410595375,0.7349583486388352,-0.2900901246126204,-0.811212437284188,0.12045466604305038,-1.3726528096588775,1.4277904424775893,7.911426522421803,Validation
Kinase_0377,-0.29757474410595375,0.7349583486388352,-0.2900901246126204,-0.811212437284188,0.12045466604305038,-1.3726528096588775,1.4277904424775893,7.804372095508102,Validation
Kinase_0385,2.520802291140272,-0.20139952574833098,2.2696164435849924,0.3140535153918265,1.877879577807844,-0.06634595935939212,1.4277904424775893,6.507495100766945,Validation
Kinase_0225,-0.7520833329792092,1.057872356000749,-1.3971972540092605,-1.9364783899602027,-0.7582577898393464,-1.3726528096588775,1.4277904424775893,7.8612342201315855,Validation
Protease_0301,-1.2970093147904853,-0.48706016988658635,-0.7440806346303815,0.3140535153918265,-0.7582577898393464,-0.06634595935939212,-1.446689058526267,7.403393234109653,Validation
Protease_0160,1.4888876860993634,-1.2016755150441376,1.4939606799838876,0.3140535153918265,2.7565920336902408,2.5462677412395784,-0.4885292248583149,7.812624613608443,Validation
GPCR_0023,-0.35614777903567474,0.8827351753683665,-0.9942647207507601,-0.811212437284188,-0.7582577898393464,-0.06634595935939212,-0.4885292248583149,8.74213123113124,Validation
Kinase_0348,1.0048050118895007,-0.021470418726183507,0.9480658117994566,0.3140535153918265,0.9991671219254472,-0.7194993845091349,1.4277904424775893,6.864609433843516,Validation
GPCR_0056,-0.8404423453615616,1.0092574898852296,-1.3869856586574083,-0.811212437284188,-1.6369702457217434,-0.7194993845091349,-0.4885292248583149,8.566640452940916,Validation
GPCR_0190,1.6131472769967803,-1.2366102042082308,2.196433343563385,2.5645854207438554,1.877879577807844,0.5868074657903506,-0.4885292248583149,9.0,Validation
Protease_0335,-0.5677674623398989,-0.0809057637863344,-0.7440806346303815,0.3140535153918265,-0.7582577898393464,1.2399608909400932,-1.446689058526267,7.591480235613068,Validation
Protease_0131,-1.1767756740975421,-1.2659027864940537,0.5774699971551543,0.3140535153918265,-0.7582577898393464,-0.06634595935939212,-0.4885292248583149,7.46199504167306,Validation
Protease_0274,-0.5080744262254768,-0.6695398183742544,-0.017780915229895392,0.3140535153918265,-0.7582577898393464,1.2399608909400932,-1.446689058526267,7.455347092984733,Validation
Protease_0251,-0.962461933889572,-1.0668059739128457,-0.2322244176187911,1.4393194680678412,0.12045466604305038,0.5868074657903506,-1.446689058526267,7.656857917047168,Validation
GPCR_0170,-0.7508422505853505,-0.33480057330856616,-1.4516590958858056,-0.811212437284188,0.12045466604305038,-0.06634595935939212,-0.4885292248583149,8.334271655278403,Validation
Protease_0201,-1.3280666449392684,-1.62444708523793,0.9263661716767705,0.3140535153918265,0.12045466604305038,-0.7194993845091349,-0.4885292248583149,7.87073163260678,Validation
Protease_0246,-0.5378604036781082,-0.8023225528519391,-0.6062240973803771,0.3140535153918265,0.12045466604305038,0.5868074657903506,-1.446689058526267,7.254262725683236,Validation
GPCR_0196,-0.38593375648830697,0.6255942221627447,-1.249129121407404,-0.811212437284188,-0.7582577898393464,-0.7194993845091349,-0.4885292248583149,8.299247321162808,Validation
Protease_0192,0.6063267525536673,-0.7456696166632644,-0.017780915229895392,0.3140535153918265,-0.7582577898393464,0.5868074657903506,-1.446689058526267,7.432121736738872,Validation
GPCR_0107,-0.7819601213387105,-1.3394047541822254,-0.010973184995327418,0.3140535153918265,0.12045466604305038,-0.7194993845091349,-0.4885292248583149,8.611219558647848,Validation
Protease_0305,-1.1767756740975421,-1.2659027864940537,0.5774699971551543,0.3140535153918265,-0.7582577898393464,-0.06634595935939212,-0.4885292248583149,7.653355608493971,Validation
GPCR_0128,-0.5099814552696998,-1.4214858158907824,0.5961912553002165,-0.811212437284188,0.12045466604305038,-1.3726528096588775,-0.4885292248583149,8.725656448703752,Validation
Protease_0129,-0.5086495619689729,-1.184440037868047,0.2034703173935683,-0.811212437284188,0.12045466604305038,-0.06634595935939212,-0.4885292248583149,7.426141374629863,Validation
Kinase_0086,1.0048050118895007,0.03850595028119939,1.5433167241845063,0.3140535153918265,0.9991671219254472,-0.7194993845091349,1.4277904424775893,6.8597454434623195,Validation
Kinase_0243,2.3083955799765277,1.0497569967922755,1.2969619863210728,0.3140535153918265,0.9991671219254472,1.2399608909400932,1.4277904424775893,7.302047091847068,Validation
Protease_0032,-0.32757261367461354,-0.7999265896570564,-0.3917805949914814,-0.811212437284188,-0.7582577898393464,-0.06634595935939212,-0.4885292248583149,7.272396718320888,Validation
Kinase_0160,1.2176657775875852,1.0962077671188697,0.16049652028785713,1.4393194680678412,0.12045466604305038,1.2399608909400932,0.46963060880963725,7.4184030412950746,Validation
GPCR_0075,-0.6607881012747974,0.7780856861467217,-0.9942647207507601,-0.811212437284188,-0.7582577898393464,-0.7194993845091349,-0.4885292248583149,8.646629059737728,Validation
Kinase_0036,0.12702678610551008,0.9733334997890544,-0.2900901246126204,-0.811212437284188,0.12045466604305038,-1.3726528096588775,1.4277904424775893,7.570290452504348,Validation
GPCR_0091,-0.4489565258545499,-1.7005768835269401,1.438222388688361,1.4393194680678412,0.12045466604305038,0.5868074657903506,-0.4885292248583149,9.0,Validation
Kinase_0171,0.24698799407785127,0.8424675358672751,-0.2900901246126204,-0.811212437284188,0.12045466604305038,-1.3726528096588775,1.4277904424775893,7.5528018355561715,Validation
GPCR_0205,-0.35614777903567474,0.8827351753683665,-0.9942647207507601,-0.811212437284188,-0.7582577898393464,-0.06634595935939212,-0.4885292248583149,8.448264845932293,Validation
Protease_0236,-0.5080744262254768,-0.6695398183742544,-0.017780915229895392,0.3140535153918265,-0.7582577898393464,1.2399608909400932,-1.446689058526267,7.281272285924332,Validation
Protease_0203,-1.4169705227628266,-0.6839155975435498,-0.7440806346303815,0.3140535153918265,-0.7582577898393464,-0.06634595935939212,-1.446689058526267,7.14102504682745,Validation
Protease_0193,-1.4169705227628266,-0.6839155975435498,-0.7440806346303815,0.3140535153918265,-0.7582577898393464,-0.06634595935939212,-1.446689058526267,7.347284109585728,Validation
Protease_0290,-0.5886237006172004,-0.27652456527819663,-0.5296371322414859,-0.811212437284188,-0.7582577898393464,-0.06634595935939212,-0.4885292248583149,7.278072138855592,Validation
Protease_0067,-1.3572774866484036,-0.8698732571205633,0.11667175690282482,1.4393194680678412,0.12045466604305038,-0.06634595935939212,-1.446689058526267,7.826995794930956,Validation
Kinase_0096,1.8234350670002766,0.038583239416518,1.8156259335672313,1.4393194680678412,0.12045466604305038,-0.06634595935939212,0.46963060880963725,6.214628757780181,Validation
GPCR_0114,-0.29645474292125434,0.2967289513812842,-1.5707943749907476,-1.9364783899602027,0.12045466604305038,1.2399608909400932,-0.4885292248583149,8.167803136112875,Validation
Kinase_0241,1.2164549654960142,-0.9656344957805466,2.186221748211533,1.4393194680678412,1.877879577807844,0.5868074657903506,0.46963060880963725,6.046106889235094,Validation
Protease_0076,-1.4169705227628266,-0.6839155975435498,-0.7440806346303815,0.3140535153918265,-0.7582577898393464,-0.06634595935939212,-1.446689058526267,7.555397156918384,Validation
GPCR_0125,1.8782243141438375,-0.6943496308115866,0.0009403429151668378,-0.811212437284188,0.12045466604305038,-0.7194993845091349,-0.4885292248583149,8.65877509258618,Validation
Protease_0024,-1.3877596810536914,-0.7973760481915361,0.0656137801435638,-0.811212437284188,-0.7582577898393464,-0.7194993845091349,-0.4885292248583149,7.310267273972991,Validation
GPCR_0011,0.6985603636290473,1.1639130496581322,-1.3869856586574083,-0.811212437284188,-1.6369702457217434,-1.3726528096588775,-0.4885292248583149,8.246555916311506,Validation
GPCR_0104,-0.3574796723364017,0.34132478246022696,0.2000664522762846,0.3140535153918265,-0.7582577898393464,-0.7194993845091349,-0.4885292248583149,9.0,Validation
Protease_0224,-0.7521741438860774,-1.064410010717963,-0.017780915229895392,0.3140535153918265,-0.7582577898393464,-0.06634595935939212,-0.4885292248583149,7.489684823444011,Validation
Kinase_0207,2.3098485544864142,0.7004101051513354,-0.014377050112611405,-0.811212437284188,1.877879577807844,0.5868074657903506,1.4277904424775893,7.635098290081299,Validation
Kinase_0393,-0.5703404380344854,1.0839960837385003,-0.7440806346303815,0.3140535153918265,-1.6369702457217434,-0.7194993845091349,0.46963060880963725,7.259611018946904,Validation
Protease_0128,-0.798911490620695,-0.27892052847307947,-0.7440806346303815,0.3140535153918265,-0.7582577898393464,-0.06634595935939212,-1.446689058526267,7.413929314529048,Validation
Kinase_0398,-0.29757474410595375,0.7349583486388352,-0.2900901246126204,-0.811212437284188,0.12045466604305038,-1.3726528096588775,1.4277904424775893,7.876604856124812,Validation
Protease_0100,-0.08335181480485448,-1.3538578224868374,0.500883032016263,1.4393194680678412,0.9991671219254472,1.2399608909400932,-1.446689058526267,7.776136207473583,Validation
Protease_0345,0.3399178221058824,-1.9513801276364187,1.6011824311783354,2.5645854207438554,0.9991671219254472,1.8931143160898358,-1.446689058526267,8.048283801538656,Validation
Kinase_0218,3.155600800448365,0.2773293784162666,2.807427132115874,2.5645854207438554,0.9991671219254472,0.5868074657903506,0.46963060880963725,6.319010208988997,Validation
Kinase_0005,0.36858379837381267,-0.43844530377106605,1.459922028811047,1.4393194680678412,1.877879577807844,0.5868074657903506,0.46963060880963725,6.6294569937915,Validation
Protease_0102,-0.962461933889572,-1.0668059739128457,-0.2322244176187911,1.4393194680678412,0.12045466604305038,0.5868074657903506,-1.446689058526267,7.666318731275743,Validation
GPCR_0193,-1.3877596810536905,-0.2184031355184649,-0.26073178797604546,1.4393194680678412,0.9991671219254472,0.5868074657903506,-0.4885292248583149,9.0,Validation
Protease_0243,-0.8708942694645573,-0.5177439566081469,-0.7440806346303815,1.4393194680678412,0.12045466604305038,-0.06634595935939212,-1.446689058526267,7.780961575898648,Validation
GPCR_0163,1.5220942077106803,0.5558021329698758,0.12475593655637496,0.3140535153918265,1.877879577807844,0.5868074657903506,-0.4885292248583149,9.0,Validation
Protease_0072,0.7569215064427398,-0.15587622504556234,-0.5296371322414859,-0.811212437284188,-0.7582577898393464,-0.06634595935939212,-0.4885292248583149,7.471123745403332,Validation
GPCR_0097,-0.3872656497890348,-0.12186900550529363,0.4464211901397181,0.3140535153918265,-0.7582577898393464,-0.7194993845091349,-0.4885292248583149,9.0,Validation
Protease_0059,1.8490134724347014,-0.3827198372062171,0.4940753017816951,1.4393194680678412,-0.7582577898393464,-0.06634595935939212,-1.446689058526267,8.084275511376957,Validation
Protease_0017,0.7929734364692523,-0.8711098832856642,2.0811274127153885,2.5645854207438554,0.12045466604305038,-0.06634595935939212,-1.446689058526267,8.705422350985843,Validation
Kinase_0099,0.18671982221993305,0.5074191342603115,0.5706622669205863,0.3140535153918265,0.9991671219254472,-1.3726528096588775,1.4277904424775893,7.52649301849637,Validation
Protease_0138,0.5466337164392461,-0.15827218824044498,-0.7440806346303815,0.3140535153918265,-0.7582577898393464,-0.06634595935939212,-1.446689058526267,7.549996415749537,Validation
Protease_0061,0.5209645000979515,-0.7330714876063011,1.569271195703798,1.4393194680678412,0.9991671219254472,0.5868074657903506,-1.446689058526267,8.362133292291286,Validation
GPCR_0124,0.5548369683596363,1.7343068683108187,-1.3869856586574083,-0.811212437284188,-0.7582577898393464,-0.06634595935939212,-0.4885292248583149,8.802960857019682,Validation
Kinase_0407,2.7629949797566473,0.03154992810250852,2.067086469106591,1.4393194680678412,4.514016945455035,1.2399608909400932,0.46963060880963725,6.787829935592612,Validation
GPCR_0053,-1.2053508394586023,0.3470441784738183,-0.5262332671242019,0.3140535153918265,-0.7582577898393464,-1.3726528096588775,-0.4885292248583149,8.389500176626875,Validation
Kinase_0048,-0.5703404380344854,1.0839960837385003,-0.7440806346303815,0.3140535153918265,-1.6369702457217434,-0.7194993845091349,0.46963060880963725,7.616214333932838,Test
Kinase_0033,-0.5105263207109058,-0.47067487319900236,0.9480658117994566,0.3140535153918265,0.9991671219254472,-0.06634595935939212,0.46963060880963725,6.67040441628931,Test
Protease_0113,-0.7697006489115598,-0.661038013489187,0.0656137801435638,-0.811212437284188,-0.7582577898393464,-0.7194993845091349,-0.4885292248583149,7.497582166584283,Test
Protease_0173,-0.5094063195262029,-0.6466622343198919,0.8429714763033114,1.4393194680678412,-0.7582577898393464,-0.06634595935939212,-1.446689058526267,8.054682258087677,Test
Kinase_0201,0.7320393179609689,0.387543685380864,1.0893262141667448,1.4393194680678412,-0.7582577898393464,-0.06634595935939212,0.46963060880963725,6.7727991040522415,Test
Kinase_0135,2.944071928051009,-0.5394622036327278,2.400665250600429,0.3140535153918265,1.877879577807844,-0.06634595935939212,1.4277904424775893,6.2654353648649295,Test
Kinase_0028,0.9762298465284395,1.6032244948101468,-0.2900901246126204,-0.811212437284188,0.12045466604305038,-0.7194993845091349,1.4277904424775893,7.988906702751852,Test
Protease_0226,-0.962461933889572,-1.0668059739128457,-0.2322244176187911,1.4393194680678412,0.12045466604305038,0.5868074657903506,-1.446689058526267,7.357644127990128,Test
Kinase_0231,1.8776794487026316,0.11865478360678701,0.9480658117994566,0.3140535153918265,0.9991671219254472,-0.06634595935939212,0.46963060880963725,6.671957005242428,Test
GPCR_0040,-1.509234404140496,-0.349562798154455,-0.7287632416026036,0.3140535153918265,0.12045466604305038,1.2399608909400932,-0.4885292248583149,8.719312783215067,Test
Protease_0106,-0.8708942694645573,-0.5177439566081469,-0.7440806346303815,1.4393194680678412,0.12045466604305038,-0.06634595935939212,-1.446689058526267,7.90270183481989,Test
Kinase_0379,-0.7520833329792092,1.057872356000749,-1.3971972540092605,-1.9364783899602027,-0.7582577898393464,-1.3726528096588775,1.4277904424775893,8.26049443998265,Test
Kinase_0289,-0.29757474410595547,0.7349583486388346,-0.2900901246126204,-0.811212437284188,0.12045466604305038,-1.3726528096588775,1.4277904424775893,7.715672780160255,Test
Kinase_0419,2.7025451860849943,-0.1428143611766869,1.7322312381937721,2.5645854207438554,0.9991671219254472,1.2399608909400932,0.46963060880963725,6.624341577609574,Test
Protease_0008,-0.35747967233640343,0.07877358978229058,-0.5296371322414859,-0.811212437284188,-0.7582577898393464,0.5868074657903506,-0.4885292248583149,7.270839788605071,Test
Kinase_0392,-0.29757474410595375,0.7349583486388352,-0.2900901246126204,-0.811212437284188,0.12045466604305038,-1.3726528096588775,1.4277904424775893,7.747311875725976,Test
GPCR_0143,-1.5390203815931283,-0.7166089017833985,-0.9836276422592474,0.3140535153918265,0.12045466604305038,0.5868074657903506,-0.4885292248583149,8.703499151813018,Test
GPCR_0049,0.6985603636290473,1.1639130496581322,-1.3869856586574083,-0.811212437284188,-1.6369702457217434,-1.3726528096588775,-0.4885292248583149,8.34955339453995,Test
Kinase_0139,-0.7520833329792092,1.057872356000749,-1.3971972540092605,-1.9364783899602027,-0.7582577898393464,-1.3726528096588775,1.4277904424775893,8.054051582605451,Test
Kinase_0063,0.15693384476729993,0.41204434127692163,0.8170170047840197,0.3140535153918265,0.9991671219254472,-1.3726528096588775,1.4277904424775893,7.249073753899095,Test
GPCR_0022,0.49172338808652594,0.5878771241271743,0.2000664522762846,0.3140535153918265,-0.7582577898393464,0.5868074657903506,-0.4885292248583149,9.0,Test
GPCR_0198,0.7937301940264831,-1.6728300839474937,0.9808280135533155,1.4393194680678412,1.877879577807844,-0.06634595935939212,-0.4885292248583149,9.0,Test
Kinase_0129,-0.26778876665332235,0.8303331416222252,-0.5364448624760538,-0.811212437284188,0.12045466604305038,-1.3726528096588775,1.4277904424775893,7.799173704763146,Test
Protease_0324,0.06721266878192862,-0.9198793276718216,0.4583347180502123,0.3140535153918265,0.9991671219254472,0.5868074657903506,-0.4885292248583149,8.05675302441289,Test
GPCR_0071,-0.4545262614757739,-0.07255853717190441,-1.1214841795092518,0.3140535153918265,-0.7582577898393464,-0.06634595935939212,-0.4885292248583149,8.404745740309812,Test
Protease_0172,-0.9631581508422274,-0.49587113131292837,0.0656137801435638,-0.811212437284188,-0.7582577898393464,-0.06634595935939212,-0.4885292248583149,7.645285976485062,Test
Protease_0310,-0.5079533450163175,-1.4496963502821405,0.2796317993927991,2.5645854207438554,0.9991671219254472,1.2399608909400932,-1.446689058526267,7.894726566472415,Test
Kinase_0065,2.0487974675438245,1.223812129530196,-0.1522335873626159,-0.811212437284188,0.9991671219254472,-0.06634595935939212,1.4277904424775893,7.872869873359129,Test
Protease_0146,0.5522034520604701,-1.7862905345954796,1.8156259335672313,1.4393194680678412,0.12045466604305038,0.5868074657903506,-1.446689058526267,7.905305057925236,Test
Kinase_0015,0.7631571887143298,1.8126780515240717,-1.3971972540092605,-1.9364783899602027,0.12045466604305038,-0.7194993845091349,1.4277904424775893,8.014982325123047,Test
Kinase_0157,1.8824621564643353,0.4669969164885824,1.5552302520950005,-0.811212437284188,1.877879577807844,-0.7194993845091349,1.4277904424775893,7.417567176671715,Test
Kinase_0041,1.460524412854327,0.8090013402742389,0.5706622669205863,0.3140535153918265,0.9991671219254472,-0.06634595935939212,1.4277904424775893,7.588903986999313,Test
GPCR_0043,-0.8105352866997708,0.6068129622802781,-0.8751294416458181,0.3140535153918265,-0.7582577898393464,-0.7194993845091349,-0.4885292248583149,8.93839172628976,Test
Kinase_0380,1.0048050118895007,0.03850595028119939,1.5433167241845063,0.3140535153918265,0.9991671219254472,-0.7194993845091349,1.4277904424775893,6.813764257196727,Test
Kinase_0188,-0.5105263207109058,-0.47067487319900236,0.9480658117994566,0.3140535153918265,0.9991671219254472,-0.06634595935939212,0.46963060880963725,6.66150466310147,Test
Protease_0097,-0.7521741438860774,-1.064410010717963,-0.017780915229895392,0.3140535153918265,-0.7582577898393464,-0.06634595935939212,-0.4885292248583149,7.64141767518885,Test
Kinase_0217,-0.5105263207109058,-0.47067487319900236,0.9480658117994566,0.3140535153918265,0.9991671219254472,-0.06634595935939212,0.46963060880963725,6.556505217819365,Test
Protease_0125,-0.9332510921804368,-1.4489234589289532,0.5774699971551543,0.3140535153918265,0.12045466604305038,-0.06634595935939212,-0.4885292248583149,7.900996946758535,Test
Kinase_0053,1.8178653313790518,1.6733257405442898,-0.7440806346303815,0.3140535153918265,-1.6369702457217434,-0.7194993845091349,0.46963060880963725,7.465190699954107,Test
Protease_0212,-0.4483813901110547,-1.0226738776458153,0.37494002267675314,0.3140535153918265,0.12045466604305038,1.8931143160898358,-1.446689058526267,7.404250518037777,Test
Kinase_0338,-0.20752059479540413,1.1653815432291887,-1.3971972540092605,-1.9364783899602027,-0.7582577898393464,-1.3726528096588775,1.4277904424775893,7.89652112375205,Test
Protease_0082,-0.5677674623398989,-0.0809057637863344,-0.7440806346303815,0.3140535153918265,-0.7582577898393464,1.2399608909400932,-1.446689058526267,7.331797803145455,Test
Protease_0053,0.06712185787505955,0.49165215065527795,-0.5296371322414859,-0.811212437284188,-0.7582577898393464,1.8931143160898358,-0.4885292248583149,7.464234435100777,Test
Protease_0058,-0.5385566206307636,-0.19436621443432048,0.0656137801435638,-0.811212437284188,-0.7582577898393464,0.5868074657903506,-0.4885292248583149,7.4718022698387285,Test
Kinase_0296,-0.5703404380344854,1.0839960837385003,-0.7440806346303815,0.3140535153918265,-1.6369702457217434,-0.7194993845091349,0.46963060880963725,7.353709560710902,Test
Protease_0035,-0.8708942694645573,-0.5177439566081469,-0.7440806346303815,1.4393194680678412,0.12045466604305038,-0.06634595935939212,-1.446689058526267,7.862236119265196,Test
Kinase_0252,1.2463620241578042,-0.8643857285129289,3.293328877608174,2.5645854207438554,1.877879577807844,0.5868074657903506,0.46963060880963725,6.114298292058216,Test
Protease_0060,2.7051181617795823,-1.3330670450860824,1.7322312381937721,2.5645854207438554,1.877879577807844,3.1994211663893215,-1.446689058526267,8.209776861560243,Test
GPCR_0012,-1.1450826676006842,0.6820925800807819,-1.3869856586574083,-0.811212437284188,-1.6369702457217434,-1.3726528096588775,-0.4885292248583149,8.386729520857415,Test
GPCR_0006,-1.5390203815931283,-0.7166089017833985,-0.9836276422592474,0.3140535153918265,0.12045466604305038,0.5868074657903506,-0.4885292248583149,8.734504469318427,Test
Protease_0344,-0.798911490620695,-0.27892052847307947,-0.7440806346303815,0.3140535153918265,-0.7582577898393464,-0.06634595935939212,-1.446689058526267,7.417293723540239,Test
Protease_0149,-0.7392184545062738,-0.866317956895899,-0.017780915229895392,0.3140535153918265,-0.7582577898393464,0.5868074657903506,-1.446689058526267,7.4603506414420915,Test
Protease_0196,0.5522034520604701,-1.7862905345954796,1.8156259335672313,1.4393194680678412,0.12045466604305038,0.5868074657903506,-1.446689058526267,7.985359395031252,Test
Kinase_0270,-0.056017731837652046,-0.7935888805609154,2.055172941196097,1.4393194680678412,1.877879577807844,-0.06634595935939212,0.46963060880963725,6.433540086592914,Test
Kinase_0202,1.0061369051902294,0.7859691779492386,-0.1522335873626159,-0.811212437284188,0.9991671219254472,-0.7194993845091349,1.4277904424775893,7.755723678955236,Test
Kinase_0162,3.459484365130258,0.41227620868287745,1.3527002776165995,-0.811212437284188,2.7565920336902408,1.8931143160898358,1.4277904424775893,7.133907690561368,Test
GPCR_0106,-0.7807493092471386,0.5812302584897585,-0.9942647207507601,-0.811212437284188,-0.7582577898393464,-0.7194993845091349,-0.4885292248583149,8.761809165575322,Test
Protease_0063,-0.2991185295227083,-1.135747882617208,1.0574149786922067,0.3140535153918265,0.12045466604305038,0.5868074657903506,-0.4885292248583149,7.569870392108261,Test
Kinase_0402,2.97518979880437,0.4625914357754112,0.9599793397099509,-0.811212437284188,1.877879577807844,1.2399608909400932,1.4277904424775893,6.991481746556933,Test
Protease_0036,0.46260335728425545,-0.16731501707274368,-0.017780915229895392,0.3140535153918265,0.12045466604305038,2.5462677412395784,-1.446689058526267,7.776964156925785,Test
GPCR_0027,0.6985603636290473,1.1639130496581322,-1.3869856586574083,-0.811212437284188,-1.6369702457217434,-1.3726528096588775,-0.4885292248583149,8.316103455408436,Test
Protease_0155,-1.4169705227628266,-0.6839155975435498,-0.7440806346303815,0.3140535153918265,-0.7582577898393464,-0.06634595935939212,-1.446689058526267,7.499300492622347,Test
Protease_0105,-0.7223881664334452,-0.7343854029067208,-0.13691619433483734,-0.811212437284188,0.12045466604305038,-0.06634595935939212,-0.4885292248583149,7.774970801010065,Test
Kinase_0106,-0.7520833329792092,1.057872356000749,-1.3971972540092605,-1.9364783899602027,-0.7582577898393464,-1.3726528096588775,1.4277904424775893,7.992631628522181,Test
GPCR_0116,-1.509234404140496,-0.349562798154455,-0.7287632416026036,0.3140535153918265,0.12045466604305038,1.2399608909400932,-0.4885292248583149,8.81155445217738,Test
Kinase_0390,0.09711972744371848,1.4925464530336363,-1.3971972540092605,-1.9364783899602027,-0.7582577898393464,-0.7194993845091349,1.4277904424775893,7.936220451650641,Test
Kinase_0002,1.0345909893421328,0.5016997382467201,1.2969619863210728,0.3140535153918265,0.9991671219254472,-0.7194993845091349,1.4277904424775893,7.191536354824321,Test
Protease_0283,-0.7820812025478682,-0.11135768310193804,-0.5296371322414859,-0.811212437284188,-0.7582577898393464,0.5868074657903506,-0.4885292248583149,7.62922647782293,Test
Protease_0330,-0.5886237006172004,-0.27652456527819663,-0.5296371322414859,-0.811212437284188,-0.7582577898393464,-0.06634595935939212,-0.4885292248583149,7.607766850539578,Test
GPCR_0112,0.4931763625964105,0.07065823057381745,-0.14202199201076363,0.3140535153918265,0.12045466604305038,0.5868074657903506,-0.4885292248583149,8.729153857029413,Test
Kinase_0081,-0.5105263207109058,-0.47067487319900236,0.9480658117994566,0.3140535153918265,0.9991671219254472,-0.06634595935939212,0.46963060880963725,6.639478216824373,Test
Kinase_0206,0.21859445053052395,1.2810060896661015,-1.3971972540092605,-0.811212437284188,0.12045466604305038,-1.3726528096588775,1.4277904424775893,8.058261244012732,Test
Kinase_0035,-0.29757474410595375,0.7349583486388352,-0.2900901246126204,-0.811212437284188,0.12045466604305038,-1.3726528096588775,1.4277904424775893,7.796905736815479,Test
Protease_0109,-0.47816736756368694,-1.3897199812747576,0.1200756220201091,0.3140535153918265,0.12045466604305038,1.2399608909400932,-1.446689058526267,7.430217914567499,Test
GPCR_0059,-1.2351368169112356,0.25166938549042844,-0.2798785292607681,0.3140535153918265,-0.7582577898393464,-1.3726528096588775,-0.4885292248583149,9.0,Test
Kinase_0428,-0.5703404380344854,1.0839960837385003,-0.7440806346303815,0.3140535153918265,-1.6369702457217434,-0.7194993845091349,0.46963060880963725,7.560553718999766,Test
GPCR_0005,-1.5105662974412228,-0.5609485832513513,0.46556793142444103,1.4393194680678412,-0.7582577898393464,-0.06634595935939212,-0.4885292248583149,9.0,Test
Kinase_0367,-0.5105263207109058,-0.47067487319900236,0.9480658117994566,0.3140535153918265,0.9991671219254472,-0.06634595935939212,0.46963060880963725,6.706042872271563,Test
Kinase_0092,0.21859445053052395,1.2810060896661015,-1.3971972540092605,-0.811212437284188,0.12045466604305038,-1.3726528096588775,1.4277904424775893,8.344231748579935,Test
Kinase_0340,1.6722954476699965,-0.5240043765689687,1.5977785660610513,1.4393194680678412,2.7565920336902408,1.8931143160898358,0.46963060880963725,6.466258317079405,Test
Protease_0231,0.7651550286654185,-0.5115608257826433,0.5774699971551543,0.3140535153918265,0.12045466604305038,2.5462677412395784,-0.4885292248583149,7.656014809763309,Test
GPCR_0115,0.13023543814817157,1.4340385775973106,-1.3869856586574083,-0.811212437284188,-0.7582577898393464,-0.06634595935939212,-0.4885292248583149,8.650364970352905,Test
Kinase_0346,1.2163338842868565,0.403078801579941,1.3548276933149017,2.5645854207438554,0.12045466604305038,-0.06634595935939212,0.46963060880963725,6.884095490603646,Test
Protease_0110,0.7624912420639647,-1.783894571400598,2.030069435956127,0.3140535153918265,0.9991671219254472,-0.06634595935939212,-0.4885292248583149,7.962471776242602,Test
Kinase_0242,0.6113213524313968,0.3425614086253278,0.5706622669205863,0.3140535153918265,0.9991671219254472,-0.7194993845091349,1.4277904424775893,7.355806533779966,Test
Kinase_0014,-0.5105263207109058,-0.47067487319900236,0.9480658117994566,0.3140535153918265,0.9991671219254472,-0.06634595935939212,0.46963060880963725,6.385436963301331,Test
Kinase_0316,1.0061369051902294,0.7859691779492386,-0.1522335873626159,-0.811212437284188,0.9991671219254472,-0.7194993845091349,1.4277904424775893,7.674756576244914,Test
GPCR_0151,-0.9209613494509966,-0.543249371263348,-0.6096279624976614,1.4393194680678412,0.12045466604305038,1.2399608909400932,-0.4885292248583149,8.95351344303984,Test
Kinase_0388,2.642973231179728,-0.2687183626109987,1.5977785660610513,1.4393194680678412,3.6353044895726376,2.5462677412395784,0.46963060880963725,6.983713625882383,Test
Kinase_0274,-0.7520833329792092,1.057872356000749,-1.3971972540092605,-1.9364783899602027,-0.7582577898393464,-1.3726528096588775,1.4277904424775893,7.933558959152938,Test
Kinase_0167,-0.7520833329792092,1.057872356000749,-1.3971972540092605,-1.9364783899602027,-0.7582577898393464,-1.3726528096588775,1.4277904424775893,8.055333023999173,Test
Protease_0174,0.3697037995585155,-0.9612290150673755,0.8867962396883436,1.4393194680678412,0.12045466604305038,0.5868074657903506,-1.446689058526267,7.819398742311984,Test
Protease_0340,-0.4801954778170676,-1.5202613308281985,1.6526658910772565,0.3140535153918265,0.12045466604305038,-0.06634595935939212,-0.4885292248583149,8.03421580102769,Test
GPCR_0197,-0.6469848434308938,1.0795906030253297,-1.3869856586574083,-0.811212437284188,-1.6369702457217434,-1.3726528096588775,-0.4885292248583149,8.341589021133952,Test
Protease_0152,-0.4483813901110547,-1.0226738776458153,0.37494002267675314,0.3140535153918265,0.12045466604305038,1.8931143160898358,-1.446689058526267,7.619295248546554,Test
GPCR_0035,-0.7508422505853505,-0.33480057330856616,-1.4516590958858056,-0.811212437284188,0.12045466604305038,-0.06634595935939212,-0.4885292248583149,8.326819321304335,Test
Protease_0328,-0.9923689925513627,-0.3824106806649421,-0.7440806346303815,0.3140535153918265,-0.7582577898393464,0.5868074657903506,-1.446689058526267,7.428209215031128,Test
GPCR_0055,-0.29633366171209674,-1.154992877311587,-0.3445519664891654,0.3140535153918265,0.9991671219254472,0.5868074657903506,-0.4885292248583149,9.0,Test
Protease_0165,1.8537961801964034,-0.8156935732620904,1.101239742077239,0.3140535153918265,0.9991671219254472,1.8931143160898358,-0.4885292248583149,8.141622787349267,Test
Kinase_0244,0.7333712112616967,1.1350069130489036,-0.6062240973803771,0.3140535153918265,-0.7582577898393464,-0.06634595935939212,0.46963060880963725,7.585591279125518,Test
GPCR_0117,-0.41584081515009774,1.3107624067638375,-1.3869856586574083,-0.811212437284188,-1.6369702457217434,-0.06634595935939212,-0.4885292248583149,8.420998738646551,Test
Protease_0209,-0.5086495619689729,-1.184440037868047,0.2034703173935683,-0.811212437284188,0.12045466604305038,-0.06634595935939212,-0.4885292248583149,7.38816521702036,Test
GPCR_0113,-0.3872656497890348,-0.12186900550529363,0.4464211901397181,0.3140535153918265,-0.7582577898393464,-0.7194993845091349,-0.4885292248583149,8.91233147257626,Test
Protease_0300,-0.47949926086441474,-1.6972534507082315,1.8156259335672313,1.4393194680678412,0.12045466604305038,0.5868074657903506,-1.446689058526267,8.04737376152368,Test
Protease_0020,0.7569215064427398,-0.15587622504556234,-0.5296371322414859,-0.811212437284188,-0.7582577898393464,-0.06634595935939212,-0.4885292248583149,7.531210253058599,Test
Protease_0291,-0.7820812025478682,-0.11135768310193804,-0.5296371322414859,-0.811212437284188,-0.7582577898393464,0.5868074657903506,-0.4885292248583149,7.478531518016461,Test
Kinase_0190,0.8229713060379078,-0.35752357909229054,1.3407867497061052,0.3140535153918265,1.877879577807844,1.2399608909400932,0.46963060880963725,6.347575916297121,Test
Protease_0116,-1.237316278676064,-1.0744575983094058,-0.017780915229895392,0.3140535153918265,-0.7582577898393464,0.5868074657903506,-1.446689058526267,7.54421550896306,Test
Protease_0033,-0.962461933889572,-1.0668059739128457,-0.2322244176187911,1.4393194680678412,0.12045466604305038,0.5868074657903506,-1.446689058526267,7.58776595061806,Test
GPCR_0026,-0.35735859112724583,-1.1379119784061345,-0.6062240973803771,0.3140535153918265,0.12045466604305038,-0.7194993845091349,-0.4885292248583149,8.34196080231584,Test
Protease_0015,-0.5080744262254768,-0.6695398183742544,-0.017780915229895392,0.3140535153918265,-0.7582577898393464,1.2399608909400932,-1.446689058526267,7.722378631324876,Test
GPCR_0061,0.4930552813872529,1.0220874863481493,-0.9942647207507601,-0.811212437284188,-0.7582577898393464,1.2399608909400932,-0.4885292248583149,8.809270665403435,Test
Kinase_0059,1.217786858796741,0.16332790382104906,1.459922028811047,1.4393194680678412,1.877879577807844,1.2399608909400932,0.46963060880963725,6.880671514710534,Test
GPCR_0025,-1.5105662974412228,-0.5609485832513513,0.46556793142444103,1.4393194680678412,-0.7582577898393464,-0.06634595935939212,-0.4885292248583149,9.0,Test
GPCR_0111,-0.8404423453615616,1.0092574898852296,-1.3869856586574083,-0.811212437284188,-1.6369702457217434,-0.7194993845091349,-0.4885292248583149,8.16422027757997,Test
Protease_0190,0.7346122936555564,-0.9667165436750089,1.0893262141667448,1.4393194680678412,0.12045466604305038,1.8931143160898358,-1.446689058526267,7.865102775923698,Test
Protease_0081,-0.5080744262254768,-0.6695398183742544,-0.017780915229895392,0.3140535153918265,-0.7582577898393464,1.2399608909400932,-1.446689058526267,7.5840675142989795,Test
Kinase_0253,1.199473325911736,1.5023621732191221,-1.004476316102612,-1.9364783899602027,0.12045466604305038,-0.06634595935939212,1.4277904424775893,8.261930429551896,Test
Kinase_0022,1.0048050118895007,0.03850595028119939,1.5433167241845063,0.3140535153918265,0.9991671219254472,-0.7194993845091349,1.4277904424775893,6.90114255492702,Test
Kinase_0314,-0.29757474410595375,0.7349583486388352,-0.2900901246126204,-0.811212437284188,0.12045466604305038,-1.3726528096588775,1.4277904424775893,7.795550445400096,Test
GPCR_0010,-0.8404423453615616,1.0092574898852296,-1.3869856586574083,-0.811212437284188,-1.6369702457217434,-0.7194993845091349,-0.4885292248583149,8.17385577528166,Test
Kinase_0161,-0.7520833329792092,1.057872356000749,-1.3971972540092605,-1.9364783899602027,-0.7582577898393464,-1.3726528096588775,1.4277904424775893,7.785821749465902,Test
Kinase_0277,0.5217212576551823,1.7940513699122445,-1.3971972540092605,-1.9364783899602027,-0.7582577898393464,-0.06634595935939212,1.4277904424775893,8.111095954336022,Test
Protease_0289,-0.32757261367461354,-0.7999265896570564,-0.3917805949914814,-0.811212437284188,-0.7582577898393464,-0.06634595935939212,-0.4885292248583149,7.455646373334417,Test
Kinase_0192,0.034036417472899295,-0.36316568597056265,0.9480658117994566,0.3140535153918265,0.9991671219254472,-0.06634595935939212,0.46963060880963725,6.81359381914852,Test
Kinase_0386,2.0369617793487196,2.256085820847983,-1.3971972540092605,-1.9364783899602027,0.12045466604305038,1.2399608909400932,1.4277904424775893,8.262912067971433,Test
Protease_0139,-0.5378604036781082,-0.8023225528519391,-0.6062240973803771,0.3140535153918265,0.12045466604305038,0.5868074657903506,-1.446689058526267,7.674046454097581,Test
Kinase_0414,0.15681276355814144,1.0645192216381647,-1.004476316102612,-1.9364783899602027,0.12045466604305038,-0.7194993845091349,1.4277904424775893,8.055873523284777,Test
GPCR_0042,-0.6607881012747974,0.7780856861467217,-0.9942647207507601,-0.811212437284188,-0.7582577898393464,-0.7194993845091349,-0.4885292248583149,8.50561253483367,Test
Kinase_0344,2.7268825091255593,0.25383348127935507,0.9480658117994566,0.3140535153918265,0.9991671219254472,1.2399608909400932,0.46963060880963725,6.61057752369433,Test
Protease_0103,-0.4483813901110547,-1.0226738776458153,0.37494002267675314,0.3140535153918265,0.12045466604305038,1.8931143160898358,-1.446689058526267,7.468689602442347,Test
Kinase_0309,1.8552188844040012,2.2705388891525975,-1.004476316102612,-1.9364783899602027,0.12045466604305038,1.8931143160898358,1.4277904424775893,8.180210607175509,Test
GPCR_0212,-0.7223881664334452,-0.4389863277182979,-0.3764632019637035,-0.811212437284188,0.12045466604305038,-0.06634595935939212,-0.4885292248583149,8.87246177120148,Test
Kinase_0131,0.7631571887143281,1.3921478662545248,-0.35135969672373335,0.3140535153918265,-0.7582577898393464,0.5868074657903506,0.46963060880963725,7.215725485340082,Test
GPCR_0214,0.1268148939894851,0.2884590139021735,0.5927873901829331,0.3140535153918265,0.9991671219254472,-0.7194993845091349,-0.4885292248583149,9.0,Test
Protease_0205,-1.3877596810536914,-0.7973760481915361,0.0656137801435638,-0.811212437284188,-0.7582577898393464,-0.7194993845091349,-0.4885292248583149,7.324954069642372,Test
Kinase_0100,-0.02623175438501894,-0.6982140875775262,1.8088182033326634,1.4393194680678412,1.877879577807844,-0.06634595935939212,0.46963060880963725,6.489442929993728,Test
Kinase_0373,-0.29757474410595375,0.7349583486388352,-0.2900901246126204,-0.811212437284188,0.12045466604305038,-1.3726528096588775,1.4277904424775893,7.891195541169257,Test
Kinase_0088,-0.5703404380344854,1.0839960837385003,-0.7440806346303815,0.3140535153918265,-1.6369702457217434,-0.7194993845091349,0.46963060880963725,7.506958666448953,Test
GPCR_0009,-1.5390203815931283,-0.7166089017833985,-0.9836276422592474,0.3140535153918265,0.12045466604305038,0.5868074657903506,-0.4885292248583149,8.446626989818807,Test
Kinase_0331,1.4904314715161169,0.26040305778145184,0.7085188041705905,0.3140535153918265,1.877879577807844,-0.06634595935939212,1.4277904424775893,7.337010984072962,Test
Kinase_0215,-0.5105263207109058,-0.47067487319900236,0.9480658117994566,0.3140535153918265,0.9991671219254472,-0.06634595935939212,0.46963060880963725,6.625138613303949,Test
GPCR_0017,-1.4487846104688404,-0.20580500646150215,-1.5707943749907476,-0.811212437284188,0.9991671219254472,-1.3726528096588775,-0.4885292248583149,8.449733760716558,Test
Kinase_0122,-0.7520833329792092,1.057872356000749,-1.3971972540092605,-1.9364783899602027,-0.7582577898393464,-1.3726528096588775,1.4277904424775893,7.7956158817807895,Test
GPCR_0165,-0.7508422505853496,0.09113985143329664,-1.4516590958858056,-0.811212437284188,0.12045466604305038,-0.06634595935939212,-0.4885292248583149,8.496224944289297,Test
Kinase_0021,0.7034641525999069,1.9522622299098116,-0.7440806346303815,0.3140535153918265,-1.6369702457217434,-0.06634595935939212,0.46963060880963725,7.936521315338235,Test
Protease_0034,0.21850363962365574,-0.5634218355815529,-0.017780915229895392,0.3140535153918265,0.9991671219254472,0.5868074657903506,-0.4885292248583149,7.617032046147559,Test
Kinase_0072,-0.5703404380344854,1.0839960837385003,-0.7440806346303815,0.3140535153918265,-1.6369702457217434,-0.7194993845091349,0.46963060880963725,7.688351484969896,Test
Kinase_0107,0.8234253605722481,1.479716456570716,-0.7440806346303815,0.3140535153918265,-1.6369702457217434,0.5868074657903506,0.46963060880963725,7.72768588518158,Test
Kinase_0271,0.2905772293743862,1.5628795661737367,-1.3971972540092605,-1.9364783899602027,-0.7582577898393464,-1.3726528096588775,1.4277904424775893,8.308014993359919,Test
Protease_0194,-0.7223881664334452,-0.7343854029067208,-0.13691619433483734,-0.811212437284188,0.12045466604305038,-0.06634595935939212,-0.4885292248583149,7.5042225759770975,Test
Kinase_0436,0.7320393179609689,0.387543685380864,1.0893262141667448,1.4393194680678412,-0.7582577898393464,-0.06634595935939212,0.46963060880963725,6.730245217062965,Test
Kinase_0103,0.5217212576551832,1.9261385021720598,-1.3971972540092605,-1.9364783899602027,-0.7582577898393464,-0.7194993845091349,1.4277904424775893,8.139644822520987,Test
