Molecule_ID,BindingDB_ID,SMILES,Target_Class,Specific_Target,MW,logP,TPSA,HBD,HBA,nRotB,nArom,MW_normalized,logP_normalized,TPSA_normalized,HBD_normalized,HBA_normalized,nRotB_normalized,nArom_normalized,pActivity,Ki_M,Assay_Type,Temperature_C,pH,Scaffold_ID,Cluster_ID,Split,Date_Added
Protease_0086,BDBM402417,c1cc(ccc1S(=O)(=O)N)CC(=O)NS,Protease,Thrombin,246.313,-0.16249999999999992,89.25999999999999,3,4,3,1,0.46069632824003326,-1.6157907020822255,1.3037697165556401,1.4393194680678412,0.9991671219254472,-0.06634595935939212,-0.4885292248583149,8.113437432453077,7.907234459320897e-09,Direct_Binding,37,6.884515813706266,Scaffold_077,Cluster_157,Train,2024-01-01 00:00:00
GPCR_0070,BDBM488796,C1CC(CCC1N)c2ccccc2C(C)C,GPCR,Serotonin_5HT2A,217.35600000000002,3.794900000000002,26.02,1,1,2,1,-0.41584081515009685,1.4428495390236529,-1.3869856586574083,-0.811212437284188,-1.6369702457217434,-0.7194993845091349,-0.4885292248583149,8.455445634283034,7.478148386917654e-09,Functional,25,7.167212337194181,Scaffold_143,Cluster_100,Train,2024-01-01 01:00:00
Kinase_0211,BDBM559713,c1cc(ccc1N)c2ncnc3c2cc(cc3)F,Kinase,CDK2,239.25300000000001,3.0181000000000004,51.8,1,3,1,3,0.24698799407785127,0.8424675358672751,-0.2900901246126204,-0.811212437284188,0.12045466604305038,-1.3726528096588775,1.4277904424775893,7.771862576603975,2.510847297820054e-08,Direct_Binding,37,7.450531052586204,Scaffold_062,Cluster_079,Train,2024-01-01 02:00:00
GPCR_0162,BDBM589478,c1ccc2c(c1)OCCn2OCCF,GPCR,Dopamine_D2,197.20899999999995,1.7864999999999998,21.700000000000003,0,3,3,1,-1.0256965953718409,-0.10942545471896845,-1.5707943749907476,-1.9364783899602027,0.12045466604305038,-0.06634595935939212,-0.4885292248583149,8.288678620061207,4.376259256656094e-09,Enzymatic,25,7.4106057172144215,Scaffold_101,Cluster_128,Train,2024-01-01 03:00:00
Protease_0248,BDBM177667,c1cc(ccc1S(=O)(=O)N)CC(C)CC(=O)OC(=O)N,Protease,Thrombin,300.336,0.5246000000000003,129.55,2,5,5,1,2.0959888688127815,-1.0847370533068048,3.0180412862478256,0.3140535153918265,1.877879577807844,1.2399608909400932,-0.4885292248583149,8.279278911502649,5.000291604098838e-09,Direct_Binding,37,7.191643401973318,Scaffold_183,Cluster_074,Train,2024-01-01 04:00:00
GPCR_0085,BDBM205043,C1CC(CCC1N)c2ccccc2OCC,GPCR,Adrenergic_Beta2,219.328,3.0702000000000016,35.25,1,2,3,1,-0.35614777903567474,0.8827351753683665,-0.9942647207507601,-0.811212437284188,-0.7582577898393464,-0.06634595935939212,-0.4885292248583149,8.617980868968303,2.0205199243429145e-09,Functional,37,6.861403779067186,Scaffold_256,Cluster_176,Train,2024-01-01 05:00:00
Protease_0175,BDBM173234,C1CCC(CC1)NC(=O)C(C)NC(=O)O,Protease,Factor_Xa,214.26500000000001,1.0914,78.43,3,2,3,0,-0.5094063195262029,-0.6466622343198919,0.8429714763033114,1.4393194680678412,-0.7582577898393464,-0.06634595935939212,-1.446689058526267,7.880903719795463,9.475373080936941e-09,Enzymatic,37,7.454666356879069,Scaffold_236,Cluster_179,Train,2024-01-01 06:00:00
Kinase_0200,BDBM120337,c1cc(ccc1N)c2ncnc3c2cc(cc3),Kinase,EGFR,221.26300000000003,2.8790000000000004,51.8,1,3,1,3,-0.29757474410595375,0.7349583486388352,-0.2900901246126204,-0.811212437284188,0.12045466604305038,-1.3726528096588775,1.4277904424775893,7.502078455325407,1.667420149376693e-08,Functional,20,6.943380014379188,Scaffold_007,Cluster_015,Train,2024-01-01 07:00:00
Kinase_0216,BDBM258003,c1ccc2c(c1)ncc(n2)c3ccccc3CCC,Kinase,VEGFR2,248.32899999999995,4.2493000000000025,25.78,0,2,3,3,0.5217212576551823,1.7940513699122445,-1.3971972540092605,-1.9364783899602027,-0.7582577898393464,-0.06634595935939212,1.4277904424775893,8.195082383073991,7.9946317839595e-09,Functional,25,6.570932216133773,Scaffold_269,Cluster_136,Train,2024-01-01 08:00:00
GPCR_0139,BDBM205335,C1CN(CCN1)c2ccc(cc2)S(=O)(=O)N,GPCR,Dopamine_D2,241.31599999999997,-0.2563999999999994,75.43,2,4,2,1,0.3094356277005955,-1.6883652001465705,0.7153265344051591,0.3140535153918265,0.9991671219254472,-0.7194993845091349,-0.4885292248583149,8.84606689968287,1.350146687895592e-09,Direct_Binding,20,7.420739650342635,Scaffold_117,Cluster_011,Train,2024-01-01 09:00:00
GPCR_0145,BDBM846525,C1CC(CCC1N)c2ccccc2S(=O)(=O)N,GPCR,Adrenergic_Beta2,254.35500000000002,1.3189000000000004,86.18,2,3,2,1,0.7041300992502713,-0.4708294514696396,1.1727209095402045,0.3140535153918265,0.12045466604305038,-0.7194993845091349,-0.4885292248583149,9.0,1e-09,Direct_Binding,37,6.96806905423429,Scaffold_104,Cluster_049,Train,2024-01-01 10:00:00
Kinase_0430,BDBM132792,c1ccc2c(c1)ncc(n2)c3ccccc3N(C)C,Kinase,CDK2,249.31699999999998,3.362800000000002,29.020000000000003,0,3,2,3,0.5516283163169731,1.1088831853111523,-1.259340716759256,-1.9364783899602027,0.12045466604305038,-0.7194993845091349,1.4277904424775893,7.666295077036534,7.791749987835235e-09,Direct_Binding,25,6.886540506823028,Scaffold_187,Cluster_023,Train,2024-01-01 11:00:00
GPCR_0098,BDBM833232,C1CC(CCC1N)c2ccccc2N,GPCR,Adrenergic_Beta2,190.29000000000002,2.2537000000000003,52.04,2,2,1,1,-1.2351368169112356,0.25166938549042844,-0.2798785292607681,0.3140535153918265,-0.7582577898393464,-1.3726528096588775,-0.4885292248583149,9.0,1e-09,Direct_Binding,20,7.144745248576818,Scaffold_017,Cluster_079,Train,2024-01-01 12:00:00
GPCR_0148,BDBM699672,C1CN(CCN1)c2ccc(cc2)NOC,GPCR,Dopamine_D2,207.277,1.0694999999999997,36.53,2,4,3,1,-0.7209351919235597,-0.6635885549547076,-0.9398028788742151,0.3140535153918265,0.9991671219254472,-0.06634595935939212,-0.4885292248583149,8.757840335609975,1.3753259637634613e-09,Functional,37,6.654492204004926,Scaffold_205,Cluster_151,Train,2024-01-01 13:00:00
Protease_0074,BDBM511223,CC(C)CC(NC(=O)C)C(=O)NC,Protease,Factor_Xa,186.25499999999997,0.28319999999999995,58.2,2,2,4,0,-1.3572774866484054,-1.2713130259663694,-0.017780915229895392,0.3140535153918265,-0.7582577898393464,0.5868074657903506,-1.446689058526267,7.420809966587047,1.0365887477091697e-07,Enzymatic,37,7.353317186666586,Scaffold_051,Cluster_147,Train,2024-01-01 14:00:00
Kinase_0406,BDBM958835,c1ccc2c(c1)ncc(n2)c3ccccc3,Kinase,ABL1,206.248,3.296800000000001,25.78,0,2,1,3,-0.7520833329792092,1.057872356000749,-1.3971972540092605,-1.9364783899602027,-0.7582577898393464,-1.3726528096588775,1.4277904424775893,8.025451489852125,1.4242556273416013e-08,Direct_Binding,37,7.0430245839576635,Scaffold_169,Cluster_139,Train,2024-01-01 15:00:00
Protease_0288,BDBM847717,CC(C)CC(NC(=O)C)C(=O)NNCCC,Protease,Factor_Xa,229.32399999999996,0.5680000000000005,70.23,3,3,7,0,-0.0535658373522231,-1.051193568578449,0.4940753017816951,1.4393194680678412,0.12045466604305038,2.5462677412395784,-1.446689058526267,7.528524986487055,1.8607291125849567e-08,Direct_Binding,20,7.321839322752902,Scaffold_260,Cluster_045,Train,2024-01-01 16:00:00
Kinase_0356,BDBM608876,c1ccc2c(c1)ncc(n2)c3ccccc3C(=O)N,Kinase,ABL1,249.27299999999997,2.3956999999999993,68.87,1,3,2,3,0.5502964230162453,0.36141995764311236,0.43620959478786614,-0.811212437284188,0.12045466604305038,-0.7194993845091349,1.4277904424775893,7.043129595304329,7.1263445892712e-08,Enzymatic,20,6.88798675994687,Scaffold_035,Cluster_165,Train,2024-01-01 17:00:00
GPCR_0217,BDBM773292,C1CN(CCN1)c2ccc(cc2)SOCCO,GPCR,Dopamine_D2,254.35499999999996,1.1121999999999999,44.730000000000004,2,5,5,1,0.7041300992502695,-0.6305860941735832,-0.5909067043525988,0.3140535153918265,1.877879577807844,1.2399608909400932,-0.4885292248583149,9.0,1e-09,Direct_Binding,37,7.490108846086866,Scaffold_139,Cluster_081,Train,2024-01-01 18:00:00
Protease_0157,BDBM816881,C1CCC(CC1)NC(=O)C(C)NS,Protease,Thrombin,202.32300000000004,1.2581999999999998,41.13,3,3,3,0,-0.8708942694645573,-0.5177439566081469,-0.7440806346303815,1.4393194680678412,0.12045466604305038,-0.06634595935939212,-1.446689058526267,8.180369870000858,1.8032688917327527e-08,Direct_Binding,20,6.7175879399316445,Scaffold_284,Cluster_013,Train,2024-01-01 19:00:00
Protease_0087,BDBM103499,c1cc(ccc1S(=O)(=O)N)CC(=O)NS,Protease,Thrombin,246.313,-0.16249999999999992,89.25999999999999,3,4,3,1,0.46069632824003326,-1.6157907020822255,1.3037697165556401,1.4393194680678412,0.9991671219254472,-0.06634595935939212,-0.4885292248583149,8.426215584813393,6.233953058486401e-09,Enzymatic,37,6.846958950377585,Scaffold_274,Cluster_137,Train,2024-01-01 20:00:00
Kinase_0140,BDBM551344,c1cc(ccc1C(=O)N)Nc2nccc(n2),Kinase,ABL1,214.228,1.3191,80.9,2,4,3,2,-0.5105263207109058,-0.47067487319900236,0.9480658117994566,0.3140535153918265,0.9991671219254472,-0.06634595935939212,0.46963060880963725,6.487799352534907,2.857482464130618e-07,Functional,25,6.5420246751714055,Scaffold_276,Cluster_008,Train,2024-01-01 21:00:00
Kinase_0257,BDBM564478,c1cc(ccc1C(=O)N)Nc2nccc(n2),Kinase,VEGFR2,214.228,1.3191,80.9,2,4,3,2,-0.5105263207109058,-0.47067487319900236,0.9480658117994566,0.3140535153918265,0.9991671219254472,-0.06634595935939212,0.46963060880963725,6.8624656723779935,3.3085324829485016e-07,Direct_Binding,37,7.407611002556555,Scaffold_041,Cluster_013,Train,2024-01-01 22:00:00
Protease_0346,BDBM316456,c1ccc(cc1)C(=O)NC(C)C(=O)OCN(C)C,Protease,Factor_Xa,250.29799999999994,0.8671999999999997,58.64000000000001,1,4,5,1,0.581323482862737,-0.8199444757046238,0.00094034291516714,-0.811212437284188,0.9991671219254472,1.2399608909400932,-0.4885292248583149,7.567022445888248,2.482112774088276e-08,Enzymatic,37,7.256646549352399,Scaffold_029,Cluster_078,Train,2024-01-01 23:00:00
Protease_0262,BDBM572253,C1CCC(CC1)NC(=O)C(C)NC(=O)O,Protease,Trypsin,214.26500000000001,1.0914,78.43,3,2,3,0,-0.5094063195262029,-0.6466622343198919,0.8429714763033114,1.4393194680678412,-0.7582577898393464,-0.06634595935939212,-1.446689058526267,8.021719247936145,6.778628512067974e-09,Functional,25,6.612397027176013,Scaffold_229,Cluster_099,Train,2024-01-02 00:00:00
Protease_0141,BDBM858183,C1CCC(CC1)NC(=O)C(C)NC(C)C,Protease,Trypsin,212.33700000000002,1.8217999999999996,41.13,2,2,4,0,-0.567767462339898,-0.08214238995143494,-0.7440806346303815,0.3140535153918265,-0.7582577898393464,0.5868074657903506,-1.446689058526267,7.708969146840095,3.335846219134774e-08,Direct_Binding,30,7.07654498995114,Scaffold_268,Cluster_049,Train,2024-01-02 01:00:00
Kinase_0250,BDBM113228,c1cc(ccc1N)c2ncnc3c2cc(cc3)NCCC,Kinase,EGFR,278.3590000000001,3.7009000000000016,63.83,2,4,4,3,1.4307384354016948,1.370197751823988,0.2217660923989701,0.3140535153918265,0.9991671219254472,0.5868074657903506,1.4277904424775893,7.843384256644144,1.758321637518975e-08,Direct_Binding,30,7.202258766031664,Scaffold_127,Cluster_091,Train,2024-01-02 02:00:00
Kinase_0214,BDBM344119,c1ccc2c(c1)ncc(n2)c3ccccc3,Kinase,CDK2,206.248,3.296800000000001,25.78,0,2,1,3,-0.7520833329792092,1.057872356000749,-1.3971972540092605,-1.9364783899602027,-0.7582577898393464,-1.3726528096588775,1.4277904424775893,8.02973268769587,1.410878825683265e-08,Functional,37,7.006266059495203,Scaffold_126,Cluster_138,Train,2024-01-02 03:00:00
Kinase_0313,BDBM262520,c1cc(ccc1C(=O)N)Nc2nccc(n2),Kinase,ABL1,214.228,1.3191,80.9,2,4,3,2,-0.5105263207109058,-0.47067487319900236,0.9480658117994566,0.3140535153918265,0.9991671219254472,-0.06634595935939212,0.46963060880963725,6.796241452348204,8.781289987829745e-08,Enzymatic,30,6.806313498778213,Scaffold_132,Cluster_014,Train,2024-01-02 04:00:00
GPCR_0032,BDBM230738,c1cc(ccc1O)CCNNC(=O)N,GPCR,Serotonin_5HT2A,195.22199999999998,0.10760000000000008,87.38,4,3,4,1,-1.0858436860206013,-1.407032747586168,1.223778886299465,2.5645854207438554,0.12045466604305038,0.5868074657903506,-0.4885292248583149,9.0,1e-09,Functional,37,6.939740486507908,Scaffold_094,Cluster_176,Train,2024-01-02 05:00:00
Protease_0282,BDBM850609,c1cc(ccc1S(=O)(=O)N)CS,Protease,Factor_Xa,203.28799999999998,0.7638,60.16,2,3,2,1,-0.841683427755422,-0.8998614416242546,0.0656137801435638,0.3140535153918265,0.12045466604305038,-0.7194993845091349,-0.4885292248583149,8.09531832336192,1.4070934167821096e-08,Direct_Binding,20,7.1966889878731966,Scaffold_126,Cluster_112,Train,2024-01-02 06:00:00
Kinase_0137,BDBM414164,c1cc(ccc1N)c2ncnc3c2cc(cc3)C(=O)N,Kinase,EGFR,264.288,1.9778999999999995,94.89,2,4,2,3,1.0048050118895007,0.03850595028119939,1.5433167241845063,0.3140535153918265,0.9991671219254472,-0.7194993845091349,1.4277904424775893,6.817521006149565,1.3611159867043893e-07,Direct_Binding,30,7.4768003285106595,Scaffold_117,Cluster_131,Train,2024-01-02 07:00:00
Kinase_0060,BDBM187295,c1ccc2c(c1)ncc(n2)c3ccccc3C(C)C,Kinase,ABL1,248.32899999999998,4.420200000000002,25.78,0,2,2,3,0.5217212576551832,1.9261385021720598,-1.3971972540092605,-1.9364783899602027,-0.7582577898393464,-0.7194993845091349,1.4277904424775893,8.337383769068357,8.5820396652243e-09,Enzymatic,37,6.9177609792751,Scaffold_234,Cluster_135,Train,2024-01-02 08:00:00
Kinase_0360,BDBM409030,c1cc(ccc1C(=O)N)Nc2nccc(n2)NC,Kinase,ABL1,243.27,1.3608,92.93,3,5,4,2,0.36858379837381267,-0.43844530377106605,1.459922028811047,1.4393194680678412,1.877879577807844,0.5868074657903506,0.46963060880963725,6.540495358467152,2.948567642785508e-07,Direct_Binding,30,6.95852300888189,Scaffold_091,Cluster_046,Train,2024-01-02 09:00:00
Kinase_0281,BDBM228074,c1ccc(cc1)NC(=O)Nc2ccc(cc2),Kinase,CDK2,212.252,3.3306000000000004,41.13,2,1,2,2,-0.5703404380344854,1.0839960837385003,-0.7440806346303815,0.3140535153918265,-1.6369702457217434,-0.7194993845091349,0.46963060880963725,7.474673601787687,3.258196041737505e-08,Enzymatic,30,7.4417257116189255,Scaffold_021,Cluster_131,Train,2024-01-02 10:00:00
GPCR_0150,BDBM998422,C1CC(CCC1N)c2ccccc2CC,GPCR,Adrenergic_Beta2,203.329,3.233900000000002,26.02,1,1,2,1,-0.8404423453615616,1.0092574898852296,-1.3869856586574083,-0.811212437284188,-1.6369702457217434,-0.7194993845091349,-0.4885292248583149,8.498489143184704,4.150897661775486e-09,Functional,30,6.92998521412106,Scaffold_137,Cluster_095,Train,2024-01-02 11:00:00
Protease_0294,BDBM944311,c1cc(ccc1S(=O)(=O)N)COC,Protease,Factor_Xa,201.24699999999996,0.48040000000000027,69.39,1,3,3,1,-0.9034651147278046,-1.118898851117711,0.4583347180502123,-0.811212437284188,0.12045466604305038,-0.06634595935939212,-0.4885292248583149,7.63932836938008,1.9019437231796155e-08,Direct_Binding,30,7.411818569539447,Scaffold_283,Cluster_175,Train,2024-01-02 12:00:00
Kinase_0310,BDBM598357,c1cc(ccc1N)c2ncnc3c2cc(cc3)CCCl,Kinase,EGFR,283.762,3.660300000000001,51.8,1,3,3,3,1.5942888786705693,1.3388183628845582,-0.2900901246126204,-0.811212437284188,0.12045466604305038,-0.06634595935939212,1.4277904424775893,7.691652102134916,1.489266834758706e-08,Direct_Binding,25,6.929931077390148,Scaffold_143,Cluster_179,Train,2024-01-02 13:00:00
Kinase_0175,BDBM385071,c1cc(ccc1C(=O)N)Nc2nccc(n2)C(C)CNC,Kinase,EGFR,285.351,1.6420000000000001,92.93,3,5,6,2,1.642388389008205,-0.2211082552546227,1.459922028811047,1.4393194680678412,1.877879577807844,1.8931143160898358,0.46963060880963725,6.620341619899503,1.5211919062259157e-07,Direct_Binding,20,6.578969162190829,Scaffold_047,Cluster_012,Train,2024-01-02 14:00:00
Kinase_0433,BDBM608947,c1cc(ccc1C(=O)N)Nc2nccc(n2),Kinase,CDK2,214.228,1.3191,80.9,2,4,3,2,-0.5105263207109058,-0.47067487319900236,0.9480658117994566,0.3140535153918265,0.9991671219254472,-0.06634595935939212,0.46963060880963725,6.632017974833317,2.517601080979522e-07,Direct_Binding,20,7.077279029233131,Scaffold_098,Cluster_055,Train,2024-01-02 15:00:00
GPCR_0187,BDBM854109,C1CC(CCC1N)c2ccccc2C(C)C,GPCR,Dopamine_D2,217.35600000000002,3.794900000000002,26.02,1,1,2,1,-0.41584081515009685,1.4428495390236529,-1.3869856586574083,-0.811212437284188,-1.6369702457217434,-0.7194993845091349,-0.4885292248583149,8.709084569250566,1.8445359137825655e-09,Functional,37,7.1773931298888725,Scaffold_033,Cluster_026,Train,2024-01-02 16:00:00
Protease_0225,BDBM375250,C1CCC(CC1)NC(=O)C(C)NOCCO,Protease,Trypsin,230.308,0.3373,70.59,3,4,6,0,-0.023779859899589136,-1.2294996037589028,0.5093926948094734,1.4393194680678412,0.9991671219254472,1.8931143160898358,-1.446689058526267,7.906711803103457,1.7640139613053058e-08,Enzymatic,25,6.963985417440381,Scaffold_068,Cluster_118,Train,2024-01-02 17:00:00
Kinase_0429,BDBM287316,c1ccc(cc1)NC(=O)Nc2ccc(cc2),Kinase,CDK2,212.252,3.3306000000000004,41.13,2,1,2,2,-0.5703404380344854,1.0839960837385003,-0.7440806346303815,0.3140535153918265,-1.6369702457217434,-0.7194993845091349,0.46963060880963725,7.616409673027438,3.506044583907496e-08,Direct_Binding,30,7.261798191377697,Scaffold_268,Cluster_048,Train,2024-01-02 18:00:00
GPCR_0144,BDBM304553,c1ccc2c(c1)OCCn2S(=O)(=O)N,GPCR,Dopamine_D2,214.24599999999998,0.08889999999999987,72.63,1,3,1,1,-0.5099814552696998,-1.4214858158907824,0.5961912553002165,-0.811212437284188,0.12045466604305038,-1.3726528096588775,-0.4885292248583149,8.52599096502926,4.214131291985054e-09,Functional,37,7.408434551879376,Scaffold_156,Cluster_057,Train,2024-01-02 19:00:00
Kinase_0291,BDBM218414,c1cc(ccc1N)c2ncnc3c2cc(cc3)OCC,Kinase,VEGFR2,265.31600000000003,3.277700000000001,61.03,1,4,3,3,1.0359228826428615,1.0431101311548598,0.10263081329402814,-0.811212437284188,0.9991671219254472,-0.06634595935939212,1.4277904424775893,7.632984662446408,4.0919294252868086e-08,Direct_Binding,37,7.223973055466094,Scaffold_032,Cluster_183,Train,2024-01-02 20:00:00
Kinase_0071,BDBM873422,c1cc(ccc1C(=O)N)Nc2nccc(n2)C,Kinase,ABL1,228.255,1.62752,80.9,2,4,3,2,-0.0859247904994419,-0.2322997220487838,0.9480658117994566,0.3140535153918265,0.9991671219254472,-0.06634595935939212,0.46963060880963725,6.806531340826262,3.1483919418308926e-07,Functional,25,7.219353622369159,Scaffold_107,Cluster_082,Train,2024-01-02 21:00:00
Protease_0327,BDBM625436,C1CCC(CC1)NC(=O)C(C)NC(=O)O,Protease,Factor_Xa,214.26500000000001,1.0914,78.43,3,2,3,0,-0.5094063195262029,-0.6466622343198919,0.8429714763033114,1.4393194680678412,-0.7582577898393464,-0.06634595935939212,-1.446689058526267,8.004848515207991,1.1660386632974983e-08,Direct_Binding,37,7.1707650254430355,Scaffold_117,Cluster_019,Train,2024-01-02 22:00:00
Kinase_0097,BDBM578720,c1cc(ccc1C(=O)N)Nc2nccc(n2),Kinase,VEGFR2,214.228,1.3191,80.9,2,4,3,2,-0.5105263207109058,-0.47067487319900236,0.9480658117994566,0.3140535153918265,0.9991671219254472,-0.06634595935939212,0.46963060880963725,6.716847041559687,1.7418477060756853e-07,Direct_Binding,25,7.151147584881674,Scaffold_125,Cluster_183,Train,2024-01-02 23:00:00
Kinase_0011,BDBM182954,c1cc(ccc1C(=O)N)Nc2nccc(n2)O,Kinase,CDK2,230.227,1.0247,101.13000000000001,3,5,3,2,-0.02623175438501894,-0.6982140875775262,1.8088182033326634,1.4393194680678412,1.877879577807844,-0.06634595935939212,0.46963060880963725,6.45511834607813,1.5158639684782122e-07,Functional,25,7.379581854951529,Scaffold_245,Cluster_053,Train,2024-01-03 00:00:00
Kinase_0297,BDBM275490,c1cc(ccc1C(=O)N)Nc2nccc(n2)S,Kinase,CDK2,246.29500000000002,1.6078,80.9,3,5,3,2,0.4601514627988274,-0.24754113953364973,0.9480658117994566,1.4393194680678412,1.877879577807844,-0.06634595935939212,0.46963060880963725,7.074279981314987,1.0780650960159635e-07,Direct_Binding,25,6.511706610730904,Scaffold_238,Cluster_127,Train,2024-01-03 01:00:00
Protease_0187,BDBM537350,c1cc(ccc1S(=O)(=O)N)CN,Protease,Trypsin,186.23599999999996,-0.20729999999999993,86.17999999999999,2,3,2,1,-1.3578526223919014,-1.6504162347050444,1.172720909540204,0.3140535153918265,0.12045466604305038,-0.7194993845091349,-0.4885292248583149,7.802312688260375,1.2979899131242137e-08,Direct_Binding,37,6.81283419752422,Scaffold_051,Cluster_053,Train,2024-01-03 02:00:00
GPCR_0131,BDBM932527,C1CC(CCC1N)c2ccccc2C(=O)O,GPCR,Dopamine_D2,219.28400000000002,2.3697,63.32000000000001,2,2,2,1,-0.3574796723364017,0.34132478246022696,0.2000664522762846,0.3140535153918265,-0.7582577898393464,-0.7194993845091349,-0.4885292248583149,8.943940537808793,1.2320636225491117e-09,Direct_Binding,25,7.292594813209135,Scaffold_275,Cluster_147,Train,2024-01-03 03:00:00
Kinase_0287,BDBM477934,c1ccc2c(c1)ncc(n2)c3ccccc3NCCC,Kinase,VEGFR2,263.344,4.118700000000002,37.81,1,3,4,3,0.9762298465284377,1.6931117591859017,-0.8853410369976701,-0.811212437284188,0.12045466604305038,0.5868074657903506,1.4277904424775893,8.018369235744663,8.326424335508257e-09,Direct_Binding,30,7.136096046409542,Scaffold_027,Cluster_164,Train,2024-01-03 04:00:00
Kinase_0102,BDBM556106,c1ccc2c(c1)ncc(n2)c3ccccc3,Kinase,ABL1,206.248,3.296800000000001,25.78,0,2,1,3,-0.7520833329792092,1.057872356000749,-1.3971972540092605,-1.9364783899602027,-0.7582577898393464,-1.3726528096588775,1.4277904424775893,7.868927201585197,1.2340353065136471e-08,Direct_Binding,37,7.479104938015155,Scaffold_164,Cluster_157,Train,2024-01-03 05:00:00
GPCR_0048,BDBM107577,C1CC(CCC1N)c2ccccc2NBr,GPCR,Adrenergic_Beta2,269.18600000000004,3.393300000000001,38.05,2,2,2,1,1.153068952502302,1.132456371583383,-0.8751294416458181,0.3140535153918265,-0.7582577898393464,-0.7194993845091349,-0.4885292248583149,8.721206240771977,1.2324350466755394e-09,Direct_Binding,25,6.654925311143443,Scaffold_038,Cluster_004,Train,2024-01-03 06:00:00
Protease_0066,BDBM820208,c1ccc(cc1)C(=O)NC(C)C(=O)CCOC,Protease,Trypsin,235.28299999999993,1.4104999999999999,55.400000000000006,1,3,6,1,0.1268148939894825,-0.4000326035176265,-0.13691619433483734,-0.811212437284188,0.12045466604305038,1.8931143160898358,-0.4885292248583149,7.449971333300199,4.717957684840573e-08,Enzymatic,25,7.2331603781368,Scaffold_101,Cluster_012,Train,2024-01-03 07:00:00
GPCR_0019,BDBM301205,C1CC(CCC1N)c2ccccc2NCC,GPCR,Dopamine_D2,218.34400000000002,3.1033000000000017,38.05,2,2,3,1,-0.38593375648830697,0.9083178791588868,-0.8751294416458181,0.3140535153918265,-0.7582577898393464,-0.06634595935939212,-0.4885292248583149,9.0,1.0580349103494465e-09,Direct_Binding,37,6.5851034861197855,Scaffold_245,Cluster_098,Train,2024-01-03 08:00:00
Protease_0039,BDBM201690,c1ccc(cc1)C(=O)NC(C)C(=O)CC(=O)O,Protease,Trypsin,235.23899999999995,0.8486999999999998,83.47,2,3,5,1,0.12548300068875554,-0.8342429657386004,1.0574149786922067,0.3140535153918265,0.12045466604305038,1.2399608909400932,-0.4885292248583149,7.952816421742466,1.2935093487846655e-08,Functional,25,7.498792935815654,Scaffold_060,Cluster_053,Train,2024-01-03 09:00:00
Kinase_0031,BDBM572161,c1ccc(cc1)NC(=O)Nc2ccc(cc2),Kinase,ABL1,212.252,3.3306000000000004,41.13,2,1,2,2,-0.5703404380344854,1.0839960837385003,-0.7440806346303815,0.3140535153918265,-1.6369702457217434,-0.7194993845091349,0.46963060880963725,7.367390008165591,3.643691829089894e-08,Direct_Binding,20,6.787137958084576,Scaffold_227,Cluster_177,Train,2024-01-03 10:00:00
Kinase_0366,BDBM295692,c1ccc2c(c1)ncc(n2)c3ccccc3Br,Kinase,VEGFR2,285.144,4.059300000000001,25.78,0,2,1,3,1.636122436434328,1.6472020128065386,-1.3971972540092605,-1.9364783899602027,-0.7582577898393464,-1.3726528096588775,1.4277904424775893,7.980923929217125,1.519592200985444e-08,Functional,37,7.388403672308681,Scaffold_043,Cluster_030,Train,2024-01-03 11:00:00
Protease_0218,BDBM561421,C1CCC(CC1)NC(=O)C(C)NC(=O)N,Protease,Factor_Xa,213.281,0.49210000000000037,84.22,3,2,3,0,-0.539192296978836,-1.1098560222854124,1.0893262141667448,1.4393194680678412,-0.7582577898393464,-0.06634595935939212,-1.446689058526267,7.834115553375246,9.577868425818083e-09,Direct_Binding,25,6.732858556876094,Scaffold_244,Cluster_075,Train,2024-01-03 12:00:00
Kinase_0077,BDBM652329,c1cc(ccc1N)c2ncnc3c2cc(cc3)N(C)CC,Kinase,VEGFR2,278.3590000000001,3.3351000000000015,55.04,1,4,3,3,1.4307384354016948,1.0874740948278467,-0.1522335873626159,-0.811212437284188,0.9991671219254472,-0.06634595935939212,1.4277904424775893,7.743144060235726,3.266211967044069e-08,Enzymatic,25,7.319063513861656,Scaffold_102,Cluster_002,Train,2024-01-03 13:00:00
Kinase_0395,BDBM749838,c1ccc2c(c1)ncc(n2)c3ccccc3,Kinase,CDK2,206.248,3.296800000000001,25.78,0,2,1,3,-0.7520833329792092,1.057872356000749,-1.3971972540092605,-1.9364783899602027,-0.7582577898393464,-1.3726528096588775,1.4277904424775893,8.108940018108193,1.104099387025171e-08,Enzymatic,20,6.9888978317924515,Scaffold_052,Cluster_062,Train,2024-01-03 14:00:00
Kinase_0055,BDBM127645,c1cc(ccc1C(=O)N)Nc2nccc(n2)CC,Kinase,ABL1,242.28199999999998,1.8815000000000002,80.9,2,4,4,2,0.3386767397120219,-0.036000776166115675,0.9480658117994566,0.3140535153918265,0.9991671219254472,0.5868074657903506,0.46963060880963725,6.917810928374393,2.1599086581722692e-07,Functional,25,6.583464084989384,Scaffold_278,Cluster_169,Train,2024-01-03 15:00:00
Kinase_0024,BDBM384424,c1cc(ccc1C(=O)N)Nc2nccc(n2),Kinase,EGFR,214.228,1.3191,80.9,2,4,3,2,-0.5105263207109058,-0.47067487319900236,0.9480658117994566,0.3140535153918265,0.9991671219254472,-0.06634595935939212,0.46963060880963725,6.458716772067982,1.325988812454243e-07,Direct_Binding,25,7.1567801047242945,Scaffold_111,Cluster_085,Train,2024-01-03 16:00:00
Protease_0229,BDBM890183,CC(C)CC(NC(=O)C)C(=O)NOC,Protease,Thrombin,202.25399999999996,0.2147999999999997,67.43,2,3,5,0,-0.8729829203225186,-1.3241787945244232,0.37494002267675314,0.3140535153918265,0.12045466604305038,1.2399608909400932,-1.446689058526267,7.531624310421129,6.530736479734128e-08,Direct_Binding,25,7.2076205857405355,Scaffold_250,Cluster_046,Train,2024-01-03 17:00:00
Kinase_0445,BDBM835381,c1cc(ccc1N)c2ncnc3c2cc(cc3)NC,Kinase,EGFR,250.30500000000004,2.9207,63.83,2,4,2,3,0.5815353749787646,0.7671879180667713,0.2217660923989701,0.3140535153918265,0.9991671219254472,-0.7194993845091349,1.4277904424775893,7.470004574924272,1.3396802390051549e-08,Direct_Binding,37,7.34696885420706,Scaffold_154,Cluster_100,Train,2024-01-03 18:00:00
Kinase_0255,BDBM503489,c1ccc2c(c1)ncc(n2)c3ccccc3S(=O)(=O)N,Kinase,ABL1,285.32800000000003,1.944199999999999,85.94,1,4,2,3,1.641692172055553,0.01245951167876607,1.162509314188352,-0.811212437284188,0.9991671219254472,-0.7194993845091349,1.4277904424775893,6.680628505106897,2.113296219037473e-07,Direct_Binding,25,6.921828178538831,Scaffold_005,Cluster_059,Train,2024-01-03 19:00:00
Kinase_0431,BDBM311895,c1cc(ccc1N)c2ncnc3c2cc(cc3)C,Kinase,CDK2,235.29000000000002,3.1874200000000013,51.8,1,3,1,3,0.12702678610551008,0.9733334997890544,-0.2900901246126204,-0.811212437284188,0.12045466604305038,-1.3726528096588775,1.4277904424775893,7.575928223100134,7.371283866727438e-09,Functional,37,7.011275462200751,Scaffold_221,Cluster_096,Train,2024-01-03 20:00:00
Protease_0339,BDBM498325,c1cc(ccc1S(=O)(=O)N)CBr,Protease,Factor_Xa,250.11699999999996,1.2289,60.16,1,2,2,1,0.5758445581483813,-0.5403896732565526,0.0656137801435638,-0.811212437284188,-0.7582577898393464,-0.7194993845091349,-0.4885292248583149,7.307098931687169,3.180398384630561e-08,Enzymatic,25,7.260034901803174,Scaffold_058,Cluster_103,Train,2024-01-03 21:00:00
GPCR_0099,BDBM887941,c1ccc2c(c1)OCCn2OC(=O)O,GPCR,Adrenergic_Beta2,195.17399999999998,1.4949999999999999,59.0,1,4,1,1,-1.087296660530486,-0.3347232841732472,0.016257735942945082,-0.811212437284188,0.9991671219254472,-1.3726528096588775,-0.4885292248583149,9.0,1e-09,Direct_Binding,37,6.7298267257976185,Scaffold_227,Cluster_012,Train,2024-01-03 22:00:00
GPCR_0208,BDBM775268,C1CC(CCC1N)c2ccccc2CCC,GPCR,Adrenergic_Beta2,217.356,3.6240000000000023,26.02,1,1,3,1,-0.41584081515009774,1.3107624067638375,-1.3869856586574083,-0.811212437284188,-1.6369702457217434,-0.06634595935939212,-0.4885292248583149,8.490005976684001,4.4595698635961015e-09,Direct_Binding,20,7.384855117696004,Scaffold_100,Cluster_040,Train,2024-01-03 23:00:00
Kinase_0159,BDBM508654,c1cc(ccc1N)c2ncnc3c2cc(cc3)N(C)C,Kinase,VEGFR2,264.33200000000005,2.945000000000001,55.04,1,4,2,3,1.0061369051902294,0.7859691779492386,-0.1522335873626159,-0.811212437284188,0.9991671219254472,-0.7194993845091349,1.4277904424775893,7.492910475419603,3.937332007535641e-08,Enzymatic,37,6.596534470195441,Scaffold_234,Cluster_037,Train,2024-01-04 00:00:00
Protease_0208,BDBM962260,c1ccc(cc1)C(=O)NC(C)C(=O)C(=O)NNCF,Protease,Thrombin,267.26,-0.07819999999999999,87.3,3,4,6,1,1.0947683502931838,-1.5506359610084837,1.220375021182181,1.4393194680678412,0.9991671219254472,1.8931143160898358,-0.4885292248583149,8.138594544608658,1.3977962945692838e-08,Direct_Binding,37,7.068268616268768,Scaffold_001,Cluster_154,Train,2024-01-04 01:00:00
GPCR_0200,BDBM934184,C1CN(CCN1)c2ccc(cc2)C(=O)O,GPCR,Dopamine_D2,206.24499999999998,0.7943999999999996,52.57000000000001,2,3,2,1,-0.7521741438860774,-0.8762109662167046,-0.2573279228587609,0.3140535153918265,0.12045466604305038,-0.7194993845091349,-0.4885292248583149,8.70022184645362,1.4284193948155203e-09,Direct_Binding,25,7.167867906700813,Scaffold_129,Cluster_064,Train,2024-01-04 02:00:00
Protease_0144,BDBM595104,CC(C)CC(NC(=O)C)C(=O)NCl,Protease,Factor_Xa,206.67299999999997,0.8071999999999999,58.2,2,2,4,0,-0.7392184545062738,-0.866317956895899,-0.017780915229895392,0.3140535153918265,-0.7582577898393464,0.5868074657903506,-1.446689058526267,7.490210375734357,3.878579385776607e-08,Direct_Binding,25,7.181282110532434,Scaffold_209,Cluster_160,Train,2024-01-04 03:00:00
GPCR_0086,BDBM103234,C1CC(CCC1N)c2ccccc2Cl,GPCR,Serotonin_5HT2A,209.72000000000003,3.3249000000000013,26.02,1,1,1,1,-0.6469848434308938,1.0795906030253297,-1.3869856586574083,-0.811212437284188,-1.6369702457217434,-1.3726528096588775,-0.4885292248583149,8.507850377106909,6.1149778863126995e-09,Direct_Binding,25,7.359794674811646,Scaffold_139,Cluster_172,Train,2024-01-04 04:00:00
Protease_0014,BDBM131000,c1ccc(cc1)C(=O)NC(C)C(=O)OC,Protease,Thrombin,207.22899999999996,0.9779,55.400000000000006,1,3,3,1,-0.7223881664334452,-0.7343854029067208,-0.13691619433483734,-0.811212437284188,0.12045466604305038,-0.06634595935939212,-0.4885292248583149,7.517933091474465,3.078051264470106e-08,Functional,20,6.928351800568846,Scaffold_253,Cluster_067,Train,2024-01-04 05:00:00
Protease_0023,BDBM535571,c1cc(ccc1S(=O)(=O)N)CN,Protease,Thrombin,186.23599999999996,-0.20729999999999993,86.17999999999999,2,3,2,1,-1.3578526223919014,-1.6504162347050444,1.172720909540204,0.3140535153918265,0.12045466604305038,-0.7194993845091349,-0.4885292248583149,7.9536789042471545,9.340282531534873e-09,Direct_Binding,30,6.889208618623439,Scaffold_091,Cluster_109,Train,2024-01-04 06:00:00
GPCR_0080,BDBM740479,c1cc(ccc1O)CCNOCBr,GPCR,Serotonin_5HT2A,246.10399999999996,1.8083,41.489999999999995,2,3,5,1,0.45436983506157674,-0.09257642321947157,-0.7287632416026036,0.3140535153918265,0.12045466604305038,1.2399608909400932,-0.4885292248583149,8.699448467643363,1.7624182229185984e-09,Functional,37,6.989392537406589,Scaffold_169,Cluster_175,Train,2024-01-04 07:00:00
GPCR_0069,BDBM452898,C1CC(CCC1N)c2ccccc2CCCC,GPCR,Dopamine_D2,231.38299999999998,4.014100000000003,26.02,1,1,4,1,0.008760715061366109,1.6122673236424456,-1.3869856586574083,-0.811212437284188,-1.6369702457217434,0.5868074657903506,-0.4885292248583149,8.492966530336643,2.9237535965697195e-09,Enzymatic,25,7.074287575090211,Scaffold_260,Cluster_147,Train,2024-01-04 08:00:00
Kinase_0409,BDBM649526,c1cc(ccc1N)c2ncnc3c2cc(cc3),Kinase,EGFR,221.26300000000003,2.8790000000000004,51.8,1,3,1,3,-0.29757474410595375,0.7349583486388352,-0.2900901246126204,-0.811212437284188,0.12045466604305038,-1.3726528096588775,1.4277904424775893,7.691568344756785,2.5663120114466135e-08,Functional,37,7.409454610937242,Scaffold_248,Cluster_182,Train,2024-01-04 09:00:00
Kinase_0040,BDBM794180,c1ccc(cc1)NC(=O)Nc2ccc(cc2)CCC,Kinase,ABL1,254.33299999999997,4.283100000000002,41.13,2,1,4,2,0.703464152599906,1.8201750976499957,-0.7440806346303815,0.3140535153918265,-1.6369702457217434,0.5868074657903506,0.46963060880963725,7.636388185380369,1.8234549428139976e-08,Direct_Binding,25,7.195899118168803,Scaffold_264,Cluster_161,Train,2024-01-04 10:00:00
Kinase_0308,BDBM921533,c1cc(ccc1N)c2ncnc3c2cc(cc3)Br,Kinase,EGFR,300.159,3.6415000000000015,51.8,1,3,1,3,2.090631025307582,1.3242880054446255,-0.2900901246126204,-0.811212437284188,0.12045466604305038,-1.3726528096588775,1.4277904424775893,7.693871291674627,1.54763157417413e-08,Functional,20,7.345604362989906,Scaffold_146,Cluster_080,Train,2024-01-04 11:00:00
Protease_0004,BDBM884346,C1CCC(CC1)NC(=O)C(C)NC(=O)N,Protease,Factor_Xa,213.281,0.49210000000000037,84.22,3,2,3,0,-0.539192296978836,-1.1098560222854124,1.0893262141667448,1.4393194680678412,-0.7582577898393464,-0.06634595935939212,-1.446689058526267,7.8057167319935985,9.618776572189197e-09,Direct_Binding,30,6.596694559787567,Scaffold_154,Cluster_053,Train,2024-01-04 12:00:00
Protease_0253,BDBM356616,c1ccc(cc1)C(=O)NC(C)C(=O)F,Protease,Trypsin,195.19299999999996,1.301,46.17,1,2,3,1,-1.0867215247869908,-0.48466420669170374,-0.5296371322414859,-0.811212437284188,-0.7582577898393464,-0.06634595935939212,-0.4885292248583149,7.441000556179193,5.1224433454225976e-08,Direct_Binding,25,7.377127561898502,Scaffold_136,Cluster_168,Train,2024-01-04 13:00:00
GPCR_0030,BDBM189870,C1CC(CCC1N)c2ccccc2SCC,GPCR,Adrenergic_Beta2,235.39600000000002,3.783500000000002,26.02,1,2,3,1,0.13023543814817157,1.4340385775973106,-1.3869856586574083,-0.811212437284188,-0.7582577898393464,-0.06634595935939212,-0.4885292248583149,8.704908199392673,1e-09,Enzymatic,37,7.259292506918474,Scaffold_273,Cluster_070,Train,2024-01-04 14:00:00
Kinase_0067,BDBM508783,c1ccc2c(c1)ncc(n2)c3ccccc3Br,Kinase,ABL1,285.144,4.059300000000001,25.78,0,2,1,3,1.636122436434328,1.6472020128065386,-1.3971972540092605,-1.9364783899602027,-0.7582577898393464,-1.3726528096588775,1.4277904424775893,8.03030548176295,7.651655733866044e-09,Enzymatic,25,6.662233405782479,Scaffold_128,Cluster_105,Train,2024-01-04 15:00:00
GPCR_0081,BDBM160022,C1CN(CCN1)c2ccc(cc2)NCCNC,GPCR,Serotonin_5HT2A,234.34699999999998,0.7274999999999999,39.33,3,4,5,1,0.09848189104673571,-0.9279173977449761,-0.8206675997692732,1.4393194680678412,0.9991671219254472,1.2399608909400932,-0.4885292248583149,8.81341202663871,1.2592121368660844e-09,Direct_Binding,25,7.241641451836042,Scaffold_175,Cluster_177,Train,2024-01-04 16:00:00
Kinase_0068,BDBM424398,c1cc(ccc1N)c2ncnc3c2cc(cc3)O,Kinase,ABL1,237.26200000000003,2.5846000000000005,72.03,2,4,1,3,0.18671982221993305,0.5074191342603115,0.5706622669205863,0.3140535153918265,0.9991671219254472,-1.3726528096588775,1.4277904424775893,7.676255934683804,4.177411776496826e-08,Direct_Binding,37,6.512607519975759,Scaffold_141,Cluster_003,Train,2024-01-04 17:00:00
Protease_0049,BDBM915293,c1ccc(cc1)C(=O)NC(C)C(=O)N(C)C,Protease,Thrombin,220.27199999999996,0.8931,49.410000000000004,1,2,3,1,-0.32757261367461354,-0.7999265896570564,-0.3917805949914814,-0.811212437284188,-0.7582577898393464,-0.06634595935939212,-0.4885292248583149,7.632722797844024,6.986365645904038e-08,Enzymatic,37,6.80321978384425,Scaffold_258,Cluster_107,Train,2024-01-04 18:00:00
Kinase_0236,BDBM158760,c1ccc2c(c1)ncc(n2)c3ccccc3N(C)C,Kinase,EGFR,249.31699999999998,3.362800000000002,29.020000000000003,0,3,2,3,0.5516283163169731,1.1088831853111523,-1.259340716759256,-1.9364783899602027,0.12045466604305038,-0.7194993845091349,1.4277904424775893,8.025193853347703,9.18214687791836e-09,Functional,37,6.838860649338752,Scaffold_159,Cluster_106,Train,2024-01-04 19:00:00
GPCR_0087,BDBM579114,c1cc(ccc1O)CCNOCCF,GPCR,Dopamine_D2,199.22499999999994,1.4254000000000002,41.489999999999995,2,3,6,1,-0.9646716659566908,-0.3885165223551262,-0.7287632416026036,0.3140535153918265,0.12045466604305038,1.8931143160898358,-0.4885292248583149,8.852008699350288,2.2400064523982114e-09,Functional,25,6.906804800951724,Scaffold_226,Cluster_097,Train,2024-01-04 20:00:00
Kinase_0108,BDBM464032,c1cc(ccc1C(=O)N)Nc2nccc(n2)C,Kinase,EGFR,228.255,1.62752,80.9,2,4,3,2,-0.0859247904994419,-0.2322997220487838,0.9480658117994566,0.3140535153918265,0.9991671219254472,-0.06634595935939212,0.46963060880963725,6.778508671924775,2.0538169236886053e-07,Enzymatic,25,6.569641148162406,Scaffold_058,Cluster_072,Train,2024-01-04 21:00:00
Protease_0260,BDBM446723,c1ccc(cc1)C(=O)NC(C)C(=O)CNC,Protease,Factor_Xa,220.27199999999996,0.5933999999999999,58.2,2,3,5,1,-0.32757261367461354,-1.0315621282074763,-0.017780915229895392,0.3140535153918265,0.12045466604305038,1.2399608909400932,-0.4885292248583149,7.73999899460717,4.33367275513596e-08,Enzymatic,20,7.126054708980801,Scaffold_094,Cluster_049,Train,2024-01-04 22:00:00
GPCR_0082,BDBM473323,C1CN(CCN1)c2ccc(cc2)C(=O)NBr,GPCR,Serotonin_5HT2A,284.157,1.1358999999999997,44.370000000000005,2,3,2,1,1.6062456480748268,-0.6122685691030296,-0.6062240973803771,0.3140535153918265,0.12045466604305038,-0.7194993845091349,-0.4885292248583149,8.521807595683498,2.401496884007995e-09,Direct_Binding,37,6.992569070753298,Scaffold_250,Cluster_125,Train,2024-01-04 23:00:00
GPCR_0184,BDBM903533,c1ccc2c(c1)OCCn2S(=O)(=O)N,GPCR,Adrenergic_Beta2,214.24599999999998,0.08889999999999987,72.63,1,3,1,1,-0.5099814552696998,-1.4214858158907824,0.5961912553002165,-0.811212437284188,0.12045466604305038,-1.3726528096588775,-0.4885292248583149,8.510518788794077,2.3606101281404336e-09,Direct_Binding,25,6.625486296799151,Scaffold_004,Cluster_065,Train,2024-01-05 00:00:00
GPCR_0093,BDBM126927,c1cc(ccc1O)CCNC(=O)OCCC,GPCR,Dopamine_D2,223.27199999999993,2.0709,58.56,2,3,5,1,-0.2367617068068314,0.11038484612767632,-0.002463522202117149,0.3140535153918265,0.12045466604305038,1.2399608909400932,-0.4885292248583149,9.0,1e-09,Enzymatic,37,7.451444825663092,Scaffold_164,Cluster_154,Train,2024-01-05 01:00:00
GPCR_0105,BDBM819517,C1CC(CCC1N)c2ccccc2C(C)C,GPCR,Adrenergic_Beta2,217.35600000000002,3.794900000000002,26.02,1,1,2,1,-0.41584081515009685,1.4428495390236529,-1.3869856586574083,-0.811212437284188,-1.6369702457217434,-0.7194993845091349,-0.4885292248583149,8.609203672465672,4.021627650924489e-09,Functional,37,6.685270355383324,Scaffold_261,Cluster_003,Train,2024-01-05 02:00:00
Protease_0132,BDBM785890,c1ccc(cc1)C(=O)NC(C)C(=O)C(C)CN(C)COC,Protease,Factor_Xa,292.379,1.5457999999999998,58.64,1,4,8,1,1.855128073497132,-0.29546040343130087,0.0009403429151668378,-0.811212437284188,0.9991671219254472,3.1994211663893215,-0.4885292248583149,7.405904717683425,2.92631073688134e-08,Direct_Binding,20,6.85347319206072,Scaffold_241,Cluster_161,Train,2024-01-05 03:00:00
Kinase_0245,BDBM982417,c1ccc2c(c1)ncc(n2)c3ccccc3C(C)C,Kinase,EGFR,248.32899999999998,4.420200000000002,25.78,0,2,2,3,0.5217212576551832,1.9261385021720598,-1.3971972540092605,-1.9364783899602027,-0.7582577898393464,-0.7194993845091349,1.4277904424775893,8.011007538941636,5.247866896036589e-09,Functional,37,6.613838393476602,Scaffold_254,Cluster_178,Train,2024-01-05 04:00:00
GPCR_0211,BDBM852293,C1CC(CCC1N)c2ccccc2C(=O)N,GPCR,Serotonin_5HT2A,218.3,1.7704000000000002,69.11,2,2,2,1,-0.3872656497890348,-0.12186900550529363,0.4464211901397181,0.3140535153918265,-0.7582577898393464,-0.7194993845091349,-0.4885292248583149,8.967853247735636,1e-09,Enzymatic,37,6.7816160421056315,Scaffold_084,Cluster_102,Train,2024-01-05 05:00:00
Protease_0217,BDBM781186,CC(C)CC(NC(=O)C)C(=O)NCCCC(=O)N,Protease,Factor_Xa,257.33399999999995,-0.08109999999999762,101.29,3,3,8,0,0.7943053297699776,-1.5528773459327267,1.8156259335672313,1.4393194680678412,0.12045466604305038,3.1994211663893215,-1.446689058526267,7.425236846937336,2.300717459766085e-08,Enzymatic,37,6.551165506445476,Scaffold_092,Cluster_011,Train,2024-01-05 06:00:00
GPCR_0140,BDBM869946,C1CC(CCC1N)c2ccccc2S,GPCR,Serotonin_5HT2A,207.34200000000004,2.960200000000001,26.02,2,2,1,1,-0.7189676222747561,0.7977171265176948,-1.3869856586574083,0.3140535153918265,-0.7582577898393464,-1.3726528096588775,-0.4885292248583149,8.653724064089156,1.6501610668943967e-09,Enzymatic,37,6.540059119050694,Scaffold_034,Cluster_179,Train,2024-01-05 07:00:00
Kinase_0089,BDBM675191,c1ccc(cc1)NC(=O)Nc2ccc(cc2),Kinase,EGFR,212.252,3.3306000000000004,41.13,2,1,2,2,-0.5703404380344854,1.0839960837385003,-0.7440806346303815,0.3140535153918265,-1.6369702457217434,-0.7194993845091349,0.46963060880963725,7.378181969434944,2.4626918810649424e-08,Direct_Binding,25,7.2120140203307805,Scaffold_222,Cluster_115,Train,2024-01-05 08:00:00
Kinase_0064,BDBM262816,c1ccc(cc1)NC(=O)Nc2ccc(cc2)OCCOCC,Kinase,CDK2,300.35800000000006,3.7459000000000024,59.59,2,3,7,2,2.096654815463147,1.4049778627174452,0.04136124118291516,0.3140535153918265,0.12045466604305038,2.5462677412395784,0.46963060880963725,7.0758380063879,7.600909283979487e-08,Direct_Binding,30,6.665954895295785,Scaffold_156,Cluster_033,Train,2024-01-05 09:00:00
Protease_0220,BDBM925673,CC(C)CC(NC(=O)C)C(=O)NN(C)C,Protease,Factor_Xa,215.29699999999997,0.13000000000000123,61.440000000000005,2,3,5,0,-0.47816736756368694,-1.3897199812747576,0.1200756220201091,0.3140535153918265,0.12045466604305038,1.2399608909400932,-1.446689058526267,7.273961871586442,6.61276660097786e-08,Direct_Binding,37,6.810235283744705,Scaffold_049,Cluster_170,Train,2024-01-05 10:00:00
Kinase_0343,BDBM464189,c1cc(ccc1C(=O)N)Nc2nccc(n2)CCC,Kinase,ABL1,256.30899999999997,2.2716000000000003,80.9,2,4,5,2,0.7632782699234858,0.26550414071249223,0.9480658117994566,0.3140535153918265,0.9991671219254472,1.2399608909400932,0.46963060880963725,6.858386985666309,1.372843950826707e-07,Functional,37,6.86459372819754,Scaffold_227,Cluster_177,Train,2024-01-05 11:00:00
Kinase_0276,BDBM863611,c1ccc(cc1)NC(=O)Nc2ccc(cc2),Kinase,ABL1,212.252,3.3306000000000004,41.13,2,1,2,2,-0.5703404380344854,1.0839960837385003,-0.7440806346303815,0.3140535153918265,-1.6369702457217434,-0.7194993845091349,0.46963060880963725,7.526961521139491,3.714937404644943e-08,Functional,37,6.918947790187476,Scaffold_176,Cluster_058,Train,2024-01-05 12:00:00
Protease_0040,BDBM514973,c1ccc(cc1)C(=O)NC(C)C(=O)NC,Protease,Thrombin,206.24499999999998,0.5509,58.2,2,2,3,1,-0.7521741438860774,-1.064410010717963,-0.017780915229895392,0.3140535153918265,-0.7582577898393464,-0.06634595935939212,-0.4885292248583149,7.347287301484552,2.8405334969064467e-08,Direct_Binding,25,6.554966306839822,Scaffold_276,Cluster_019,Train,2024-01-05 13:00:00
Protease_0191,BDBM226858,CC(C)CC(NC(=O)C)C(=O)NC(=O)O,Protease,Factor_Xa,216.23699999999997,0.33140000000000014,95.50000000000001,3,3,4,0,-0.44971328341178163,-1.2340596627427114,1.569271195703798,1.4393194680678412,0.12045466604305038,0.5868074657903506,-1.446689058526267,8.042411168827979,1.2030805745014679e-08,Direct_Binding,25,6.9091825874584885,Scaffold_094,Cluster_164,Train,2024-01-05 14:00:00
GPCR_0168,BDBM666931,c1cc(ccc1O)CCNS(=O)(=O)NF,GPCR,Adrenergic_Beta2,234.25199999999998,0.2432000000000002,78.43,3,3,5,1,0.09560621232925595,-1.3022286800938858,0.8429714763033114,1.4393194680678412,0.12045466604305038,1.2399608909400932,-0.4885292248583149,8.923039210137134,1e-09,Functional,30,6.938178613248344,Scaffold_100,Cluster_030,Train,2024-01-05 15:00:00
Kinase_0210,BDBM849937,c1cc(ccc1N)c2ncnc3c2cc(cc3),Kinase,VEGFR2,221.26300000000003,2.8790000000000004,51.8,1,3,1,3,-0.29757474410595375,0.7349583486388352,-0.2900901246126204,-0.811212437284188,0.12045466604305038,-1.3726528096588775,1.4277904424775893,8.25143372359821,2.2291026172608605e-08,Direct_Binding,37,7.152224259545473,Scaffold_056,Cluster_030,Train,2024-01-05 16:00:00
Kinase_0110,BDBM665883,c1cc(ccc1C(=O)N)Nc2nccc(n2),Kinase,VEGFR2,214.228,1.3191,80.9,2,4,3,2,-0.5105263207109058,-0.47067487319900236,0.9480658117994566,0.3140535153918265,0.9991671219254472,-0.06634595935939212,0.46963060880963725,6.661262112635075,2.4587743399353596e-07,Direct_Binding,25,7.355737258905786,Scaffold_119,Cluster_041,Train,2024-01-05 17:00:00
Kinase_0278,BDBM880900,c1cc(ccc1N)c2ncnc3c2cc(cc3),Kinase,EGFR,221.26300000000003,2.8790000000000004,51.8,1,3,1,3,-0.29757474410595375,0.7349583486388352,-0.2900901246126204,-0.811212437284188,0.12045466604305038,-1.3726528096588775,1.4277904424775893,7.583491468426181,1.8807832319379816e-08,Direct_Binding,30,6.571007664533256,Scaffold_110,Cluster_126,Train,2024-01-05 18:00:00
Kinase_0185,BDBM171789,c1ccc2c(c1)ncc(n2)c3ccccc3CC,Kinase,VEGFR2,234.30199999999996,3.859200000000002,25.78,0,2,2,3,0.09711972744371848,1.4925464530336363,-1.3971972540092605,-1.9364783899602027,-0.7582577898393464,-0.7194993845091349,1.4277904424775893,7.989236582201124,1.3460452390873367e-08,Enzymatic,20,7.09897850817721,Scaffold_158,Cluster_018,Train,2024-01-05 19:00:00
Protease_0239,BDBM354875,CC(C)CC(NC(=O)C)C(=O)NCCCC(C)C,Protease,Trypsin,256.38999999999993,2.0895999999999995,58.2,2,2,8,0,0.7657301644089147,0.12483791443229005,-0.017780915229895392,0.3140535153918265,-0.7582577898393464,3.1994211663893215,-1.446689058526267,7.47689655855066,4.537516890001191e-08,Functional,37,6.958363479426306,Scaffold_257,Cluster_047,Train,2024-01-05 20:00:00
GPCR_0033,BDBM390206,c1cc(ccc1O)CCNBr,GPCR,Adrenergic_Beta2,216.07799999999997,1.8342,32.26,2,2,3,1,-0.4545262614757739,-0.07255853717190441,-1.1214841795092518,0.3140535153918265,-0.7582577898393464,-0.06634595935939212,-0.4885292248583149,8.199316799956932,4.109341847846826e-09,Enzymatic,20,6.778368481662657,Scaffold_157,Cluster_138,Train,2024-01-05 21:00:00
Kinase_0307,BDBM709303,c1cc(ccc1C(=O)N)Nc2nccc(n2),Kinase,VEGFR2,214.228,1.3191,80.9,2,4,3,2,-0.5105263207109058,-0.47067487319900236,0.9480658117994566,0.3140535153918265,0.9991671219254472,-0.06634595935939212,0.46963060880963725,6.864078734368264,1.7929712049611215e-07,Functional,37,7.152291648591939,Scaffold_164,Cluster_084,Train,2024-01-05 22:00:00
Protease_0022,BDBM552492,CC(C)CC(NC(=O)C)C(=O)NSF,Protease,Factor_Xa,222.28499999999997,1.1861000000000002,58.2,2,3,5,0,-0.266638495166331,-0.5734694231729957,-0.017780915229895392,0.3140535153918265,0.12045466604305038,1.2399608909400932,-1.446689058526267,7.666235043001952,1.8101876488263565e-08,Direct_Binding,37,6.976983392617654,Scaffold_272,Cluster_043,Train,2024-01-05 23:00:00
Protease_0307,BDBM711561,c1cc(ccc1S(=O)(=O)N)CC(=O)N,Protease,Thrombin,214.24599999999995,-0.6381999999999997,103.24999999999999,2,3,3,1,-0.5099814552697007,-1.9834551187937188,1.89902062894069,0.3140535153918265,0.12045466604305038,-0.06634595935939212,-0.4885292248583149,8.081863433044791,7.165030214756797e-09,Direct_Binding,37,7.025318264450721,Scaffold_242,Cluster_066,Train,2024-01-06 00:00:00
Protease_0159,BDBM565204,C1CCC(CC1)NC(=O)C(C)NOBr,Protease,Factor_Xa,265.151,1.6548999999999998,50.36,2,3,4,0,1.030928282765133,-0.21113795679849875,-0.35135969672373335,0.3140535153918265,0.12045466604305038,0.5868074657903506,-1.446689058526267,7.806854480674256,1.8287085859594467e-08,Enzymatic,37,7.4533071675823725,Scaffold_053,Cluster_175,Train,2024-01-06 01:00:00
Protease_0213,BDBM518832,CC(C)CC(NC(=O)C)C(=O)NC(=O)NOC,Protease,Trypsin,245.27899999999997,-0.07559999999999939,96.53000000000002,3,4,5,0,0.42939683567293674,-1.5486264434901946,1.61309595908883,1.4393194680678412,0.9991671219254472,1.2399608909400932,-1.446689058526267,7.945288435189629,7.76203972068895e-09,Direct_Binding,25,7.389000610814666,Scaffold_154,Cluster_178,Train,2024-01-06 02:00:00
Protease_0119,BDBM739434,CC(C)CC(NC(=O)C)C(=O)NC(=O)N,Protease,Thrombin,215.25299999999996,-0.26789999999999903,101.29,3,3,4,0,-0.47949926086441474,-1.6972534507082315,1.8156259335672313,1.4393194680678412,0.12045466604305038,0.5868074657903506,-1.446689058526267,7.733148149633406,1.2551438951162329e-08,Functional,30,6.747631643071439,Scaffold_108,Cluster_102,Train,2024-01-06 03:00:00
Protease_0341,BDBM801229,C1CCC(CC1)NC(=O)C(C)NC(=O)O,Protease,Thrombin,214.26500000000001,1.0914,78.43,3,2,3,0,-0.5094063195262029,-0.6466622343198919,0.8429714763033114,1.4393194680678412,-0.7582577898393464,-0.06634595935939212,-1.446689058526267,7.874128582655686,7.139720047363433e-09,Direct_Binding,37,7.343728792710257,Scaffold_080,Cluster_073,Train,2024-01-06 04:00:00
Protease_0333,BDBM779872,C1CCC(CC1)NC(=O)C(C)NC,Protease,Thrombin,184.28300000000002,1.0431999999999997,41.13,2,2,3,0,-1.4169705227628266,-0.6839155975435498,-0.7440806346303815,0.3140535153918265,-0.7582577898393464,-0.06634595935939212,-1.446689058526267,7.498995961076562,3.027116941214649e-08,Enzymatic,25,6.743179980264226,Scaffold_166,Cluster_138,Train,2024-01-06 05:00:00
Protease_0170,BDBM447350,CC(C)CC(NC(=O)C)C(=O)NOC,Protease,Factor_Xa,202.25399999999996,0.2147999999999997,67.43,2,3,5,0,-0.8729829203225186,-1.3241787945244232,0.37494002267675314,0.3140535153918265,0.12045466604305038,1.2399608909400932,-1.446689058526267,7.389901200533439,2.236567608098673e-08,Direct_Binding,20,7.204031452591657,Scaffold_081,Cluster_074,Train,2024-01-06 06:00:00
Kinase_0087,BDBM666843,c1cc(ccc1N)c2ncnc3c2cc(cc3)OCCl,Kinase,VEGFR2,285.73400000000004,3.4541000000000013,61.03,1,4,3,3,1.653981914784993,1.1794481658572091,0.10263081329402814,-0.811212437284188,0.9991671219254472,-0.06634595935939212,1.4277904424775893,7.822417317655311,2.779425289667705e-08,Functional,37,6.835208047370873,Scaffold_099,Cluster_073,Train,2024-01-06 07:00:00
Protease_0007,BDBM418801,c1cc(ccc1S(=O)(=O)N)CC(=O)O,Protease,Factor_Xa,215.22999999999996,-0.03889999999999999,97.46,2,3,3,1,-0.4801954778170676,-1.5202613308281985,1.6526658910772565,0.3140535153918265,0.12045466604305038,-0.06634595935939212,-0.4885292248583149,7.857642922757944,1.5788787945834422e-08,Direct_Binding,37,6.684301396950099,Scaffold_203,Cluster_146,Train,2024-01-06 08:00:00
Kinase_0322,BDBM748696,c1ccc2c(c1)ncc(n2)c3ccccc3C(C)C,Kinase,VEGFR2,248.32899999999998,4.420200000000002,25.78,0,2,2,3,0.5217212576551832,1.9261385021720598,-1.3971972540092605,-1.9364783899602027,-0.7582577898393464,-0.7194993845091349,1.4277904424775893,8.28032555381554,7.822003688041041e-09,Direct_Binding,37,7.082198746594114,Scaffold_088,Cluster_067,Train,2024-01-06 09:00:00
Kinase_0282,BDBM365617,c1cc(ccc1C(=O)N)Nc2nccc(n2)Cl,Kinase,CDK2,248.673,1.9725,80.9,2,4,3,2,0.5321342416426896,0.034332336973984905,0.9480658117994566,0.3140535153918265,0.9991671219254472,-0.06634595935939212,0.46963060880963725,6.9315486011781555,2.0631315318239034e-07,Direct_Binding,37,7.1685726467229145,Scaffold_081,Cluster_028,Train,2024-01-06 10:00:00
GPCR_0108,BDBM639926,c1cc(ccc1O)CCNNCCC,GPCR,Serotonin_5HT2A,194.27799999999996,1.4389,44.29,3,3,6,1,-1.1144188513816644,-0.3780824890870894,-0.6096279624976614,1.4393194680678412,0.12045466604305038,1.8931143160898358,-0.4885292248583149,8.978296610272288,1e-09,Direct_Binding,20,6.682837779868817,Scaffold_081,Cluster_031,Train,2024-01-06 11:00:00
Kinase_0351,BDBM475565,c1cc(ccc1C(=O)N)Nc2nccc(n2)C(=O)N,Kinase,CDK2,257.253,0.41800000000000015,123.99,3,5,4,2,0.7918534352845487,-1.1671272715566374,2.7814726605965823,1.4393194680678412,1.877879577807844,0.5868074657903506,0.46963060880963725,5.980550134839701,8.420607588068275e-07,Direct_Binding,30,7.00545511791045,Scaffold_167,Cluster_102,Train,2024-01-06 12:00:00
Protease_0090,BDBM450281,CC(C)CC(NC(=O)C)C(=O)NC,Protease,Thrombin,186.25499999999997,0.28319999999999995,58.2,2,2,4,0,-1.3572774866484054,-1.2713130259663694,-0.017780915229895392,0.3140535153918265,-0.7582577898393464,0.5868074657903506,-1.446689058526267,7.1276294709746635,2.7519935292661345e-08,Direct_Binding,20,6.984173032163407,Scaffold_265,Cluster_052,Train,2024-01-06 13:00:00
Kinase_0399,BDBM750324,c1cc(ccc1N)c2ncnc3c2cc(cc3),Kinase,ABL1,221.26300000000003,2.8790000000000004,51.8,1,3,1,3,-0.29757474410595375,0.7349583486388352,-0.2900901246126204,-0.811212437284188,0.12045466604305038,-1.3726528096588775,1.4277904424775893,7.6563430232121075,2.643242433261855e-08,Functional,37,7.12340595815944,Scaffold_243,Cluster_023,Train,2024-01-06 14:00:00
Kinase_0306,BDBM144033,c1cc(ccc1N)c2ncnc3c2cc(cc3),Kinase,EGFR,221.26300000000003,2.8790000000000004,51.8,1,3,1,3,-0.29757474410595375,0.7349583486388352,-0.2900901246126204,-0.811212437284188,0.12045466604305038,-1.3726528096588775,1.4277904424775893,7.691123107496318,8.543162954247019e-09,Functional,30,7.229173487549448,Scaffold_214,Cluster_143,Train,2024-01-06 15:00:00
GPCR_0182,BDBM442360,C1CN(CCN1)c2ccc(cc2)OS,GPCR,Adrenergic_Beta2,210.302,1.3197999999999996,24.5,2,4,2,1,-0.629367527498545,-0.47013384925177104,-1.4516590958858056,0.3140535153918265,0.9991671219254472,-0.7194993845091349,-0.4885292248583149,8.686196135857802,2.3539309909313582e-09,Direct_Binding,37,6.892093576904573,Scaffold_138,Cluster_128,Train,2024-01-06 16:00:00
GPCR_0013,BDBM310701,c1cc(ccc1O)CCNS(=O)(=O)N,GPCR,Adrenergic_Beta2,216.26199999999997,-0.2721999999999999,92.42,3,3,4,1,-0.4489565258545499,-1.7005768835269401,1.438222388688361,1.4393194680678412,0.12045466604305038,0.5868074657903506,-0.4885292248583149,9.0,1e-09,Enzymatic,30,6.835279050078296,Scaffold_118,Cluster_052,Train,2024-01-06 17:00:00
Protease_0098,BDBM708339,CC(C)CC(NC(=O)C)C(=O)NBr,Protease,Factor_Xa,251.12399999999997,0.9633,58.2,2,2,4,0,0.6063267525536673,-0.7456696166632644,-0.017780915229895392,0.3140535153918265,-0.7582577898393464,0.5868074657903506,-1.446689058526267,7.803694180045946,5.7463583011267716e-08,Functional,25,6.760849245962089,Scaffold_135,Cluster_033,Train,2024-01-06 18:00:00
GPCR_0041,BDBM805486,C1CC(CCC1N)c2ccccc2OCC,GPCR,Dopamine_D2,219.328,3.0702000000000016,35.25,1,2,3,1,-0.35614777903567474,0.8827351753683665,-0.9942647207507601,-0.811212437284188,-0.7582577898393464,-0.06634595935939212,-0.4885292248583149,8.574042647531906,1.4436401318081276e-09,Direct_Binding,20,7.17399420814573,Scaffold_242,Cluster_133,Train,2024-01-06 19:00:00
Protease_0151,BDBM132390,CC(C)CC(NC(=O)C)C(=O)NC(C)C,Protease,Thrombin,214.30899999999997,1.0617999999999999,58.2,2,2,5,0,-0.5080744262254768,-0.6695398183742544,-0.017780915229895392,0.3140535153918265,-0.7582577898393464,1.2399608909400932,-1.446689058526267,7.3762136022177325,2.9366371753985477e-08,Direct_Binding,30,7.239581177221742,Scaffold_156,Cluster_010,Train,2024-01-06 20:00:00
Protease_0195,BDBM778522,c1ccc(cc1)C(=O)NC(C)C(=O)C(C)C,Protease,Factor_Xa,219.28399999999996,2.0300000000000002,46.17,1,2,4,1,-0.35747967233640343,0.07877358978229058,-0.5296371322414859,-0.811212437284188,-0.7582577898393464,0.5868074657903506,-0.4885292248583149,7.41668127966907,3.512603585556872e-08,Direct_Binding,20,6.804094635971284,Scaffold_190,Cluster_121,Train,2024-01-06 21:00:00
GPCR_0084,BDBM945435,C1CC(CCC1N)c2ccccc2OCC,GPCR,Adrenergic_Beta2,219.328,3.0702000000000016,35.25,1,2,3,1,-0.35614777903567474,0.8827351753683665,-0.9942647207507601,-0.811212437284188,-0.7582577898393464,-0.06634595935939212,-0.4885292248583149,8.566525321041777,2.581916612589579e-09,Functional,37,7.338230421081801,Scaffold_075,Cluster_123,Train,2024-01-06 22:00:00
Protease_0343,BDBM458997,c1cc(ccc1S(=O)(=O)N)CN,Protease,Trypsin,186.23599999999996,-0.20729999999999993,86.17999999999999,2,3,2,1,-1.3578526223919014,-1.6504162347050444,1.172720909540204,0.3140535153918265,0.12045466604305038,-0.7194993845091349,-0.4885292248583149,8.088634308001133,1.1997715918409634e-08,Direct_Binding,37,6.8423951232958595,Scaffold_157,Cluster_028,Train,2024-01-06 23:00:00
GPCR_0147,BDBM645316,C1CC(CCC1N)c2ccccc2C(=O)O,GPCR,Adrenergic_Beta2,219.28400000000002,2.3697,63.32000000000001,2,2,2,1,-0.3574796723364017,0.34132478246022696,0.2000664522762846,0.3140535153918265,-0.7582577898393464,-0.7194993845091349,-0.4885292248583149,8.690039951180701,1e-09,Direct_Binding,37,7.260575642455282,Scaffold_171,Cluster_029,Train,2024-01-07 00:00:00
Kinase_0056,BDBM908382,c1cc(ccc1N)c2ncnc3c2cc(cc3),Kinase,CDK2,221.26300000000003,2.8790000000000004,51.8,1,3,1,3,-0.29757474410595375,0.7349583486388352,-0.2900901246126204,-0.811212437284188,0.12045466604305038,-1.3726528096588775,1.4277904424775893,7.81321601786743,2.509255054060883e-08,Direct_Binding,37,7.3824163684073385,Scaffold_182,Cluster_059,Train,2024-01-07 01:00:00
Kinase_0121,BDBM111068,c1cc(ccc1C(=O)N)Nc2nccc(n2)CCCS,Kinase,ABL1,288.3759999999999,2.1815,80.9,3,5,6,2,1.7339560534332172,0.19586662979026054,0.9480658117994566,1.4393194680678412,1.877879577807844,1.8931143160898358,0.46963060880963725,7.024627792056457,1.2338553346312894e-07,Direct_Binding,25,7.153162790531283,Scaffold_162,Cluster_010,Train,2024-01-07 02:00:00
Protease_0234,BDBM484265,C1CCC(CC1)NC(=O)C(C)NN,Protease,Trypsin,185.27100000000002,0.28710000000000074,67.15,3,3,3,0,-1.3870634641010366,-1.2682987496889357,0.36302649476625887,1.4393194680678412,0.12045466604305038,-0.06634595935939212,-1.446689058526267,7.642311489984255,9.455811059920348e-09,Functional,30,6.6139658871192415,Scaffold_231,Cluster_100,Train,2024-01-07 03:00:00
Kinase_0026,BDBM918910,c1ccc(cc1)NC(=O)Nc2ccc(cc2),Kinase,ABL1,212.252,3.3306000000000004,41.13,2,1,2,2,-0.5703404380344854,1.0839960837385003,-0.7440806346303815,0.3140535153918265,-1.6369702457217434,-0.7194993845091349,0.46963060880963725,7.47428438845648,3.799350900070751e-08,Functional,37,6.8804200075075626,Scaffold_158,Cluster_048,Train,2024-01-07 04:00:00
Kinase_0073,BDBM564687,c1cc(ccc1N)c2ncnc3c2cc(cc3),Kinase,VEGFR2,221.26300000000003,2.8790000000000004,51.8,1,3,1,3,-0.29757474410595375,0.7349583486388352,-0.2900901246126204,-0.811212437284188,0.12045466604305038,-1.3726528096588775,1.4277904424775893,7.668150094133508,2.66605781951708e-08,Enzymatic,37,6.57940658464303,Scaffold_218,Cluster_022,Train,2024-01-07 05:00:00
Kinase_0045,BDBM183953,c1ccc(cc1)NC(=O)Nc2ccc(cc2)Br,Kinase,CDK2,291.148,4.093100000000001,41.13,2,1,2,2,1.8178653313790518,1.6733257405442898,-0.7440806346303815,0.3140535153918265,-1.6369702457217434,-0.7194993845091349,0.46963060880963725,7.344950701444886,1.6025160519202173e-08,Direct_Binding,25,6.776904487377809,Scaffold_202,Cluster_178,Train,2024-01-07 06:00:00
Kinase_0260,BDBM135138,c1ccc2c(c1)ncc(n2)c3ccccc3N(C)CCC,Kinase,CDK2,277.37100000000004,4.1430000000000025,29.020000000000003,0,3,4,3,1.4008313767399032,1.7118930190683683,-1.259340716759256,-1.9364783899602027,0.12045466604305038,0.5868074657903506,1.4277904424775893,8.163263108014402,4.99417256714815e-09,Direct_Binding,37,6.809372717862782,Scaffold_214,Cluster_018,Train,2024-01-07 07:00:00
Kinase_0209,BDBM231113,c1ccc(cc1)NC(=O)Nc2ccc(cc2)C(C)CBr,Kinase,ABL1,333.229,4.829000000000002,41.13,2,1,4,2,3.0916699220134434,2.242096487355282,-0.7440806346303815,0.3140535153918265,-1.6369702457217434,0.5868074657903506,0.46963060880963725,7.717389152945907,2.1387266736948655e-08,Enzymatic,37,6.987667068621264,Scaffold_003,Cluster_062,Train,2024-01-07 08:00:00
Kinase_0295,BDBM440277,c1cc(ccc1C(=O)N)Nc2nccc(n2),Kinase,CDK2,214.228,1.3191,80.9,2,4,3,2,-0.5105263207109058,-0.47067487319900236,0.9480658117994566,0.3140535153918265,0.9991671219254472,-0.06634595935939212,0.46963060880963725,6.725981322894757,1.7779606583403804e-07,Direct_Binding,25,7.033967472547764,Scaffold_207,Cluster_112,Train,2024-01-07 09:00:00
Protease_0326,BDBM994026,C1CCC(CC1)NC(=O)C(C)NCl,Protease,Factor_Xa,204.70100000000002,1.5671999999999997,41.13,2,2,3,0,-0.798911490620695,-0.27892052847307947,-0.7440806346303815,0.3140535153918265,-0.7582577898393464,-0.06634595935939212,-1.446689058526267,7.5525599060841815,3.5912259494302525e-08,Direct_Binding,20,6.576969183008018,Scaffold_029,Cluster_158,Train,2024-01-07 10:00:00
Protease_0047,BDBM266846,c1ccc(cc1)C(=O)NC(C)C(=O)S,Protease,Thrombin,209.26999999999998,1.2612999999999999,46.17,2,2,3,1,-0.6606064794610627,-0.5153479934132642,-0.5296371322414859,0.3140535153918265,-0.7582577898393464,-0.06634595935939212,-0.4885292248583149,7.753490832721203,1.0778931252415178e-08,Functional,30,6.816457130874416,Scaffold_210,Cluster_095,Train,2024-01-07 11:00:00
Kinase_0299,BDBM389511,c1ccc2c(c1)ncc(n2)c3ccccc3C(=O)NNS(=O)(=O)N,Kinase,VEGFR2,343.36800000000005,0.7346999999999995,127.06999999999998,3,5,4,3,3.398580516924263,-0.9223525800020235,2.912521467612018,1.4393194680678412,1.877879577807844,0.5868074657903506,1.4277904424775893,6.207498317825844,1.0142818881801122e-06,Direct_Binding,37,6.795040707654156,Scaffold_182,Cluster_113,Train,2024-01-07 12:00:00
Protease_0120,BDBM362081,c1ccc(cc1)C(=O)NC(C)C(=O)SC(C)C,Protease,Thrombin,251.35099999999997,2.4731000000000005,46.17,1,3,4,1,0.6131981111733297,0.4212417483798584,-0.5296371322414859,-0.811212437284188,0.12045466604305038,0.5868074657903506,-0.4885292248583149,7.882844804961009,2.2771114496603498e-08,Direct_Binding,25,6.84805195547732,Scaffold_072,Cluster_037,Train,2024-01-07 13:00:00
Kinase_0446,BDBM718975,c1cc(ccc1N)c2ncnc3c2cc(cc3)OCC(C)C,Kinase,VEGFR2,293.37000000000006,3.913800000000002,61.03,1,4,4,3,1.885125943065791,1.5347463209176966,0.10263081329402814,-0.811212437284188,0.9991671219254472,0.5868074657903506,1.4277904424775893,7.8811808823245055,1.3242302878538911e-08,Functional,30,7.393090205195415,Scaffold_234,Cluster_114,Train,2024-01-07 14:00:00
Kinase_0335,BDBM231939,c1cc(ccc1C(=O)N)Nc2nccc(n2),Kinase,ABL1,214.228,1.3191,80.9,2,4,3,2,-0.5105263207109058,-0.47067487319900236,0.9480658117994566,0.3140535153918265,0.9991671219254472,-0.06634595935939212,0.46963060880963725,6.818696960012663,1.7522756776734563e-07,Direct_Binding,25,7.1458223862864845,Scaffold_141,Cluster_153,Train,2024-01-07 15:00:00
GPCR_0204,BDBM703950,C1CC(CCC1N)c2ccccc2OCC,GPCR,Dopamine_D2,219.328,3.0702000000000016,35.25,1,2,3,1,-0.35614777903567474,0.8827351753683665,-0.9942647207507601,-0.811212437284188,-0.7582577898393464,-0.06634595935939212,-0.4885292248583149,9.0,3.428193982492037e-09,Functional,30,7.178499968292638,Scaffold_010,Cluster_011,Train,2024-01-07 16:00:00
Kinase_0169,BDBM901676,c1ccc2c(c1)ncc(n2)c3ccccc3F,Kinase,ABL1,224.23799999999997,3.435900000000001,25.78,0,2,1,3,-0.20752059479540413,1.1653815432291887,-1.3971972540092605,-1.9364783899602027,-0.7582577898393464,-1.3726528096588775,1.4277904424775893,7.907920782599569,9.618771662175099e-09,Direct_Binding,30,7.402894995191987,Scaffold_104,Cluster_170,Train,2024-01-07 17:00:00
Kinase_0248,BDBM500112,c1cc(ccc1N)c2ncnc3c2cc(cc3)Br,Kinase,CDK2,300.159,3.6415000000000015,51.8,1,3,1,3,2.090631025307582,1.3242880054446255,-0.2900901246126204,-0.811212437284188,0.12045466604305038,-1.3726528096588775,1.4277904424775893,7.684607615113944,2.5413239914893482e-08,Direct_Binding,37,7.374222524685176,Scaffold_107,Cluster_129,Train,2024-01-07 18:00:00
Protease_0178,BDBM133892,c1cc(ccc1S(=O)(=O)N)CSCC,Protease,Trypsin,231.34199999999996,1.5871000000000002,60.16,1,3,4,1,0.0075196326675056446,-0.2635399905446395,0.0656137801435638,-0.811212437284188,0.12045466604305038,0.5868074657903506,-0.4885292248583149,7.7974977152775065,2.946303370404572e-08,Functional,37,6.5680373140916695,Scaffold_132,Cluster_049,Train,2024-01-07 19:00:00
Protease_0287,BDBM598372,CC(C)CC(NC(=O)C)C(=O)NCC,Protease,Thrombin,200.28199999999995,0.6732999999999998,58.2,2,2,5,0,-0.9326759564369415,-0.9698081090877616,-0.017780915229895392,0.3140535153918265,-0.7582577898393464,1.2399608909400932,-1.446689058526267,7.4647711505999546,2.263803786173558e-08,Functional,25,6.565276757566464,Scaffold_151,Cluster_054,Train,2024-01-07 20:00:00
Protease_0111,BDBM627812,c1cc(ccc1S(=O)(=O)N)CNC,Protease,Factor_Xa,200.26299999999998,0.05340000000000017,72.19,2,3,3,1,-0.9332510921804368,-1.4489234589289532,0.5774699971551543,0.3140535153918265,0.12045466604305038,-0.06634595935939212,-0.4885292248583149,7.754369661930686,1.3634822948274452e-08,Direct_Binding,25,6.872043567812208,Scaffold_192,Cluster_082,Train,2024-01-07 21:00:00
Kinase_0332,BDBM662407,c1ccc(cc1)NC(=O)Nc2ccc(cc2)S(=O)(=O)NS,Kinase,ABL1,323.399,2.4537,87.30000000000001,4,4,4,2,2.794112850510008,0.40624765612801234,1.2203750211821816,2.5645854207438554,0.9991671219254472,0.5868074657903506,0.46963060880963725,6.7498088442771245,2.0696869142064278e-07,Functional,30,6.845877460737857,Scaffold_013,Cluster_012,Train,2024-01-07 22:00:00
Kinase_0311,BDBM821846,c1ccc(cc1)NC(=O)Nc2ccc(cc2)OCC,Kinase,VEGFR2,256.30499999999995,3.729300000000001,50.36,2,2,4,2,0.7631571887143281,1.3921478662545248,-0.35135969672373335,0.3140535153918265,-0.7582577898393464,0.5868074657903506,0.46963060880963725,7.415672819515918,4.3453090886965046e-08,Direct_Binding,37,7.172966622394433,Scaffold_165,Cluster_146,Train,2024-01-07 23:00:00
Kinase_0061,BDBM208976,c1ccc2c(c1)ncc(n2)c3ccccc3,Kinase,VEGFR2,206.248,3.296800000000001,25.78,0,2,1,3,-0.7520833329792092,1.057872356000749,-1.3971972540092605,-1.9364783899602027,-0.7582577898393464,-1.3726528096588775,1.4277904424775893,7.860147864323206,1.0651419173171495e-08,Direct_Binding,37,7.484110319036498,Scaffold_219,Cluster_004,Train,2024-01-08 00:00:00
GPCR_0064,BDBM596219,c1cc(ccc1O)CCNS(=O)(=O)N,GPCR,Dopamine_D2,216.26199999999997,-0.2721999999999999,92.42,3,3,4,1,-0.4489565258545499,-1.7005768835269401,1.438222388688361,1.4393194680678412,0.12045466604305038,0.5868074657903506,-0.4885292248583149,9.0,1.0045819103883597e-09,Direct_Binding,30,7.322381211185355,Scaffold_196,Cluster_040,Train,2024-01-08 01:00:00
GPCR_0155,BDBM622112,C1CC(CCC1N)c2ccccc2OCC,GPCR,Dopamine_D2,219.328,3.0702000000000016,35.25,1,2,3,1,-0.35614777903567474,0.8827351753683665,-0.9942647207507601,-0.811212437284188,-0.7582577898393464,-0.06634595935939212,-0.4885292248583149,8.512292077703675,2.451834921437544e-09,Functional,25,7.327553052274047,Scaffold_167,Cluster_088,Train,2024-01-08 02:00:00
GPCR_0156,BDBM935527,C1CC(CCC1N)c2ccccc2C(=O)ONC,GPCR,Adrenergic_Beta2,248.32600000000002,1.9627000000000001,64.35000000000001,2,4,3,1,0.5216304467483167,0.02675800171274343,0.2438912156613169,0.3140535153918265,0.9991671219254472,-0.06634595935939212,-0.4885292248583149,9.0,1e-09,Functional,25,6.67070836331248,Scaffold_286,Cluster_065,Train,2024-01-08 03:00:00
Protease_0183,BDBM593050,c1cc(ccc1S(=O)(=O)N)CN(C)CC(C)C,Protease,Factor_Xa,256.3709999999999,1.4217999999999997,63.4,1,3,5,1,0.7651550286654185,-0.3912989312266031,0.2034703173935683,-0.811212437284188,0.12045466604305038,1.2399608909400932,-0.4885292248583149,7.423424359647111,6.687734726362933e-08,Enzymatic,25,7.3583229388788585,Scaffold_287,Cluster_045,Train,2024-01-08 04:00:00
GPCR_0036,BDBM131107,C1CN(CCN1)c2ccc(cc2)S(=O)(=O)NC(C)C,GPCR,Dopamine_D2,283.39700000000005,0.7828999999999999,61.440000000000005,2,4,4,1,1.5832402183349905,-0.8850992167783653,0.1200756220201091,0.3140535153918265,0.9991671219254472,0.5868074657903506,-0.4885292248583149,8.86315320533977,1.2932707515899936e-09,Direct_Binding,30,6.799383373705348,Scaffold_103,Cluster_090,Train,2024-01-08 05:00:00
Kinase_0424,BDBM790897,c1cc(ccc1N)c2ncnc3c2cc(cc3),Kinase,CDK2,221.26300000000003,2.8790000000000004,51.8,1,3,1,3,-0.29757474410595375,0.7349583486388352,-0.2900901246126204,-0.811212437284188,0.12045466604305038,-1.3726528096588775,1.4277904424775893,7.8192596426431535,2.7297036847439236e-08,Direct_Binding,25,7.363547522514545,Scaffold_111,Cluster_119,Train,2024-01-08 06:00:00
GPCR_0153,BDBM133287,C1CN(CCN1)c2ccc(cc2)CCS(=O)(=O)NC(C)C,GPCR,Dopamine_D2,311.45099999999996,0.9664999999999997,61.440000000000005,2,4,6,1,2.4324432787579164,-0.7431963643330634,0.1200756220201091,0.3140535153918265,0.9991671219254472,1.8931143160898358,-0.4885292248583149,9.0,1e-09,Direct_Binding,30,7.269448894082047,Scaffold_258,Cluster_052,Train,2024-01-08 07:00:00
Kinase_0199,BDBM436219,c1ccc(cc1)NC(=O)Nc2ccc(cc2),Kinase,EGFR,212.252,3.3306000000000004,41.13,2,1,2,2,-0.5703404380344854,1.0839960837385003,-0.7440806346303815,0.3140535153918265,-1.6369702457217434,-0.7194993845091349,0.46963060880963725,7.4663773077669005,3.7756713068982935e-08,Functional,25,7.3925232899548465,Scaffold_226,Cluster_165,Train,2024-01-08 08:00:00
Kinase_0345,BDBM560030,c1ccc2c(c1)ncc(n2)c3ccccc3Br,Kinase,EGFR,285.144,4.059300000000001,25.78,0,2,1,3,1.636122436434328,1.6472020128065386,-1.3971972540092605,-1.9364783899602027,-0.7582577898393464,-1.3726528096588775,1.4277904424775893,7.970451254157251,1.3214522692258924e-08,Functional,37,7.488035966155592,Scaffold_141,Cluster_015,Train,2024-01-08 09:00:00
Protease_0227,BDBM965314,c1cc(ccc1S(=O)(=O)N)CF,Protease,Factor_Xa,189.21099999999996,0.8035000000000002,60.16,1,2,2,1,-1.26779847308135,-0.869177654902694,0.0656137801435638,-0.811212437284188,-0.7582577898393464,-0.7194993845091349,-0.4885292248583149,7.502946102571337,2.7895387031821615e-08,Enzymatic,25,7.427745733075407,Scaffold_055,Cluster_101,Train,2024-01-08 10:00:00
Protease_0166,BDBM216556,c1ccc(cc1)C(=O)NC(C)C(=O)NC,Protease,Trypsin,206.24499999999998,0.5509,58.2,2,2,3,1,-0.7521741438860774,-1.064410010717963,-0.017780915229895392,0.3140535153918265,-0.7582577898393464,-0.06634595935939212,-0.4885292248583149,7.414184503966281,4.0794319623722134e-08,Direct_Binding,25,6.7897279837382145,Scaffold_039,Cluster_098,Train,2024-01-08 11:00:00
GPCR_0189,BDBM798281,C1CC(CCC1N)c2ccccc2OCC,GPCR,Adrenergic_Beta2,219.328,3.0702000000000016,35.25,1,2,3,1,-0.35614777903567474,0.8827351753683665,-0.9942647207507601,-0.811212437284188,-0.7582577898393464,-0.06634595935939212,-0.4885292248583149,8.522695306459447,3.2321622447177764e-09,Functional,25,7.429144717211687,Scaffold_125,Cluster_040,Train,2024-01-08 12:00:00
Kinase_0334,BDBM212608,c1ccc2c(c1)ncc(n2)c3ccccc3,Kinase,ABL1,206.248,3.296800000000001,25.78,0,2,1,3,-0.7520833329792092,1.057872356000749,-1.3971972540092605,-1.9364783899602027,-0.7582577898393464,-1.3726528096588775,1.4277904424775893,7.830449743273183,9.470832116351e-09,Direct_Binding,25,6.5254477599057505,Scaffold_083,Cluster_075,Train,2024-01-08 13:00:00
GPCR_0004,BDBM610102,C1CC(CCC1N)c2ccccc2SN,GPCR,Adrenergic_Beta2,222.35700000000003,2.6372999999999998,52.04,2,3,2,1,-0.2644590334015024,0.5481505085733144,-0.2798785292607681,0.3140535153918265,0.12045466604305038,-0.7194993845091349,-0.4885292248583149,9.0,1e-09,Enzymatic,30,7.3026403123529295,Scaffold_167,Cluster_130,Train,2024-01-08 14:00:00
Kinase_0328,BDBM472787,c1ccc(cc1)NC(=O)Nc2ccc(cc2),Kinase,CDK2,212.252,3.3306000000000004,41.13,2,1,2,2,-0.5703404380344854,1.0839960837385003,-0.7440806346303815,0.3140535153918265,-1.6369702457217434,-0.7194993845091349,0.46963060880963725,7.576395404094441,3.7973602094084494e-08,Direct_Binding,25,6.666860201698753,Scaffold_246,Cluster_017,Train,2024-01-08 15:00:00
Kinase_0111,BDBM338161,c1ccc(cc1)NC(=O)Nc2ccc(cc2),Kinase,ABL1,212.252,3.3306000000000004,41.13,2,1,2,2,-0.5703404380344854,1.0839960837385003,-0.7440806346303815,0.3140535153918265,-1.6369702457217434,-0.7194993845091349,0.46963060880963725,7.169830317705144,3.154189425821647e-08,Direct_Binding,37,6.727179557023515,Scaffold_241,Cluster_058,Train,2024-01-08 16:00:00
Protease_0162,BDBM285469,C1CCC(CC1)NC(=O)C(C)NC(C)C,Protease,Factor_Xa,212.33700000000002,1.8217999999999996,41.13,2,2,4,0,-0.567767462339898,-0.08214238995143494,-0.7440806346303815,0.3140535153918265,-0.7582577898393464,0.5868074657903506,-1.446689058526267,7.476459786579313,5.481993627920365e-08,Functional,20,6.847822347433046,Scaffold_024,Cluster_048,Train,2024-01-08 17:00:00
Protease_0292,BDBM261943,CC(C)CC(NC(=O)C)C(=O)NN(C)C,Protease,Trypsin,215.29699999999997,0.13000000000000123,61.440000000000005,2,3,5,0,-0.47816736756368694,-1.3897199812747576,0.1200756220201091,0.3140535153918265,0.12045466604305038,1.2399608909400932,-1.446689058526267,7.192776493838886,2.9468066996365006e-08,Enzymatic,30,7.1501871664456536,Scaffold_200,Cluster_161,Train,2024-01-08 18:00:00
Kinase_0353,BDBM241276,c1cc(ccc1C(=O)N)Nc2nccc(n2)CC,Kinase,VEGFR2,242.28199999999998,1.8815000000000002,80.9,2,4,4,2,0.3386767397120219,-0.036000776166115675,0.9480658117994566,0.3140535153918265,0.9991671219254472,0.5868074657903506,0.46963060880963725,6.891809943480303,1.6688637583202925e-07,Functional,25,6.8842067129858,Scaffold_250,Cluster_050,Train,2024-01-08 19:00:00
Kinase_0266,BDBM646453,c1cc(ccc1C(=O)N)Nc2nccc(n2)N,Kinase,CDK2,229.243,0.9013000000000002,106.92,3,5,3,2,-0.056017731837652046,-0.7935888805609154,2.055172941196097,1.4393194680678412,1.877879577807844,-0.06634595935939212,0.46963060880963725,6.226761522705273,2.633757089825722e-07,Enzymatic,30,6.5511353814421005,Scaffold_128,Cluster_086,Train,2024-01-08 20:00:00
Protease_0245,BDBM446057,CC(C)CC(NC(=O)C)C(=O)NBr,Protease,Factor_Xa,251.12399999999997,0.9633,58.2,2,2,4,0,0.6063267525536673,-0.7456696166632644,-0.017780915229895392,0.3140535153918265,-0.7582577898393464,0.5868074657903506,-1.446689058526267,7.439746795238135,3.0828351113655264e-08,Direct_Binding,25,6.792655097667408,Scaffold_144,Cluster_169,Train,2024-01-08 21:00:00
Protease_0080,BDBM400189,C1CCC(CC1)NC(=O)C(C)NN(C)C,Protease,Thrombin,213.32500000000002,0.8899999999999999,44.370000000000005,2,3,4,0,-0.5378604036781082,-0.8023225528519391,-0.6062240973803771,0.3140535153918265,0.12045466604305038,0.5868074657903506,-1.446689058526267,7.419195084286267,3.620118696887813e-08,Direct_Binding,25,7.015167028386589,Scaffold_193,Cluster_113,Train,2024-01-08 22:00:00
Kinase_0421,BDBM215830,c1ccc(cc1)NC(=O)Nc2ccc(cc2)C(C)C,Kinase,ABL1,254.333,4.454000000000002,41.13,2,1,3,2,0.7034641525999069,1.9522622299098116,-0.7440806346303815,0.3140535153918265,-1.6369702457217434,-0.06634595935939212,0.46963060880963725,8.0257861887323,2.041117865991683e-08,Enzymatic,37,6.962675605065393,Scaffold_031,Cluster_007,Train,2024-01-08 23:00:00
Protease_0145,BDBM847417,c1ccc(cc1)C(=O)NC(C)C(=O)N,Protease,Factor_Xa,192.21799999999996,0.2901999999999999,72.19,2,2,3,1,-1.1767756740975421,-1.2659027864940537,0.5774699971551543,0.3140535153918265,-0.7582577898393464,-0.06634595935939212,-0.4885292248583149,7.885931060850294,3.299972337544399e-08,Direct_Binding,37,7.215984693541724,Scaffold_052,Cluster_113,Train,2024-01-09 00:00:00
GPCR_0185,BDBM393976,C1CC(CCC1N)c2ccccc2CC,GPCR,Serotonin_5HT2A,203.329,3.233900000000002,26.02,1,1,2,1,-0.8404423453615616,1.0092574898852296,-1.3869856586574083,-0.811212437284188,-1.6369702457217434,-0.7194993845091349,-0.4885292248583149,8.32451904295141,3.4989206185305207e-09,Enzymatic,37,7.272771419665079,Scaffold_029,Cluster_018,Train,2024-01-09 01:00:00
GPCR_0138,BDBM833478,C1CC(CCC1N)c2ccccc2OCC,GPCR,Serotonin_5HT2A,219.328,3.0702000000000016,35.25,1,2,3,1,-0.35614777903567474,0.8827351753683665,-0.9942647207507601,-0.811212437284188,-0.7582577898393464,-0.06634595935939212,-0.4885292248583149,8.779892114662353,2.9808569258901607e-09,Functional,25,6.986130485214924,Scaffold_176,Cluster_063,Train,2024-01-09 02:00:00
GPCR_0213,BDBM871754,c1cc(ccc1O)CCNC(=O)N,GPCR,Serotonin_5HT2A,180.20699999999997,0.6030000000000002,75.35,3,2,3,1,-1.540352274893856,-1.024142371216872,0.7119226692878745,1.4393194680678412,-0.7582577898393464,-0.06634595935939212,-0.4885292248583149,8.687000213300575,1e-09,Enzymatic,37,6.510284495935692,Scaffold_142,Cluster_155,Train,2024-01-09 03:00:00
Protease_0185,BDBM173783,c1ccc(cc1)C(=O)NC(C)C(=O)S,Protease,Factor_Xa,209.26999999999998,1.2612999999999999,46.17,2,2,3,1,-0.6606064794610627,-0.5153479934132642,-0.5296371322414859,0.3140535153918265,-0.7582577898393464,-0.06634595935939212,-0.4885292248583149,7.455763642218466,2.6615810819824996e-08,Enzymatic,20,6.859675561223067,Scaffold_276,Cluster_136,Train,2024-01-09 04:00:00
Kinase_0138,BDBM109576,c1cc(ccc1C(=O)N)Nc2nccc(n2),Kinase,ABL1,214.228,1.3191,80.9,2,4,3,2,-0.5105263207109058,-0.47067487319900236,0.9480658117994566,0.3140535153918265,0.9991671219254472,-0.06634595935939212,0.46963060880963725,6.6241197725691485,2.8513311287822755e-07,Enzymatic,25,6.610720593326316,Scaffold_190,Cluster_074,Train,2024-01-09 05:00:00
Kinase_0371,BDBM591147,c1ccc2c(c1)ncc(n2)c3ccccc3OCC,Kinase,CDK2,250.30099999999996,3.695500000000002,35.010000000000005,0,3,3,3,0.5814142937696053,1.3660241385167735,-1.004476316102612,-1.9364783899602027,0.12045466604305038,-0.06634595935939212,1.4277904424775893,7.926379526138843,1.4285329677910148e-08,Direct_Binding,25,7.461135485407593,Scaffold_225,Cluster_143,Train,2024-01-09 06:00:00
Kinase_0382,BDBM959222,c1cc(ccc1C(=O)N)Nc2nccc(n2)Cl,Kinase,ABL1,248.673,1.9725,80.9,2,4,3,2,0.5321342416426896,0.034332336973984905,0.9480658117994566,0.3140535153918265,0.9991671219254472,-0.06634595935939212,0.46963060880963725,6.742320103183395,2.0210115335947392e-07,Direct_Binding,37,6.802333249351494,Scaffold_146,Cluster_042,Train,2024-01-09 07:00:00
Protease_0114,BDBM698301,c1ccc(cc1)C(=O)NC(C)C(=O)S(=O)(=O)N,Protease,Trypsin,256.28299999999996,-0.37999999999999984,106.33,2,4,3,1,0.7624912420639647,-1.783894571400598,2.030069435956127,0.3140535153918265,0.9991671219254472,-0.06634595935939212,-0.4885292248583149,8.00398003339023,7.636412608774471e-09,Direct_Binding,37,6.894479390838858,Scaffold_057,Cluster_037,Train,2024-01-09 08:00:00
Protease_0094,BDBM280638,c1ccc(cc1)C(=O)NC(C)C(=O)SS(=O)(=O)N,Protease,Thrombin,288.35,0.2682000000000001,106.33,2,5,4,1,1.7331690255736996,-1.2829063962641878,2.030069435956127,0.3140535153918265,1.877879577807844,0.5868074657903506,-0.4885292248583149,7.951816645752879,4.862448141472441e-09,Functional,30,7.309978743683472,Scaffold_242,Cluster_141,Train,2024-01-09 09:00:00
Protease_0016,BDBM755216,C1CCC(CC1)NC(=O)C(C)NCC,Protease,Factor_Xa,198.31,1.4332999999999996,41.13,2,2,4,0,-0.9923689925513627,-0.3824106806649421,-0.7440806346303815,0.3140535153918265,-0.7582577898393464,0.5868074657903506,-1.446689058526267,7.349503127357161,2.7183919140855002e-08,Enzymatic,37,7.283501502587908,Scaffold_069,Cluster_082,Train,2024-01-09 10:00:00
Protease_0181,BDBM526085,CC(C)CC(NC(=O)C)C(=O)NOCC,Protease,Factor_Xa,216.28099999999995,0.6048999999999998,67.43,2,3,6,0,-0.4483813901110547,-1.0226738776458153,0.37494002267675314,0.3140535153918265,0.12045466604305038,1.8931143160898358,-1.446689058526267,7.669018335013835,3.765088660608122e-08,Direct_Binding,37,7.005925800146394,Scaffold_038,Cluster_015,Train,2024-01-09 11:00:00
Kinase_0333,BDBM929912,c1cc(ccc1N)c2ncnc3c2cc(cc3),Kinase,VEGFR2,221.26300000000003,2.8790000000000004,51.8,1,3,1,3,-0.29757474410595375,0.7349583486388352,-0.2900901246126204,-0.811212437284188,0.12045466604305038,-1.3726528096588775,1.4277904424775893,7.684894683729059,1.859714693193046e-08,Functional,30,6.654459747223324,Scaffold_167,Cluster_029,Train,2024-01-09 12:00:00
Protease_0041,BDBM328909,CC(C)CC(NC(=O)C)C(=O)NO,Protease,Factor_Xa,188.22699999999998,0.042600000000000304,78.43,3,3,4,0,-1.2975844505339824,-1.4572706855433828,0.8429714763033114,1.4393194680678412,0.12045466604305038,0.5868074657903506,-1.446689058526267,7.631979840451622,1.6698902224910248e-08,Direct_Binding,20,7.078541818203531,Scaffold_212,Cluster_176,Train,2024-01-09 13:00:00
Kinase_0219,BDBM327738,c1cc(ccc1N)c2ncnc3c2cc(cc3)NC,Kinase,VEGFR2,250.30500000000004,2.9207,63.83,2,4,2,3,0.5815353749787646,0.7671879180667713,0.2217660923989701,0.3140535153918265,0.9991671219254472,-0.7194993845091349,1.4277904424775893,7.592870467825635,5.394739411191045e-08,Enzymatic,30,6.972493355006513,Scaffold_078,Cluster_017,Train,2024-01-09 14:00:00
Kinase_0426,BDBM145903,c1ccc(cc1)NC(=O)Nc2ccc(cc2)O,Kinase,EGFR,228.251,3.0362000000000005,61.36,3,2,2,2,-0.08604587170859868,0.8564568693599764,0.11667175690282482,1.4393194680678412,-0.7582577898393464,-0.7194993845091349,0.46963060880963725,7.515142733629852,2.6361390861519102e-08,Functional,25,6.8753299079196015,Scaffold_078,Cluster_105,Train,2024-01-09 15:00:00
Kinase_0449,BDBM484150,c1cc(ccc1N)c2ncnc3c2cc(cc3)C(C)C,Kinase,ABL1,263.34400000000005,4.002400000000002,51.8,1,3,2,3,0.9762298465284395,1.6032244948101468,-0.2900901246126204,-0.811212437284188,0.12045466604305038,-0.7194993845091349,1.4277904424775893,7.8554719623994975,7.699661895493698e-09,Functional,37,6.9483190553694225,Scaffold_154,Cluster_133,Train,2024-01-09 16:00:00
Protease_0056,BDBM328330,C1CCC(CC1)NC(=O)C(C)NC(C)C,Protease,Trypsin,212.33700000000002,1.8217999999999996,41.13,2,2,4,0,-0.567767462339898,-0.08214238995143494,-0.7440806346303815,0.3140535153918265,-0.7582577898393464,0.5868074657903506,-1.446689058526267,7.352492884676915,2.8769856351758207e-08,Functional,37,7.310683570337591,Scaffold_103,Cluster_137,Train,2024-01-09 17:00:00
Kinase_0363,BDBM613898,c1cc(ccc1C(=O)N)Nc2nccc(n2)C,Kinase,VEGFR2,228.255,1.62752,80.9,2,4,3,2,-0.0859247904994419,-0.2322997220487838,0.9480658117994566,0.3140535153918265,0.9991671219254472,-0.06634595935939212,0.46963060880963725,6.736007977731471,1.0730780647197731e-07,Direct_Binding,25,6.616138960200526,Scaffold_046,Cluster_005,Train,2024-01-09 18:00:00
Kinase_0079,BDBM278895,c1cc(ccc1C(=O)N)Nc2nccc(n2),Kinase,EGFR,214.228,1.3191,80.9,2,4,3,2,-0.5105263207109058,-0.47067487319900236,0.9480658117994566,0.3140535153918265,0.9991671219254472,-0.06634595935939212,0.46963060880963725,6.686193116480325,1.9436256631347574e-07,Functional,25,7.2102427986233115,Scaffold_225,Cluster_159,Train,2024-01-09 19:00:00
Kinase_0030,BDBM646240,c1ccc(cc1)NC(=O)Nc2ccc(cc2)N(C)C,Kinase,CDK2,255.321,3.396600000000001,44.370000000000005,2,2,3,2,0.7333712112616967,1.1350069130489036,-0.6062240973803771,0.3140535153918265,-0.7582577898393464,-0.06634595935939212,0.46963060880963725,7.411973937531008,2.3786785883135305e-08,Functional,37,7.023329631194741,Scaffold_126,Cluster_044,Train,2024-01-09 20:00:00
Protease_0276,BDBM488865,C1CCC(CC1)NC(=O)C(C)NCl,Protease,Thrombin,204.70100000000002,1.5671999999999997,41.13,2,2,3,0,-0.798911490620695,-0.27892052847307947,-0.7440806346303815,0.3140535153918265,-0.7582577898393464,-0.06634595935939212,-1.446689058526267,7.407200020191249,5.771308073917429e-08,Direct_Binding,37,6.8409619736429885,Scaffold_168,Cluster_083,Train,2024-01-09 21:00:00
Protease_0284,BDBM695213,C1CCC(CC1)NC(=O)C(C)NN(C)C,Protease,Trypsin,213.32500000000002,0.8899999999999999,44.370000000000005,2,3,4,0,-0.5378604036781082,-0.8023225528519391,-0.6062240973803771,0.3140535153918265,0.12045466604305038,0.5868074657903506,-1.446689058526267,7.606082274203817,4.625916348037045e-08,Direct_Binding,30,7.336378577410399,Scaffold_280,Cluster_095,Train,2024-01-09 22:00:00
Kinase_0238,BDBM913331,c1ccc(cc1)NC(=O)Nc2ccc(cc2)NC(=O)N,Kinase,VEGFR2,270.29200000000003,2.8211999999999993,96.25,4,2,3,2,1.1865479068342244,0.6902852284245725,1.6011824311783354,2.5645854207438554,-0.7582577898393464,-0.06634595935939212,0.46963060880963725,6.789804147215413,1.9696412049375583e-07,Direct_Binding,37,7.072048643369301,Scaffold_134,Cluster_010,Train,2024-01-09 23:00:00
GPCR_0203,BDBM334677,C1CN(CCN1)c2ccc(cc2)S(=O)(=O)N,GPCR,Dopamine_D2,241.31599999999997,-0.2563999999999994,75.43,2,4,2,1,0.3094356277005955,-1.6883652001465705,0.7153265344051591,0.3140535153918265,0.9991671219254472,-0.7194993845091349,-0.4885292248583149,8.802412564755496,1.628330767613818e-09,Direct_Binding,37,7.111463611225661,Scaffold_286,Cluster_037,Train,2024-01-10 00:00:00
Kinase_0372,BDBM388698,c1ccc(cc1)NC(=O)Nc2ccc(cc2),Kinase,EGFR,212.252,3.3306000000000004,41.13,2,1,2,2,-0.5703404380344854,1.0839960837385003,-0.7440806346303815,0.3140535153918265,-1.6369702457217434,-0.7194993845091349,0.46963060880963725,7.532345743686818,2.142653200746292e-08,Direct_Binding,20,6.889481894902421,Scaffold_272,Cluster_027,Train,2024-01-10 01:00:00
Kinase_0166,BDBM755698,c1cc(ccc1N)c2ncnc3c2cc(cc3)C(C)CNC,Kinase,EGFR,292.3860000000001,3.201900000000001,63.83,2,4,4,3,1.8553399656131586,0.9845249665832153,0.2217660923989701,0.3140535153918265,0.9991671219254472,0.5868074657903506,1.4277904424775893,7.641850139040475,2.5158446627367402e-08,Direct_Binding,37,6.799919111506985,Scaffold_150,Cluster_176,Train,2024-01-10 02:00:00
Protease_0148,BDBM239093,c1cc(ccc1S(=O)(=O)N)CCC,Protease,Trypsin,199.27499999999995,1.2865000000000002,60.16,1,2,3,1,-0.9631581508422274,-0.49587113131292837,0.0656137801435638,-0.811212437284188,-0.7582577898393464,-0.06634595935939212,-0.4885292248583149,7.523229102900813,3.148678473005456e-08,Direct_Binding,30,7.176872275827576,Scaffold_012,Cluster_060,Train,2024-01-10 03:00:00
Kinase_0179,BDBM657783,c1cc(ccc1N)c2ncnc3c2cc(cc3),Kinase,VEGFR2,221.26300000000003,2.8790000000000004,51.8,1,3,1,3,-0.29757474410595375,0.7349583486388352,-0.2900901246126204,-0.811212437284188,0.12045466604305038,-1.3726528096588775,1.4277904424775893,7.633825475014307,2.080258298488004e-08,Enzymatic,30,7.08280683508349,Scaffold_072,Cluster_002,Train,2024-01-10 04:00:00
GPCR_0029,BDBM407364,c1cc(ccc1O)CCNC(=O)NCC,GPCR,Dopamine_D2,208.26099999999997,1.2538000000000002,61.36,3,2,4,1,-0.6911492144709275,-0.5211446785621734,0.11667175690282482,1.4393194680678412,-0.7582577898393464,0.5868074657903506,-0.4885292248583149,8.867795758753843,1.0986197249104786e-09,Direct_Binding,30,7.473076797912299,Scaffold_035,Cluster_098,Train,2024-01-10 05:00:00
Kinase_0066,BDBM786641,c1ccc2c(c1)ncc(n2)c3ccccc3,Kinase,ABL1,206.248,3.296800000000001,25.78,0,2,1,3,-0.7520833329792092,1.057872356000749,-1.3971972540092605,-1.9364783899602027,-0.7582577898393464,-1.3726528096588775,1.4277904424775893,8.135460004285624,9.008807688833862e-09,Direct_Binding,37,6.927489687920615,Scaffold_161,Cluster_001,Train,2024-01-10 06:00:00
Kinase_0142,BDBM407151,c1ccc2c(c1)ncc(n2)c3ccccc3N(C)CN,Kinase,ABL1,264.332,2.6491999999999996,55.040000000000006,1,4,3,3,1.0061369051902276,0.5573479156762504,-0.1522335873626156,-0.811212437284188,0.9991671219254472,-0.06634595935939212,1.4277904424775893,7.7141474131423635,3.577442128608023e-08,Enzymatic,37,7.4180765521991505,Scaffold_185,Cluster_145,Train,2024-01-10 07:00:00
Kinase_0261,BDBM308855,c1cc(ccc1C(=O)N)Nc2nccc(n2)CCC,Kinase,ABL1,256.30899999999997,2.2716000000000003,80.9,2,4,5,2,0.7632782699234858,0.26550414071249223,0.9480658117994566,0.3140535153918265,0.9991671219254472,1.2399608909400932,0.46963060880963725,6.682602429263288,1.4018623755732782e-07,Enzymatic,37,7.323790384221295,Scaffold_229,Cluster_015,Train,2024-01-10 08:00:00
Protease_0198,BDBM124872,C1CCC(CC1)NC(=O)C(C)NCCC,Protease,Thrombin,212.337,1.8233999999999995,41.13,2,2,5,0,-0.5677674623398989,-0.0809057637863344,-0.7440806346303815,0.3140535153918265,-0.7582577898393464,1.2399608909400932,-1.446689058526267,7.560277936368973,4.60903490827537e-08,Direct_Binding,25,6.9463263599865614,Scaffold_110,Cluster_100,Train,2024-01-10 09:00:00
Protease_0042,BDBM321569,C1CCC(CC1)NC(=O)C(C)NC(=O)OCC,Protease,Trypsin,242.319,1.5698999999999996,67.43,2,3,4,0,0.33979674089672474,-0.27683372181947213,0.37494002267675314,0.3140535153918265,0.12045466604305038,0.5868074657903506,-1.446689058526267,7.768590274152965,6.493159200462594e-09,Enzymatic,20,6.582572158035277,Scaffold_095,Cluster_146,Train,2024-01-10 10:00:00
GPCR_0077,BDBM797385,c1ccc2c(c1)OCCn2S(=O)(=O)N,GPCR,Serotonin_5HT2A,214.24599999999998,0.08889999999999987,72.63,1,3,1,1,-0.5099814552696998,-1.4214858158907824,0.5961912553002165,-0.811212437284188,0.12045466604305038,-1.3726528096588775,-0.4885292248583149,8.553788792523061,1.6525357865063785e-09,Direct_Binding,25,7.389519311043763,Scaffold_165,Cluster_031,Train,2024-01-10 11:00:00
Protease_0296,BDBM234797,C1CCC(CC1)NC(=O)C(C)NS,Protease,Factor_Xa,202.32300000000004,1.2581999999999998,41.13,3,3,3,0,-0.8708942694645573,-0.5177439566081469,-0.7440806346303815,1.4393194680678412,0.12045466604305038,-0.06634595935939212,-1.446689058526267,7.87665452891507,8.676434440340502e-09,Direct_Binding,30,6.539947973286094,Scaffold_240,Cluster_058,Train,2024-01-10 12:00:00
Kinase_0262,BDBM583220,c1ccc2c(c1)ncc(n2)c3ccccc3NO,Kinase,EGFR,237.262,3.0979,58.040000000000006,2,4,2,3,0.1867198222199322,0.9041442658516708,-0.024588645464463366,0.3140535153918265,0.9991671219254472,-0.7194993845091349,1.4277904424775893,7.814332196590731,1.5532664680204332e-08,Enzymatic,30,7.455060511484989,Scaffold_117,Cluster_161,Train,2024-01-10 13:00:00
GPCR_0028,BDBM183686,C1CC(CCC1N)c2ccccc2NC,GPCR,Dopamine_D2,204.31700000000004,2.7132000000000005,38.05,2,2,2,1,-0.8105352866997708,0.6068129622802781,-0.8751294416458181,0.3140535153918265,-0.7582577898393464,-0.7194993845091349,-0.4885292248583149,8.702235103279031,1.7845859127385954e-09,Enzymatic,25,6.647275563552091,Scaffold_236,Cluster_010,Train,2024-01-10 14:00:00
Kinase_0324,BDBM896456,c1ccc(cc1)NC(=O)Nc2ccc(cc2),Kinase,EGFR,212.252,3.3306000000000004,41.13,2,1,2,2,-0.5703404380344854,1.0839960837385003,-0.7440806346303815,0.3140535153918265,-1.6369702457217434,-0.7194993845091349,0.46963060880963725,7.77150409135282,2.491557031364379e-08,Functional,37,7.101074166800233,Scaffold_186,Cluster_145,Train,2024-01-10 15:00:00
Kinase_0222,BDBM426711,c1cc(ccc1N)c2ncnc3c2cc(cc3)OCC,Kinase,VEGFR2,265.31600000000003,3.277700000000001,61.03,1,4,3,3,1.0359228826428615,1.0431101311548598,0.10263081329402814,-0.811212437284188,0.9991671219254472,-0.06634595935939212,1.4277904424775893,7.384113221111237,4.434100526319444e-08,Direct_Binding,37,6.776814307791306,Scaffold_171,Cluster_140,Train,2024-01-10 16:00:00
Protease_0163,BDBM583819,c1ccc(cc1)C(=O)NC(C)C(=O)N(C)C,Protease,Thrombin,220.27199999999996,0.8931,49.410000000000004,1,2,3,1,-0.32757261367461354,-0.7999265896570564,-0.3917805949914814,-0.811212437284188,-0.7582577898393464,-0.06634595935939212,-0.4885292248583149,7.572455033837053,2.464218191782158e-08,Functional,30,7.12023484896112,Scaffold_102,Cluster_019,Train,2024-01-10 17:00:00
Kinase_0319,BDBM624203,c1cc(ccc1N)c2ncnc3c2cc(cc3),Kinase,ABL1,221.26300000000003,2.8790000000000004,51.8,1,3,1,3,-0.29757474410595375,0.7349583486388352,-0.2900901246126204,-0.811212437284188,0.12045466604305038,-1.3726528096588775,1.4277904424775893,7.722148952873267,2.6334256337438095e-08,Functional,30,7.416635235841207,Scaffold_133,Cluster_006,Train,2024-01-10 18:00:00
Kinase_0293,BDBM763653,c1ccc2c(c1)ncc(n2)c3ccccc3COCO,Kinase,EGFR,266.29999999999995,2.7632000000000008,55.24000000000001,1,4,4,3,1.065708860095492,0.6454575299396743,-0.14372392456940533,-0.811212437284188,0.9991671219254472,0.5868074657903506,1.4277904424775893,7.4132352864583675,3.909154062815617e-08,Functional,37,7.402453307285842,Scaffold_131,Cluster_167,Train,2024-01-10 19:00:00
Protease_0281,BDBM421559,c1cc(ccc1S(=O)(=O)N)CN(C)C,Protease,Trypsin,214.28999999999996,0.39559999999999995,63.4,1,3,3,1,-0.5086495619689729,-1.184440037868047,0.2034703173935683,-0.811212437284188,0.12045466604305038,-0.06634595935939212,-0.4885292248583149,7.617941506408906,4.503321232791199e-08,Direct_Binding,25,6.524644404636323,Scaffold_012,Cluster_122,Train,2024-01-10 20:00:00
Kinase_0050,BDBM200195,c1ccc(cc1)NC(=O)Nc2ccc(cc2)N,Kinase,VEGFR2,227.267,2.9128,67.15,3,2,2,2,-0.11583184916123178,0.7610820763765865,0.36302649476625887,1.4393194680678412,-0.7582577898393464,-0.7194993845091349,0.46963060880963725,6.934689976695591,1.0192341338874165e-07,Functional,30,7.393989710007871,Scaffold_072,Cluster_147,Train,2024-01-10 21:00:00
Protease_0071,BDBM626704,CC(C)CC(NC(=O)C)C(=O)NC(C)CN(C)COC,Protease,Thrombin,287.404,0.5776000000000017,70.67,2,4,9,0,1.7045333196080579,-1.043773811587844,0.5127965599267573,0.3140535153918265,0.9991671219254472,3.852574591539064,-1.446689058526267,7.188650802394516,5.7477013778960304e-08,Functional,25,6.905645259447238,Scaffold_062,Cluster_166,Train,2024-01-10 22:00:00
Kinase_0003,BDBM453777,c1cc(ccc1N)c2ncnc3c2cc(cc3)OCC,Kinase,EGFR,265.31600000000003,3.277700000000001,61.03,1,4,3,3,1.0359228826428615,1.0431101311548598,0.10263081329402814,-0.811212437284188,0.9991671219254472,-0.06634595935939212,1.4277904424775893,7.761356280715104,3.045481088076116e-08,Enzymatic,37,6.701363782135974,Scaffold_211,Cluster_099,Train,2024-01-10 23:00:00
GPCR_0103,BDBM573870,C1CN(CCN1)c2ccc(cc2)C(=O)N,GPCR,Serotonin_5HT2A,205.26099999999997,0.19509999999999972,58.36,2,3,2,1,-0.7819601213387105,-1.3394047541822254,-0.010973184995327418,0.3140535153918265,0.12045466604305038,-0.7194993845091349,-0.4885292248583149,8.539488715684845,1.663545915724129e-09,Enzymatic,25,6.641223543373149,Scaffold_219,Cluster_073,Train,2024-01-11 00:00:00
Kinase_0378,BDBM656937,c1cc(ccc1C(=O)N)Nc2nccc(n2),Kinase,CDK2,214.228,1.3191,80.9,2,4,3,2,-0.5105263207109058,-0.47067487319900236,0.9480658117994566,0.3140535153918265,0.9991671219254472,-0.06634595935939212,0.46963060880963725,6.699930300860753,2.546830276470247e-07,Direct_Binding,25,7.041704812410004,Scaffold_203,Cluster_176,Train,2024-01-11 01:00:00
Protease_0250,BDBM843527,C1CCC(CC1)NC(=O)C(C)NC(C)CS(=O)(=O)N,Protease,Trypsin,291.4170000000001,0.09040000000000192,101.29,3,4,6,0,1.826008042694865,-1.4203264788609988,1.8156259335672313,1.4393194680678412,0.9991671219254472,1.8931143160898358,-1.446689058526267,8.213958481799951,5.330601629710638e-09,Enzymatic,25,6.6633544497431565,Scaffold_250,Cluster_158,Train,2024-01-11 02:00:00
GPCR_0095,BDBM228864,c1cc(ccc1O)CCNC(=O)N,GPCR,Dopamine_D2,180.20699999999997,0.6030000000000002,75.35,3,2,3,1,-1.540352274893856,-1.024142371216872,0.7119226692878745,1.4393194680678412,-0.7582577898393464,-0.06634595935939212,-0.4885292248583149,8.652956926258536,1.3439878099879565e-09,Enzymatic,37,7.0677273179310545,Scaffold_025,Cluster_100,Train,2024-01-11 03:00:00
Protease_0122,BDBM696960,c1cc(ccc1S(=O)(=O)N)CC(=O)N,Protease,Thrombin,214.24599999999995,-0.6381999999999997,103.24999999999999,2,3,3,1,-0.5099814552697007,-1.9834551187937188,1.89902062894069,0.3140535153918265,0.12045466604305038,-0.06634595935939212,-0.4885292248583149,7.822050704595077,1.7704289954412333e-08,Direct_Binding,25,7.466622220896108,Scaffold_271,Cluster_116,Train,2024-01-11 04:00:00
Protease_0342,BDBM167898,CC(C)CC(NC(=O)C)C(=O)NC(C)C,Protease,Trypsin,214.30899999999997,1.0617999999999999,58.2,2,2,5,0,-0.5080744262254768,-0.6695398183742544,-0.017780915229895392,0.3140535153918265,-0.7582577898393464,1.2399608909400932,-1.446689058526267,7.4541030031184485,4.011099711143027e-08,Enzymatic,25,6.938044075905384,Scaffold_031,Cluster_061,Train,2024-01-11 05:00:00
GPCR_0050,BDBM710738,C1CN(CCN1)c2ccc(cc2)C(=O)N,GPCR,Serotonin_5HT2A,205.26099999999997,0.19509999999999972,58.36,2,3,2,1,-0.7819601213387105,-1.3394047541822254,-0.010973184995327418,0.3140535153918265,0.12045466604305038,-0.7194993845091349,-0.4885292248583149,8.673743040693727,2.6848433223729085e-09,Direct_Binding,37,6.984537995080011,Scaffold_263,Cluster_175,Train,2024-01-11 06:00:00
GPCR_0136,BDBM790318,C1CC(CCC1N)c2ccccc2OC,GPCR,Dopamine_D2,205.30100000000002,2.6801000000000013,35.25,1,2,2,1,-0.7807493092471386,0.5812302584897585,-0.9942647207507601,-0.811212437284188,-0.7582577898393464,-0.7194993845091349,-0.4885292248583149,8.676985288841257,2.627924614927506e-09,Direct_Binding,25,6.851219387348781,Scaffold_192,Cluster_126,Train,2024-01-11 07:00:00
Kinase_0034,BDBM292818,c1ccc(cc1)NC(=O)Nc2ccc(cc2)C,Kinase,VEGFR2,226.279,3.6390200000000013,41.13,2,1,2,2,-0.14573890782302165,1.3223712348887193,-0.7440806346303815,0.3140535153918265,-1.6369702457217434,-0.7194993845091349,0.46963060880963725,7.378882360656616,2.7035938796240694e-08,Enzymatic,37,7.134582417550304,Scaffold_009,Cluster_157,Train,2024-01-11 08:00:00
Kinase_0032,BDBM534098,c1cc(ccc1C(=O)N)Nc2nccc(n2),Kinase,CDK2,214.228,1.3191,80.9,2,4,3,2,-0.5105263207109058,-0.47067487319900236,0.9480658117994566,0.3140535153918265,0.9991671219254472,-0.06634595935939212,0.46963060880963725,6.950270727676341,2.957345506508696e-07,Enzymatic,37,7.292854419033839,Scaffold_224,Cluster_065,Train,2024-01-11 09:00:00
Kinase_0232,BDBM184120,c1cc(ccc1N)c2ncnc3c2cc(cc3)CCNC,Kinase,EGFR,278.359,2.6409000000000002,63.83,2,4,4,3,1.4307384354016914,0.5509329174447912,0.2217660923989701,0.3140535153918265,0.9991671219254472,0.5868074657903506,1.4277904424775893,7.444105788437296,5.7242786397599386e-08,Enzymatic,25,6.507664032649226,Scaffold_017,Cluster_089,Train,2024-01-11 10:00:00
Protease_0092,BDBM586561,c1ccc(cc1)C(=O)NC(C)C(=O)C(=O)O,Protease,Factor_Xa,221.21199999999996,0.4585999999999999,83.47,2,3,4,1,-0.2991185295227083,-1.135747882617208,1.0574149786922067,0.3140535153918265,0.12045466604305038,0.5868074657903506,-0.4885292248583149,7.900769944206704,7.4055122761811816e-09,Enzymatic,25,7.076488903139866,Scaffold_259,Cluster_163,Train,2024-01-11 11:00:00
Kinase_0193,BDBM574760,c1ccc(cc1)NC(=O)Nc2ccc(cc2),Kinase,ABL1,212.252,3.3306000000000004,41.13,2,1,2,2,-0.5703404380344854,1.0839960837385003,-0.7440806346303815,0.3140535153918265,-1.6369702457217434,-0.7194993845091349,0.46963060880963725,7.489760061619531,3.8132273799282965e-08,Enzymatic,37,7.017446351755042,Scaffold_168,Cluster_117,Train,2024-01-11 12:00:00
Kinase_0347,BDBM302338,c1ccc2c(c1)ncc(n2)c3ccccc3S(=O)(=O)N,Kinase,VEGFR2,285.32800000000003,1.944199999999999,85.94,1,4,2,3,1.641692172055553,0.01245951167876607,1.162509314188352,-0.811212437284188,0.9991671219254472,-0.7194993845091349,1.4277904424775893,6.691321348775401,1.2514089971939927e-07,Enzymatic,25,7.188274235780237,Scaffold_276,Cluster_123,Train,2024-01-11 13:00:00
Kinase_0004,BDBM542306,c1cc(ccc1N)c2ncnc3c2cc(cc3),Kinase,ABL1,221.26300000000003,2.8790000000000004,51.8,1,3,1,3,-0.29757474410595375,0.7349583486388352,-0.2900901246126204,-0.811212437284188,0.12045466604305038,-1.3726528096588775,1.4277904424775893,7.901978478461205,1.7818413072263395e-08,Functional,37,6.758620834888038,Scaffold_252,Cluster_040,Train,2024-01-11 14:00:00
Kinase_0205,BDBM294969,c1ccc2c(c1)ncc(n2)c3ccccc3S(=O)(=O)N,Kinase,CDK2,285.32800000000003,1.944199999999999,85.94,1,4,2,3,1.641692172055553,0.01245951167876607,1.162509314188352,-0.811212437284188,0.9991671219254472,-0.7194993845091349,1.4277904424775893,6.701883594806436,5.075303635680456e-08,Direct_Binding,37,6.737433468374807,Scaffold_145,Cluster_117,Train,2024-01-11 15:00:00
Protease_0003,BDBM317633,c1cc(ccc1S(=O)(=O)N)CCC,Protease,Thrombin,199.27499999999995,1.2865000000000002,60.16,1,2,3,1,-0.9631581508422274,-0.49587113131292837,0.0656137801435638,-0.811212437284188,-0.7582577898393464,-0.06634595935939212,-0.4885292248583149,7.465836054393133,3.6554700527739235e-08,Direct_Binding,25,6.550175350319974,Scaffold_171,Cluster_138,Train,2024-01-11 16:00:00
GPCR_0134,BDBM548702,c1cc(ccc1O)CCNOCC,GPCR,Serotonin_5HT2A,181.23499999999996,1.4758000000000002,41.489999999999995,2,3,5,1,-1.509234404140496,-0.349562798154455,-0.7287632416026036,0.3140535153918265,0.12045466604305038,1.2399608909400932,-0.4885292248583149,9.0,1.2520237582659728e-09,Enzymatic,37,6.652048567424492,Scaffold_035,Cluster_093,Train,2024-01-11 17:00:00
Kinase_0320,BDBM195841,c1cc(ccc1C(=O)N)Nc2nccc(n2),Kinase,CDK2,214.228,1.3191,80.9,2,4,3,2,-0.5105263207109058,-0.47067487319900236,0.9480658117994566,0.3140535153918265,0.9991671219254472,-0.06634595935939212,0.46963060880963725,6.652907541844847,1.1368514402009156e-07,Direct_Binding,37,6.930985220513296,Scaffold_039,Cluster_058,Train,2024-01-11 18:00:00
Kinase_0078,BDBM979249,c1cc(ccc1C(=O)N)Nc2nccc(n2)COCC,Kinase,ABL1,272.308,1.8556000000000001,90.13000000000001,2,5,6,2,1.2475728362493734,-0.05601866221368284,1.3407867497061052,0.3140535153918265,1.877879577807844,1.8931143160898358,0.46963060880963725,6.5884328974301205,2.2882488775511018e-07,Functional,30,7.040793754985544,Scaffold_048,Cluster_037,Train,2024-01-11 19:00:00
Kinase_0085,BDBM599284,c1cc(ccc1N)c2ncnc3c2cc(cc3)C,Kinase,CDK2,235.29000000000002,3.1874200000000013,51.8,1,3,1,3,0.12702678610551008,0.9733334997890544,-0.2900901246126204,-0.811212437284188,0.12045466604305038,-1.3726528096588775,1.4277904424775893,7.632142959566022,2.2098277155381907e-08,Enzymatic,37,6.9942124472503,Scaffold_286,Cluster_074,Train,2024-01-11 20:00:00
Kinase_0300,BDBM713099,c1ccc2c(c1)ncc(n2)c3ccccc3NCOCBr,Kinase,VEGFR2,344.212,4.0352000000000015,47.040000000000006,1,4,5,3,3.4241286520563974,1.6285753311947098,-0.49262009909102156,-0.811212437284188,0.9991671219254472,1.2399608909400932,1.4277904424775893,7.933860326288541,2.352789994010648e-08,Functional,25,6.986000493797603,Scaffold_058,Cluster_164,Train,2024-01-11 21:00:00
Kinase_0083,BDBM474175,c1cc(ccc1C(=O)N)Nc2nccc(n2),Kinase,EGFR,214.228,1.3191,80.9,2,4,3,2,-0.5105263207109058,-0.47067487319900236,0.9480658117994566,0.3140535153918265,0.9991671219254472,-0.06634595935939212,0.46963060880963725,6.894113106711227,2.1751187383473658e-07,Direct_Binding,20,6.959265197173214,Scaffold_273,Cluster_045,Train,2024-01-11 22:00:00
Kinase_0362,BDBM830897,c1ccc(cc1)NC(=O)Nc2ccc(cc2),Kinase,VEGFR2,212.252,3.3306000000000004,41.13,2,1,2,2,-0.5703404380344854,1.0839960837385003,-0.7440806346303815,0.3140535153918265,-1.6369702457217434,-0.7194993845091349,0.46963060880963725,7.687556836950387,4.0580151001640784e-08,Direct_Binding,37,7.400083183016481,Scaffold_082,Cluster_100,Train,2024-01-11 23:00:00
Kinase_0381,BDBM410035,c1cc(ccc1C(=O)N)Nc2nccc(n2)N(C)C,Kinase,CDK2,257.29699999999997,1.3851000000000002,84.14,2,5,4,2,0.7931853285852756,-0.4196640438885994,1.0859223490494607,0.3140535153918265,1.877879577807844,0.5868074657903506,0.46963060880963725,6.544552723672884,3.397477401293773e-07,Enzymatic,37,6.940441350312424,Scaffold_263,Cluster_066,Train,2024-01-12 00:00:00
Protease_0167,BDBM942726,C1CCC(CC1)NC(=O)C(C)NC(=O)OC(=O)N,Protease,Factor_Xa,257.29,0.6286999999999998,110.52,3,4,3,0,0.7929734364692523,-1.0042790634399428,2.2083468714738794,1.4393194680678412,0.9991671219254472,-0.06634595935939212,-1.446689058526267,8.64661645856323,3.0170674885838353e-09,Functional,25,6.738751771086024,Scaffold_045,Cluster_042,Train,2024-01-12 01:00:00
GPCR_0078,BDBM517827,C1CN(CCN1)c2ccc(cc2)S(=O)(=O)N,GPCR,Serotonin_5HT2A,241.31599999999997,-0.2563999999999994,75.43,2,4,2,1,0.3094356277005955,-1.6883652001465705,0.7153265344051591,0.3140535153918265,0.9991671219254472,-0.7194993845091349,-0.4885292248583149,8.950962602578846,2.183253361991249e-09,Enzymatic,37,6.8714672626243765,Scaffold_240,Cluster_095,Train,2024-01-12 02:00:00
Protease_0117,BDBM123942,c1ccc(cc1)C(=O)NC(C)C(=O)Cl,Protease,Trypsin,211.64799999999997,1.5703,46.17,1,2,3,1,-0.5886237006172004,-0.27652456527819663,-0.5296371322414859,-0.811212437284188,-0.7582577898393464,-0.06634595935939212,-0.4885292248583149,7.494157058536793,2.7909374313754188e-08,Direct_Binding,30,7.466734227535108,Scaffold_098,Cluster_006,Train,2024-01-12 03:00:00
Protease_0021,BDBM692332,C1CCC(CC1)NC(=O)C(C)NN(C)C,Protease,Thrombin,213.32500000000002,0.8899999999999999,44.370000000000005,2,3,4,0,-0.5378604036781082,-0.8023225528519391,-0.6062240973803771,0.3140535153918265,0.12045466604305038,0.5868074657903506,-1.446689058526267,7.5533978974116325,5.97592876424762e-08,Direct_Binding,25,7.035542473097799,Scaffold_038,Cluster_111,Train,2024-01-12 04:00:00
Kinase_0290,BDBM328367,c1ccc2c(c1)ncc(n2)c3ccccc3Br,Kinase,ABL1,285.144,4.059300000000001,25.78,0,2,1,3,1.636122436434328,1.6472020128065386,-1.3971972540092605,-1.9364783899602027,-0.7582577898393464,-1.3726528096588775,1.4277904424775893,7.947702072026911,6.408221139004809e-09,Functional,20,7.3736985934663455,Scaffold_221,Cluster_077,Train,2024-01-12 05:00:00
Kinase_0006,BDBM742053,c1ccc2c(c1)ncc(n2)c3ccccc3S(=O)(=O)N,Kinase,CDK2,285.32800000000003,1.944199999999999,85.94,1,4,2,3,1.641692172055553,0.01245951167876607,1.162509314188352,-0.811212437284188,0.9991671219254472,-0.7194993845091349,1.4277904424775893,6.873413456457622,1.6232930334805027e-07,Direct_Binding,37,6.830215064871497,Scaffold_142,Cluster_037,Train,2024-01-12 06:00:00
Protease_0304,BDBM129365,c1cc(ccc1S(=O)(=O)N)COCC,Protease,Trypsin,215.27399999999994,0.8705000000000003,69.39,1,3,4,1,-0.4788635845163407,-0.8173939342391032,0.4583347180502123,-0.811212437284188,0.12045466604305038,0.5868074657903506,-0.4885292248583149,7.488828067326786,2.4239949564497307e-08,Direct_Binding,30,7.428555532894136,Scaffold_239,Cluster_011,Train,2024-01-12 07:00:00
GPCR_0034,BDBM167384,C1CC(CCC1N)c2ccccc2CN,GPCR,Serotonin_5HT2A,204.317,2.1302000000000003,52.04,2,2,2,1,-0.8105352866997717,0.15621730337172027,-0.2798785292607681,0.3140535153918265,-0.7582577898393464,-0.7194993845091349,-0.4885292248583149,8.89257455610594,1.066082229767662e-09,Direct_Binding,25,7.298293197209187,Scaffold_232,Cluster_118,Train,2024-01-12 08:00:00
Kinase_0098,BDBM761701,c1cc(ccc1N)c2ncnc3c2cc(cc3)OC,Kinase,CDK2,251.28900000000002,2.887600000000001,61.03,1,4,2,3,0.6113213524313968,0.7416052142762517,0.10263081329402814,-0.811212437284188,0.9991671219254472,-0.7194993845091349,1.4277904424775893,7.644880290826984,2.6591008442218593e-08,Functional,20,7.1209285674784315,Scaffold_078,Cluster_106,Train,2024-01-12 09:00:00
GPCR_0002,BDBM240857,c1ccc2c(c1)OCCn2SNCS,GPCR,Dopamine_D2,228.342,1.925499999999999,24.5,2,5,3,1,-0.08329127420027567,-0.0019935566258479963,-1.4516590958858056,0.3140535153918265,1.877879577807844,-0.06634595935939212,-0.4885292248583149,9.0,1.6054310298335683e-09,Direct_Binding,37,7.237426085770677,Scaffold_170,Cluster_182,Train,2024-01-12 10:00:00
Protease_0012,BDBM807265,c1ccc(cc1)C(=O)NC(C)C(=O)S(=O)(=O)N,Protease,Trypsin,256.28299999999996,-0.37999999999999984,106.33,2,4,3,1,0.7624912420639647,-1.783894571400598,2.030069435956127,0.3140535153918265,0.9991671219254472,-0.06634595935939212,-0.4885292248583149,8.17125480222982,8.788403898781934e-09,Enzymatic,37,6.967720615971151,Scaffold_038,Cluster_139,Train,2024-01-12 11:00:00
Protease_0214,BDBM851435,C1CCC(CC1)NC(=O)C(C)NN,Protease,Thrombin,185.27100000000002,0.28710000000000074,67.15,3,3,3,0,-1.3870634641010366,-1.2682987496889357,0.36302649476625887,1.4393194680678412,0.12045466604305038,-0.06634595935939212,-1.446689058526267,7.942405092067268,1.9644442537947312e-08,Enzymatic,25,7.069304984412202,Scaffold_094,Cluster_059,Train,2024-01-12 12:00:00
Kinase_0267,BDBM798359,c1cc(ccc1N)c2ncnc3c2cc(cc3)Br,Kinase,ABL1,300.159,3.6415000000000015,51.8,1,3,1,3,2.090631025307582,1.3242880054446255,-0.2900901246126204,-0.811212437284188,0.12045466604305038,-1.3726528096588775,1.4277904424775893,8.027468695589747,1.5858381185112007e-08,Direct_Binding,37,6.757607220333722,Scaffold_174,Cluster_103,Train,2024-01-12 13:00:00
Kinase_0437,BDBM698749,c1ccc(cc1)NC(=O)Nc2ccc(cc2)C,Kinase,CDK2,226.279,3.6390200000000013,41.13,2,1,2,2,-0.14573890782302165,1.3223712348887193,-0.7440806346303815,0.3140535153918265,-1.6369702457217434,-0.7194993845091349,0.46963060880963725,7.781831331835694,2.37067364807936e-08,Direct_Binding,30,7.327518922106303,Scaffold_233,Cluster_033,Train,2024-01-12 14:00:00
Kinase_0440,BDBM507475,c1cc(ccc1C(=O)N)Nc2nccc(n2)OCCC(=O)OS,Kinase,CDK2,334.357,1.476,116.43000000000002,3,8,7,2,3.125814822995731,-0.3494082198838176,2.45980740701324,1.4393194680678412,4.514016945455035,2.5462677412395784,0.46963060880963725,6.532393845165507,1.9632177090181585e-07,Direct_Binding,37,7.456047143611933,Scaffold_271,Cluster_161,Train,2024-01-12 15:00:00
Kinase_0315,BDBM908239,c1cc(ccc1C(=O)N)Nc2nccc(n2)OCCOCC,Kinase,VEGFR2,302.33400000000006,1.7344000000000002,99.36000000000001,2,6,8,2,2.156468932786727,-0.1496930942200588,1.7335076876127538,0.3140535153918265,2.7565920336902408,3.1994211663893215,0.46963060880963725,6.6658738210731485,2.2780172115050895e-07,Functional,37,6.9464195164015825,Scaffold_222,Cluster_091,Train,2024-01-12 16:00:00
Protease_0161,BDBM935456,c1ccc(cc1)C(=O)NC(C)C(=O)C(C)CON(C)C,Protease,Trypsin,278.352,1.5032999999999999,58.64000000000001,1,4,7,1,1.4305265432856664,-0.32830828594178746,0.00094034291516714,-0.811212437284188,0.9991671219254472,2.5462677412395784,-0.4885292248583149,7.47421749451729,2.5461321777543832e-08,Direct_Binding,30,6.6990934199359256,Scaffold_011,Cluster_054,Train,2024-01-12 17:00:00
Protease_0269,BDBM898304,CC(C)CC(NC(=O)C)C(=O)NS,Protease,Trypsin,204.295,0.49820000000000003,58.2,3,3,4,0,-0.811201233350136,-1.1051413850309664,-0.017780915229895392,1.4393194680678412,0.12045466604305038,0.5868074657903506,-1.446689058526267,7.921261942307513,1.337269959011477e-08,Enzymatic,37,7.110376059781692,Scaffold_206,Cluster_104,Train,2024-01-12 18:00:00
Kinase_0119,BDBM263281,c1cc(ccc1N)c2ncnc3c2cc(cc3),Kinase,CDK2,221.26300000000003,2.8790000000000004,51.8,1,3,1,3,-0.29757474410595375,0.7349583486388352,-0.2900901246126204,-0.811212437284188,0.12045466604305038,-1.3726528096588775,1.4277904424775893,7.8449474221772535,4.0466420317448065e-08,Functional,30,6.533189354562426,Scaffold_151,Cluster_108,Train,2024-01-12 19:00:00
Kinase_0383,BDBM376141,c1ccc2c(c1)ncc(n2)c3ccccc3C(=O)N,Kinase,CDK2,249.27299999999997,2.3956999999999993,68.87,1,3,2,3,0.5502964230162453,0.36141995764311236,0.43620959478786614,-0.811212437284188,0.12045466604305038,-0.7194993845091349,1.4277904424775893,6.874924641353529,9.059664498988469e-08,Enzymatic,37,6.759334897317094,Scaffold_004,Cluster_107,Train,2024-01-12 20:00:00
Kinase_0251,BDBM227885,c1ccc2c(c1)ncc(n2)c3ccccc3C(C)CS,Kinase,VEGFR2,280.39599999999996,4.3301000000000025,25.78,1,3,3,3,1.4923990411649155,1.8565009912498285,-1.3971972540092605,-0.811212437284188,0.12045466604305038,-0.06634595935939212,1.4277904424775893,8.086250406849743,6.353681683404249e-09,Functional,37,7.492816838999071,Scaffold_200,Cluster_118,Train,2024-01-12 21:00:00
Kinase_0450,BDBM331444,c1ccc(cc1)NC(=O)Nc2ccc(cc2),Kinase,ABL1,212.252,3.3306000000000004,41.13,2,1,2,2,-0.5703404380344854,1.0839960837385003,-0.7440806346303815,0.3140535153918265,-1.6369702457217434,-0.7194993845091349,0.46963060880963725,7.2987639717166575,4.622685532101689e-08,Direct_Binding,30,7.010432489004232,Scaffold_010,Cluster_116,Train,2024-01-12 22:00:00
Kinase_0448,BDBM151470,c1ccc2c(c1)ncc(n2)c3ccccc3C(=O)N,Kinase,VEGFR2,249.27299999999997,2.3956999999999993,68.87,1,3,2,3,0.5502964230162453,0.36141995764311236,0.43620959478786614,-0.811212437284188,0.12045466604305038,-0.7194993845091349,1.4277904424775893,7.0525270320508975,6.088130415954827e-08,Functional,30,7.383464762986061,Scaffold_005,Cluster_114,Train,2024-01-12 23:00:00
Kinase_0010,BDBM174809,c1ccc2c(c1)ncc(n2)c3ccccc3CCCCl,Kinase,EGFR,282.77399999999994,4.468200000000002,25.78,0,2,4,3,1.5643818200087778,1.96323728712508,-1.3971972540092605,-1.9364783899602027,-0.7582577898393464,0.5868074657903506,1.4277904424775893,8.120346006537897,1.3826736418406594e-08,Direct_Binding,37,7.377830078152041,Scaffold_116,Cluster_100,Train,2024-01-13 00:00:00
Kinase_0197,BDBM615895,c1cc(ccc1N)c2ncnc3c2cc(cc3)C(=O)N,Kinase,CDK2,264.288,1.9778999999999995,94.89,2,4,2,3,1.0048050118895007,0.03850595028119939,1.5433167241845063,0.3140535153918265,0.9991671219254472,-0.7194993845091349,1.4277904424775893,6.80243038456983,2.9479763591438214e-07,Enzymatic,37,7.273879655730156,Scaffold_166,Cluster_119,Train,2024-01-13 01:00:00
GPCR_0164,BDBM567965,c1ccc2c(c1)OCCn2C(=O)OC(C)C,GPCR,Adrenergic_Beta2,221.25599999999997,2.4304000000000006,38.769999999999996,0,3,1,1,-0.2977866362219805,0.3882392875987342,-0.8444946555902616,-1.9364783899602027,0.12045466604305038,-1.3726528096588775,-0.4885292248583149,8.474137734065463,2.174135470568236e-09,Direct_Binding,37,7.001275644625729,Scaffold_219,Cluster_094,Train,2024-01-13 02:00:00
Kinase_0082,BDBM795781,c1ccc2c(c1)ncc(n2)c3ccccc3,Kinase,ABL1,206.248,3.296800000000001,25.78,0,2,1,3,-0.7520833329792092,1.057872356000749,-1.3971972540092605,-1.9364783899602027,-0.7582577898393464,-1.3726528096588775,1.4277904424775893,7.985590885726762,2.0758884346917958e-08,Functional,20,7.321636897710472,Scaffold_078,Cluster_087,Train,2024-01-13 03:00:00
Protease_0223,BDBM253075,CC(C)CC(NC(=O)C)C(=O)NOC,Protease,Thrombin,202.25399999999996,0.2147999999999997,67.43,2,3,5,0,-0.8729829203225186,-1.3241787945244232,0.37494002267675314,0.3140535153918265,0.12045466604305038,1.2399608909400932,-1.446689058526267,7.150532925621093,5.70780820760292e-08,Functional,37,6.82280979344785,Scaffold_133,Cluster_084,Train,2024-01-13 04:00:00
GPCR_0045,BDBM164022,C1CC(CCC1N)c2ccccc2S,GPCR,Serotonin_5HT2A,207.34200000000004,2.960200000000001,26.02,2,2,1,1,-0.7189676222747561,0.7977171265176948,-1.3869856586574083,0.3140535153918265,-0.7582577898393464,-1.3726528096588775,-0.4885292248583149,8.638465773803409,1.5415847280235385e-09,Functional,37,6.646921923583771,Scaffold_115,Cluster_171,Train,2024-01-13 05:00:00
GPCR_0180,BDBM130641,C1CN(CCN1)c2ccc(cc2)OCS,GPCR,Adrenergic_Beta2,224.32899999999998,1.3622999999999996,24.5,2,4,3,1,-0.20476599728708114,-0.43728596674128445,-1.4516590958858056,0.3140535153918265,0.9991671219254472,-0.06634595935939212,-0.4885292248583149,8.911671024859203,3.199102579462583e-09,Functional,25,6.879751522919317,Scaffold_168,Cluster_103,Train,2024-01-13 06:00:00
Kinase_0240,BDBM174852,c1cc(ccc1N)c2ncnc3c2cc(cc3),Kinase,EGFR,221.26300000000003,2.8790000000000004,51.8,1,3,1,3,-0.29757474410595375,0.7349583486388352,-0.2900901246126204,-0.811212437284188,0.12045466604305038,-1.3726528096588775,1.4277904424775893,7.801389000219434,1.8190159336467596e-08,Functional,37,6.793488823208122,Scaffold_273,Cluster_035,Train,2024-01-13 07:00:00
Protease_0303,BDBM338989,CC(C)CC(NC(=O)C)C(=O)NN(C)C,Protease,Thrombin,215.29699999999997,0.13000000000000123,61.440000000000005,2,3,5,0,-0.47816736756368694,-1.3897199812747576,0.1200756220201091,0.3140535153918265,0.12045466604305038,1.2399608909400932,-1.446689058526267,7.362374379812312,5.2743062412335385e-08,Direct_Binding,37,6.969024939717883,Scaffold_235,Cluster_136,Train,2024-01-13 08:00:00
Kinase_0212,BDBM862427,c1ccc(cc1)NC(=O)Nc2ccc(cc2),Kinase,CDK2,212.252,3.3306000000000004,41.13,2,1,2,2,-0.5703404380344854,1.0839960837385003,-0.7440806346303815,0.3140535153918265,-1.6369702457217434,-0.7194993845091349,0.46963060880963725,7.62798084602709,4.210976726947416e-08,Enzymatic,30,7.100651066548356,Scaffold_103,Cluster_053,Train,2024-01-13 09:00:00
Protease_0062,BDBM480816,c1ccc(cc1)C(=O)NC(C)C(=O)OCCC,Protease,Factor_Xa,235.28299999999993,1.7581,55.400000000000006,1,3,5,1,0.1268148939894825,-0.1313755691495052,-0.13691619433483734,-0.811212437284188,0.12045466604305038,1.2399608909400932,-0.4885292248583149,7.837055885605879,2.427997010095743e-08,Direct_Binding,30,6.514196634471723,Scaffold_182,Cluster_063,Train,2024-01-13 10:00:00
Protease_0158,BDBM732552,CC(C)CC(NC(=O)C)C(=O)NC(=O)N,Protease,Thrombin,215.25299999999996,-0.26789999999999903,101.29,3,3,4,0,-0.47949926086441474,-1.6972534507082315,1.8156259335672313,1.4393194680678412,0.12045466604305038,0.5868074657903506,-1.446689058526267,7.5677011518388335,6.9546151379210015e-09,Direct_Binding,30,6.633778144993968,Scaffold_079,Cluster_056,Train,2024-01-13 11:00:00
Protease_0337,BDBM283906,C1CCC(CC1)NC(=O)C(C)NOOC,Protease,Trypsin,216.281,0.9063999999999998,59.59,2,4,5,0,-0.448381390111053,-0.7896471346596574,0.04136124118291516,0.3140535153918265,0.9991671219254472,1.2399608909400932,-1.446689058526267,7.810907815725919,2.1662879419420545e-08,Direct_Binding,30,7.411120501391958,Scaffold_097,Cluster_183,Train,2024-01-13 12:00:00
Kinase_0228,BDBM830789,c1cc(ccc1N)c2ncnc3c2cc(cc3)NCO,Kinase,EGFR,266.30400000000003,2.2407,84.06,3,5,3,3,1.0658299413046515,0.2416217978989852,1.0825184839321769,1.4393194680678412,1.877879577807844,-0.06634595935939212,1.4277904424775893,7.171255283310604,2.5365441945269745e-08,Direct_Binding,30,6.780683215515975,Scaffold_076,Cluster_049,Train,2024-01-13 13:00:00
Protease_0202,BDBM861299,c1ccc(cc1)C(=O)NC(C)C(=O)N(C)CSCC,Protease,Trypsin,280.39300000000003,1.9739,49.410000000000004,1,3,6,1,1.4923082302580497,0.03541438486844804,-0.3917805949914814,-0.811212437284188,0.12045466604305038,1.8931143160898358,-0.4885292248583149,7.469819710177193,2.9590408212753815e-08,Direct_Binding,37,6.725161024215932,Scaffold_106,Cluster_146,Train,2024-01-13 14:00:00
GPCR_0135,BDBM599250,C1CN(CCN1)c2ccc(cc2)NCC(C)C,GPCR,Adrenergic_Beta2,233.35899999999998,2.1640999999999995,27.299999999999997,2,3,4,1,0.06857483238494584,0.18241832024479013,-1.3325238167808635,0.3140535153918265,0.12045466604305038,0.5868074657903506,-0.4885292248583149,8.580316389802817,1.0799822929705928e-09,Direct_Binding,30,6.958323594587576,Scaffold_158,Cluster_050,Train,2024-01-13 15:00:00
Protease_0142,BDBM350940,c1ccc(cc1)C(=O)NC(C)C(=O)OC,Protease,Factor_Xa,207.22899999999996,0.9779,55.400000000000006,1,3,3,1,-0.7223881664334452,-0.7343854029067208,-0.13691619433483734,-0.811212437284188,0.12045466604305038,-0.06634595935939212,-0.4885292248583149,7.432212809694008,3.73280578647828e-08,Functional,30,7.483340768414227,Scaffold_093,Cluster_169,Train,2024-01-13 16:00:00
Kinase_0178,BDBM879015,c1cc(ccc1C(=O)N)Nc2nccc(n2),Kinase,EGFR,214.228,1.3191,80.9,2,4,3,2,-0.5105263207109058,-0.47067487319900236,0.9480658117994566,0.3140535153918265,0.9991671219254472,-0.06634595935939212,0.46963060880963725,6.890459111573597,2.2204399780635984e-07,Direct_Binding,37,6.534670266726483,Scaffold_052,Cluster_159,Train,2024-01-13 17:00:00
GPCR_0018,BDBM896041,C1CN(CCN1)c2ccc(cc2)S(=O)(=O)N,GPCR,Dopamine_D2,241.31599999999997,-0.2563999999999994,75.43,2,4,2,1,0.3094356277005955,-1.6883652001465705,0.7153265344051591,0.3140535153918265,0.9991671219254472,-0.7194993845091349,-0.4885292248583149,8.99247238170109,1e-09,Enzymatic,25,7.437965231433894,Scaffold_014,Cluster_094,Train,2024-01-13 18:00:00
GPCR_0058,BDBM493914,c1cc(ccc1O)CCNC(=O)ON,GPCR,Serotonin_5HT2A,196.20599999999996,0.5346000000000002,84.58,3,4,3,1,-1.0560577085679692,-1.0770081397749258,1.104643607194523,1.4393194680678412,0.9991671219254472,-0.06634595935939212,-0.4885292248583149,9.0,1e-09,Direct_Binding,30,7.123998485528983,Scaffold_274,Cluster_119,Train,2024-01-13 19:00:00
GPCR_0037,BDBM714094,c1cc(ccc1O)CCNOCC,GPCR,Adrenergic_Beta2,181.23499999999996,1.4758000000000002,41.489999999999995,2,3,5,1,-1.509234404140496,-0.349562798154455,-0.7287632416026036,0.3140535153918265,0.12045466604305038,1.2399608909400932,-0.4885292248583149,8.93260835026486,1e-09,Direct_Binding,20,6.732505992207831,Scaffold_021,Cluster_141,Train,2024-01-13 20:00:00
Kinase_0329,BDBM775885,c1cc(ccc1C(=O)N)Nc2nccc(n2)F,Kinase,ABL1,232.218,1.4582,80.9,2,4,3,2,0.034036417472899295,-0.36316568597056265,0.9480658117994566,0.3140535153918265,0.9991671219254472,-0.06634595935939212,0.46963060880963725,6.7787519725578225,2.118512419628507e-07,Direct_Binding,37,6.9305293384622075,Scaffold_066,Cluster_105,Train,2024-01-13 21:00:00
Protease_0085,BDBM519487,c1cc(ccc1S(=O)(=O)N)CC(=O)NC(C)C,Protease,Thrombin,256.32699999999994,0.40109999999999985,89.25999999999999,2,3,4,1,0.7638231353646916,-1.1801891354255136,1.3037697165556401,0.3140535153918265,0.12045466604305038,0.5868074657903506,-0.4885292248583149,7.8923633566041,1.5859690441552877e-08,Enzymatic,37,6.670462511581642,Scaffold_277,Cluster_096,Train,2024-01-13 22:00:00
Kinase_0008,BDBM524434,c1cc(ccc1N)c2ncnc3c2cc(cc3),Kinase,ABL1,221.26300000000003,2.8790000000000004,51.8,1,3,1,3,-0.29757474410595375,0.7349583486388352,-0.2900901246126204,-0.811212437284188,0.12045466604305038,-1.3726528096588775,1.4277904424775893,7.788639209372937,3.032231453297708e-08,Enzymatic,20,7.019385859503937,Scaffold_179,Cluster_165,Train,2024-01-13 23:00:00
Kinase_0156,BDBM849666,c1ccc(cc1)NC(=O)Nc2ccc(cc2)N,Kinase,CDK2,227.267,2.9128,67.15,3,2,2,2,-0.11583184916123178,0.7610820763765865,0.36302649476625887,1.4393194680678412,-0.7582577898393464,-0.7194993845091349,0.46963060880963725,7.091993287296045,3.306241920697686e-08,Direct_Binding,25,6.612580390411937,Scaffold_036,Cluster_079,Train,2024-01-14 00:00:00
GPCR_0100,BDBM954643,C1CC(CCC1N)c2ccccc2OCCF,GPCR,Serotonin_5HT2A,237.31799999999998,3.019800000000002,35.25,1,2,4,1,0.18841495914813028,0.8437814511676955,-0.9942647207507601,-0.811212437284188,-0.7582577898393464,0.5868074657903506,-0.4885292248583149,8.853736608270932,2.6382110146351648e-09,Functional,25,7.052662267776748,Scaffold_168,Cluster_055,Train,2024-01-14 01:00:00
GPCR_0102,BDBM486326,C1CN(CCN1)c2ccc(cc2)C(=O)O,GPCR,Serotonin_5HT2A,206.24499999999998,0.7943999999999996,52.57000000000001,2,3,2,1,-0.7521741438860774,-0.8762109662167046,-0.2573279228587609,0.3140535153918265,0.12045466604305038,-0.7194993845091349,-0.4885292248583149,8.741211856110837,1.0654928762700381e-09,Direct_Binding,20,7.161667259629189,Scaffold_162,Cluster_101,Train,2024-01-14 02:00:00
GPCR_0051,BDBM927543,C1CC(CCC1N)c2ccccc2SS(=O)(=O)N,GPCR,Serotonin_5HT2A,286.4220000000001,1.9671,86.18,2,4,3,1,1.6748078827600061,0.03015872366677025,1.1727209095402045,0.3140535153918265,0.9991671219254472,-0.06634595935939212,-0.4885292248583149,9.0,1e-09,Direct_Binding,37,6.802419511278536,Scaffold_118,Cluster_037,Train,2024-01-14 03:00:00
Protease_0322,BDBM460934,c1cc(ccc1S(=O)(=O)N)CC(=O)O,Protease,Trypsin,215.22999999999996,-0.03889999999999999,97.46,2,3,3,1,-0.4801954778170676,-1.5202613308281985,1.6526658910772565,0.3140535153918265,0.12045466604305038,-0.06634595935939212,-0.4885292248583149,7.885972754360018,9.433381433999234e-09,Functional,37,7.369695884851634,Scaffold_107,Cluster_121,Train,2024-01-14 04:00:00
Protease_0123,BDBM755879,CC(C)CC(NC(=O)C)C(=O)NS(=O)(=O)NCC,Protease,Trypsin,279.362,-0.4922999999999984,104.37,3,4,7,0,1.4610995485978215,-1.8706902703636004,1.9466747405826674,1.4393194680678412,0.9991671219254472,2.5462677412395784,-1.446689058526267,7.735314971687175,1.1978694010501155e-08,Functional,37,6.943439102836044,Scaffold_104,Cluster_028,Train,2024-01-14 05:00:00
GPCR_0133,BDBM465254,C1CC(CCC1N)c2ccccc2Cl,GPCR,Serotonin_5HT2A,209.72000000000003,3.3249000000000013,26.02,1,1,1,1,-0.6469848434308938,1.0795906030253297,-1.3869856586574083,-0.811212437284188,-1.6369702457217434,-1.3726528096588775,-0.4885292248583149,8.1982802160699,3.2097227796652122e-09,Enzymatic,25,7.250265763938843,Scaffold_156,Cluster_139,Train,2024-01-14 06:00:00
Protease_0254,BDBM893751,c1ccc(cc1)C(=O)NC(C)C(=O)C(=O)NBr,Protease,Trypsin,299.12399999999997,0.8001,75.27,2,3,4,1,2.059301262438196,-0.8718054855035331,0.7085188041705905,0.3140535153918265,0.12045466604305038,0.5868074657903506,-0.4885292248583149,7.800922786978283,8.380945423778925e-09,Direct_Binding,37,7.028189261756356,Scaffold_084,Cluster_167,Train,2024-01-14 07:00:00
Protease_0147,BDBM438400,c1ccc(cc1)C(=O)NC(C)C(=O)OCCCC,Protease,Factor_Xa,249.30999999999992,2.1482,55.400000000000006,1,3,6,1,0.5514164242009464,0.17012934772910268,-0.13691619433483734,-0.811212437284188,0.12045466604305038,1.8931143160898358,-0.4885292248583149,7.484396489358558,1.7434902272387547e-08,Direct_Binding,25,6.588578339636644,Scaffold_218,Cluster_116,Train,2024-01-14 08:00:00
Protease_0280,BDBM405364,c1cc(ccc1S(=O)(=O)N)CNCC(C)C,Protease,Thrombin,242.34399999999997,1.0796000000000001,72.19,2,3,5,1,0.3405534984539556,-0.6557823522875093,0.5774699971551543,0.3140535153918265,0.12045466604305038,1.2399608909400932,-0.4885292248583149,7.928400527197071,1.1395110381399452e-08,Direct_Binding,37,7.430672255562398,Scaffold_139,Cluster_077,Train,2024-01-14 09:00:00
GPCR_0126,BDBM736237,C1CC(CCC1N)c2ccccc2CO,GPCR,Serotonin_5HT2A,205.30100000000002,2.1638000000000006,46.25,2,2,2,1,-0.7807493092471386,0.18218645283883464,-0.5262332671242019,0.3140535153918265,-0.7582577898393464,-0.7194993845091349,-0.4885292248583149,8.620883915043976,1.3135568156487684e-09,Functional,37,7.374071773305185,Scaffold_120,Cluster_160,Train,2024-01-14 10:00:00
Kinase_0434,BDBM300924,c1ccc2c(c1)ncc(n2)c3ccccc3C,Kinase,EGFR,220.27499999999998,3.605220000000002,25.78,0,2,1,3,-0.32748180276774536,1.296247507150968,-1.3971972540092605,-1.9364783899602027,-0.7582577898393464,-1.3726528096588775,1.4277904424775893,8.119548338369395,6.783578709160085e-09,Direct_Binding,37,7.3655771456245525,Scaffold_112,Cluster_106,Train,2024-01-14 11:00:00
GPCR_0089,BDBM521326,c1ccc2c(c1)OCCn2S(=O)(=O)N,GPCR,Dopamine_D2,214.24599999999998,0.08889999999999987,72.63,1,3,1,1,-0.5099814552696998,-1.4214858158907824,0.5961912553002165,-0.811212437284188,0.12045466604305038,-1.3726528096588775,-0.4885292248583149,8.730607694325194,3.7097624864963e-09,Functional,37,6.953989911199699,Scaffold_182,Cluster_014,Train,2024-01-14 12:00:00
GPCR_0142,BDBM408137,C1CC(CCC1N)c2ccccc2N(C)C,GPCR,Adrenergic_Beta2,218.34400000000002,2.7375000000000007,29.259999999999998,1,2,2,1,-0.38593375648830697,0.6255942221627447,-1.249129121407404,-0.811212437284188,-0.7582577898393464,-0.7194993845091349,-0.4885292248583149,8.33755588163278,3.5992419513232705e-09,Enzymatic,37,6.707540936205703,Scaffold_014,Cluster_052,Train,2024-01-14 13:00:00
Protease_0052,BDBM676790,c1ccc(cc1)C(=O)NC(C)C(=O)OC,Protease,Factor_Xa,207.22899999999996,0.9779,55.400000000000006,1,3,3,1,-0.7223881664334452,-0.7343854029067208,-0.13691619433483734,-0.811212437284188,0.12045466604305038,-0.06634595935939212,-0.4885292248583149,7.645348068668445,4.066356162422897e-08,Enzymatic,37,6.834878290136985,Scaffold_071,Cluster_056,Train,2024-01-14 14:00:00
GPCR_0016,BDBM291605,c1cc(ccc1O)CCNN(C)C,GPCR,Serotonin_5HT2A,180.25099999999998,1.0009000000000001,35.5,2,3,4,1,-1.5390203815931283,-0.7166089017833985,-0.9836276422592474,0.3140535153918265,0.12045466604305038,0.5868074657903506,-0.4885292248583149,8.669802243067243,3.5570498901972792e-09,Enzymatic,37,7.316973907271837,Scaffold_226,Cluster_087,Train,2024-01-14 15:00:00
Protease_0108,BDBM245303,CC(C)CC(NC(=O)C)C(=O)NCCO,Protease,Trypsin,216.28099999999995,-0.3542999999999991,78.43,3,3,6,0,-0.4483813901110547,-1.7640312636236677,0.8429714763033114,1.4393194680678412,0.12045466604305038,1.8931143160898358,-1.446689058526267,7.5039629131749805,1.740492689585426e-08,Direct_Binding,37,7.367979626730903,Scaffold_064,Cluster_142,Train,2024-01-14 16:00:00
Kinase_0229,BDBM929868,c1ccc2c(c1)ncc(n2)c3ccccc3C(=O)N,Kinase,ABL1,249.27299999999997,2.3956999999999993,68.87,1,3,2,3,0.5502964230162453,0.36141995764311236,0.43620959478786614,-0.811212437284188,0.12045466604305038,-0.7194993845091349,1.4277904424775893,7.086213443611006,4.635955312752792e-08,Direct_Binding,30,6.7069925784384266,Scaffold_193,Cluster_041,Train,2024-01-14 17:00:00
Kinase_0443,BDBM651363,c1cc(ccc1N)c2ncnc3c2cc(cc3),Kinase,VEGFR2,221.26300000000003,2.8790000000000004,51.8,1,3,1,3,-0.29757474410595375,0.7349583486388352,-0.2900901246126204,-0.811212437284188,0.12045466604305038,-1.3726528096588775,1.4277904424775893,7.363407684994019,1.4671509411763562e-08,Direct_Binding,30,7.353961966955422,Scaffold_014,Cluster_169,Train,2024-01-14 18:00:00
Protease_0073,BDBM658375,c1cc(ccc1S(=O)(=O)N)CF,Protease,Factor_Xa,189.21099999999996,0.8035000000000002,60.16,1,2,2,1,-1.26779847308135,-0.869177654902694,0.0656137801435638,-0.811212437284188,-0.7582577898393464,-0.7194993845091349,-0.4885292248583149,7.252655955770572,4.1853887287974466e-08,Enzymatic,25,7.477456563183843,Scaffold_228,Cluster_099,Train,2024-01-14 19:00:00
Kinase_0213,BDBM108602,c1cc(ccc1C(=O)N)Nc2nccc(n2)N,Kinase,VEGFR2,229.243,0.9013000000000002,106.92,3,5,3,2,-0.056017731837652046,-0.7935888805609154,2.055172941196097,1.4393194680678412,1.877879577807844,-0.06634595935939212,0.46963060880963725,6.5570292645239805,3.8992761244707645e-07,Direct_Binding,20,7.24359391617656,Scaffold_107,Cluster_133,Train,2024-01-14 20:00:00
Kinase_0080,BDBM129959,c1ccc(cc1)NC(=O)Nc2ccc(cc2),Kinase,CDK2,212.252,3.3306000000000004,41.13,2,1,2,2,-0.5703404380344854,1.0839960837385003,-0.7440806346303815,0.3140535153918265,-1.6369702457217434,-0.7194993845091349,0.46963060880963725,7.159510662809867,4.7643262550335275e-08,Enzymatic,25,6.814350113183749,Scaffold_195,Cluster_111,Train,2024-01-14 21:00:00
Kinase_0149,BDBM297731,c1ccc(cc1)NC(=O)Nc2ccc(cc2)OCC,Kinase,VEGFR2,256.30499999999995,3.729300000000001,50.36,2,2,4,2,0.7631571887143281,1.3921478662545248,-0.35135969672373335,0.3140535153918265,-0.7582577898393464,0.5868074657903506,0.46963060880963725,7.526616234842536,4.1525893806489066e-08,Functional,20,6.518006555600454,Scaffold_026,Cluster_047,Train,2024-01-14 22:00:00
Kinase_0303,BDBM927477,c1cc(ccc1C(=O)N)Nc2nccc(n2)NC,Kinase,CDK2,243.27,1.3608,92.93,3,5,4,2,0.36858379837381267,-0.43844530377106605,1.459922028811047,1.4393194680678412,1.877879577807844,0.5868074657903506,0.46963060880963725,6.776674040768489,3.032501245749972e-07,Enzymatic,37,6.623003295123746,Scaffold_229,Cluster_114,Train,2024-01-14 23:00:00
GPCR_0118,BDBM477702,C1CC(CCC1N)c2ccccc2CC,GPCR,Dopamine_D2,203.329,3.233900000000002,26.02,1,1,2,1,-0.8404423453615616,1.0092574898852296,-1.3869856586574083,-0.811212437284188,-1.6369702457217434,-0.7194993845091349,-0.4885292248583149,8.598668630170613,3.3743726404277032e-09,Direct_Binding,25,6.587017218302789,Scaffold_225,Cluster_007,Train,2024-01-15 00:00:00
Protease_0321,BDBM278687,CC(C)CC(NC(=O)C)C(=O)NCCC,Protease,Factor_Xa,214.30899999999994,1.0633999999999997,58.2,2,2,6,0,-0.5080744262254776,-0.6683031922091539,-0.017780915229895392,0.3140535153918265,-0.7582577898393464,1.8931143160898358,-1.446689058526267,7.171175772409854,4.3534799186782244e-08,Functional,30,7.097682335523459,Scaffold_205,Cluster_178,Train,2024-01-15 01:00:00
Protease_0219,BDBM549407,C1CCC(CC1)NC(=O)C(C)NC,Protease,Factor_Xa,184.28300000000002,1.0431999999999997,41.13,2,2,3,0,-1.4169705227628266,-0.6839155975435498,-0.7440806346303815,0.3140535153918265,-0.7582577898393464,-0.06634595935939212,-1.446689058526267,7.502702928252964,2.7725074082897118e-08,Enzymatic,25,6.992001729432083,Scaffold_102,Cluster_053,Train,2024-01-15 02:00:00
GPCR_0206,BDBM729858,C1CN(CCN1)c2ccc(cc2)CCCC(=O)O,GPCR,Adrenergic_Beta2,248.32599999999994,1.5034999999999998,52.57000000000001,2,3,5,1,0.521630446748314,-0.3281537076711499,-0.2573279228587609,0.3140535153918265,0.12045466604305038,1.2399608909400932,-0.4885292248583149,8.934752086834358,1.2748958149079907e-09,Functional,25,7.34810923501563,Scaffold_106,Cluster_099,Train,2024-01-15 03:00:00
Protease_0112,BDBM184416,c1cc(ccc1S(=O)(=O)N)CNC,Protease,Thrombin,200.26299999999998,0.05340000000000017,72.19,2,3,3,1,-0.9332510921804368,-1.4489234589289532,0.5774699971551543,0.3140535153918265,0.12045466604305038,-0.06634595935939212,-0.4885292248583149,7.800507089035726,1.7574169768580316e-08,Functional,30,6.592449517037067,Scaffold_195,Cluster_146,Train,2024-01-15 04:00:00
Kinase_0352,BDBM859587,c1cc(ccc1C(=O)N)Nc2nccc(n2)Cl,Kinase,CDK2,248.673,1.9725,80.9,2,4,3,2,0.5321342416426896,0.034332336973984905,0.9480658117994566,0.3140535153918265,0.9991671219254472,-0.06634595935939212,0.46963060880963725,7.053532432542431,1.7586430870203655e-07,Direct_Binding,30,7.464017407117702,Scaffold_064,Cluster_171,Train,2024-01-15 05:00:00
Kinase_0134,BDBM615827,c1cc(ccc1C(=O)N)Nc2nccc(n2),Kinase,ABL1,214.228,1.3191,80.9,2,4,3,2,-0.5105263207109058,-0.47067487319900236,0.9480658117994566,0.3140535153918265,0.9991671219254472,-0.06634595935939212,0.46963060880963725,6.743467864595277,9.704363849346025e-08,Direct_Binding,25,7.36456360952267,Scaffold_048,Cluster_045,Train,2024-01-15 06:00:00
GPCR_0109,BDBM533194,C1CN(CCN1)c2ccc(cc2)C(=O)NCl,GPCR,Serotonin_5HT2A,239.706,0.9797999999999996,44.370000000000005,2,3,2,1,0.26070044101488576,-0.7329169093356641,-0.6062240973803771,0.3140535153918265,0.12045466604305038,-0.7194993845091349,-0.4885292248583149,8.590414193828487,1.5827969730883023e-09,Direct_Binding,37,7.325710951560667,Scaffold_090,Cluster_070,Train,2024-01-15 07:00:00
Kinase_0312,BDBM725173,c1ccc(cc1)NC(=O)Nc2ccc(cc2)C(C)C,Kinase,ABL1,254.333,4.454000000000002,41.13,2,1,3,2,0.7034641525999069,1.9522622299098116,-0.7440806346303815,0.3140535153918265,-1.6369702457217434,-0.06634595935939212,0.46963060880963725,7.881490527798079,1.8408759663367176e-08,Functional,20,6.775381174255418,Scaffold_260,Cluster_175,Train,2024-01-15 08:00:00
GPCR_0167,BDBM794830,C1CC(CCC1N)c2ccccc2OCC,GPCR,Adrenergic_Beta2,219.328,3.0702000000000016,35.25,1,2,3,1,-0.35614777903567474,0.8827351753683665,-0.9942647207507601,-0.811212437284188,-0.7582577898393464,-0.06634595935939212,-0.4885292248583149,8.503547938651916,1.868092686991058e-09,Functional,37,7.0511599619163725,Scaffold_265,Cluster_145,Train,2024-01-15 09:00:00
Protease_0334,BDBM277336,c1ccc(cc1)C(=O)NC(C)C(=O)Br,Protease,Trypsin,256.09899999999993,1.7264,46.17,1,2,3,1,0.7569215064427398,-0.15587622504556234,-0.5296371322414859,-0.811212437284188,-0.7582577898393464,-0.06634595935939212,-0.4885292248583149,7.33555788151739,4.119086925677987e-08,Direct_Binding,25,7.050570634541364,Scaffold_063,Cluster_040,Train,2024-01-15 10:00:00
Protease_0134,BDBM678874,CC(C)CC(NC(=O)C)C(=O)NF,Protease,Thrombin,190.21799999999996,0.5378999999999999,58.2,2,2,4,0,-1.237316278676064,-1.0744575983094058,-0.017780915229895392,0.3140535153918265,-0.7582577898393464,0.5868074657903506,-1.446689058526267,7.5253635871473135,4.3910333787758056e-08,Direct_Binding,37,6.99101976266891,Scaffold_084,Cluster_165,Train,2024-01-15 11:00:00
Kinase_0001,BDBM771697,c1ccc(cc1)NC(=O)Nc2ccc(cc2),Kinase,EGFR,212.252,3.3306000000000004,41.13,2,1,2,2,-0.5703404380344854,1.0839960837385003,-0.7440806346303815,0.3140535153918265,-1.6369702457217434,-0.7194993845091349,0.46963060880963725,7.532153122951685,3.562508133853899e-08,Direct_Binding,25,6.551956577554268,Scaffold_108,Cluster_103,Train,2024-01-15 12:00:00
Kinase_0317,BDBM360804,c1ccc2c(c1)ncc(n2)c3ccccc3N(C)C,Kinase,EGFR,249.31699999999998,3.362800000000002,29.020000000000003,0,3,2,3,0.5516283163169731,1.1088831853111523,-1.259340716759256,-1.9364783899602027,0.12045466604305038,-0.7194993845091349,1.4277904424775893,8.032398945694245,1.188891640997204e-08,Enzymatic,30,7.322422373668278,Scaffold_062,Cluster_148,Train,2024-01-15 13:00:00
Protease_0051,BDBM520601,c1ccc(cc1)C(=O)NC(C)C(=O)C(C)CC(=O)O,Protease,Thrombin,263.29299999999995,1.4848000000000001,83.47,2,3,6,1,0.9746860611116841,-0.3426067759757638,1.0574149786922067,0.3140535153918265,0.12045466604305038,1.8931143160898358,-0.4885292248583149,7.865806522839366,1.2723403634488547e-08,Direct_Binding,37,7.444707381672481,Scaffold_251,Cluster_051,Train,2024-01-15 14:00:00
Protease_0140,BDBM486991,C1CCC(CC1)NC(=O)C(C)NBr,Protease,Thrombin,249.15200000000002,1.7232999999999998,41.13,2,2,3,0,0.5466337164392461,-0.15827218824044498,-0.7440806346303815,0.3140535153918265,-0.7582577898393464,-0.06634595935939212,-1.446689058526267,7.802804670306601,1.602284427283774e-08,Direct_Binding,25,6.944712776858336,Scaffold_184,Cluster_039,Train,2024-01-15 15:00:00
Kinase_0358,BDBM558752,c1ccc2c(c1)ncc(n2)c3ccccc3S,Kinase,VEGFR2,238.315,3.585500000000001,25.78,1,3,1,3,0.21859445053052395,1.2810060896661015,-1.3971972540092605,-0.811212437284188,0.12045466604305038,-1.3726528096588775,1.4277904424775893,8.15563620416198,7.462378845285742e-09,Enzymatic,37,6.5233520963281855,Scaffold_163,Cluster_106,Train,2024-01-15 16:00:00
Protease_0156,BDBM356950,c1cc(ccc1S(=O)(=O)N)CCl,Protease,Thrombin,205.66599999999997,1.0728000000000002,60.16,1,2,2,1,-0.7697006489115598,-0.661038013489187,0.0656137801435638,-0.811212437284188,-0.7582577898393464,-0.7194993845091349,-0.4885292248583149,7.459060242975043,1.989437739881238e-08,Direct_Binding,25,6.960329050642765,Scaffold_213,Cluster_082,Train,2024-01-15 17:00:00
GPCR_0046,BDBM379005,C1CC(CCC1N)c2ccccc2NCCC,GPCR,Adrenergic_Beta2,232.371,3.493400000000002,38.05,2,2,4,1,0.038667773723156836,1.209822796037495,-0.8751294416458181,0.3140535153918265,-0.7582577898393464,0.5868074657903506,-0.4885292248583149,8.729766145338987,1.41687092818071e-09,Functional,37,6.842645146522521,Scaffold_098,Cluster_120,Train,2024-01-15 18:00:00
Kinase_0389,BDBM769018,c1ccc(cc1)NC(=O)Nc2ccc(cc2)O,Kinase,VEGFR2,228.251,3.0362000000000005,61.36,3,2,2,2,-0.08604587170859868,0.8564568693599764,0.11667175690282482,1.4393194680678412,-0.7582577898393464,-0.7194993845091349,0.46963060880963725,7.452411575727907,3.487415072519302e-08,Enzymatic,37,7.057708826250044,Scaffold_108,Cluster_063,Train,2024-01-15 19:00:00
Kinase_0173,BDBM827632,c1ccc(cc1)NC(=O)Nc2ccc(cc2)NCO,Kinase,EGFR,257.293,2.6923,73.39,4,3,4,2,0.7930642473761197,0.5906595329986501,0.6285279739144153,2.5645854207438554,0.12045466604305038,0.5868074657903506,0.46963060880963725,7.1054737435878845,3.987101810783961e-08,Direct_Binding,37,7.392302498139652,Scaffold_047,Cluster_034,Train,2024-01-15 20:00:00
Kinase_0126,BDBM989136,c1cc(ccc1C(=O)N)Nc2nccc(n2)N(C)C,Kinase,VEGFR2,257.29699999999997,1.3851000000000002,84.14,2,5,4,2,0.7931853285852756,-0.4196640438885994,1.0859223490494607,0.3140535153918265,1.877879577807844,0.5868074657903506,0.46963060880963725,6.999079343871497,4.5830996095887125e-07,Direct_Binding,30,7.164984903475995,Scaffold_260,Cluster_125,Train,2024-01-15 21:00:00
Kinase_0412,BDBM902930,c1cc(ccc1N)c2ncnc3c2cc(cc3)NC,Kinase,VEGFR2,250.30500000000004,2.9207,63.83,2,4,2,3,0.5815353749787646,0.7671879180667713,0.2217660923989701,0.3140535153918265,0.9991671219254472,-0.7194993845091349,1.4277904424775893,7.4969786862243195,3.6449083890062156e-08,Direct_Binding,25,7.369969159647685,Scaffold_185,Cluster_081,Train,2024-01-15 22:00:00
Protease_0118,BDBM440808,c1ccc(cc1)C(=O)NC(C)C(=O)OCC,Protease,Factor_Xa,221.25599999999994,1.3679999999999999,55.400000000000006,1,3,4,1,-0.2977866362219813,-0.4328804860281131,-0.13691619433483734,-0.811212437284188,0.12045466604305038,0.5868074657903506,-0.4885292248583149,7.584838592237718,3.934726578885971e-08,Enzymatic,37,7.458138119804496,Scaffold_245,Cluster_157,Train,2024-01-15 23:00:00
Protease_0309,BDBM255570,C1CCC(CC1)NC(=O)C(C)NS,Protease,Factor_Xa,202.32300000000004,1.2581999999999998,41.13,3,3,3,0,-0.8708942694645573,-0.5177439566081469,-0.7440806346303815,1.4393194680678412,0.12045466604305038,-0.06634595935939212,-1.446689058526267,7.7459626121043375,1.3872629011634974e-08,Enzymatic,37,7.472568235649737,Scaffold_131,Cluster_157,Train,2024-01-16 00:00:00
Protease_0249,BDBM580501,c1cc(ccc1S(=O)(=O)N)COCC,Protease,Thrombin,215.27399999999994,0.8705000000000003,69.39,1,3,4,1,-0.4788635845163407,-0.8173939342391032,0.4583347180502123,-0.811212437284188,0.12045466604305038,0.5868074657903506,-0.4885292248583149,7.614561592659688,3.2023493199496955e-08,Direct_Binding,37,7.29501153692847,Scaffold_261,Cluster_136,Train,2024-01-16 01:00:00
Kinase_0091,BDBM241678,c1ccc(cc1)NC(=O)Nc2ccc(cc2)SCCC,Kinase,CDK2,286.4000000000001,4.832700000000003,41.13,2,2,5,2,1.6741419361096426,2.2449561853620774,-0.7440806346303815,0.3140535153918265,-0.7582577898393464,1.2399608909400932,0.46963060880963725,7.849646632402207,1.0953708597982854e-08,Functional,30,6.6006374785235336,Scaffold_058,Cluster_161,Train,2024-01-16 02:00:00
Protease_0285,BDBM764686,CC(C)CC(NC(=O)C)C(=O)NC(=O)NN,Protease,Factor_Xa,230.26799999999997,-0.7632999999999981,113.32000000000001,4,4,4,0,-0.024990671991160195,-2.080143827077527,2.3274821505788217,2.5645854207438554,0.9991671219254472,0.5868074657903506,-1.446689058526267,8.101367158464493,4.465211273938689e-09,Functional,25,7.474439310638475,Scaffold_234,Cluster_010,Train,2024-01-16 03:00:00
Kinase_0182,BDBM532961,c1cc(ccc1C(=O)N)Nc2nccc(n2)S,Kinase,EGFR,246.29500000000002,1.6078,80.9,3,5,3,2,0.4601514627988274,-0.24754113953364973,0.9480658117994566,1.4393194680678412,1.877879577807844,-0.06634595935939212,0.46963060880963725,6.810766366537557,6.77996500238539e-08,Direct_Binding,20,7.021445689043589,Scaffold_009,Cluster_174,Train,2024-01-16 04:00:00
Kinase_0364,BDBM298994,c1ccc(cc1)NC(=O)Nc2ccc(cc2)SN,Kinase,EGFR,259.334,3.2964,67.15,3,3,3,2,0.8548459343485013,1.0575631994594732,0.36302649476625887,1.4393194680678412,0.12045466604305038,-0.06634595935939212,0.46963060880963725,7.429528758314841,3.9924987011364364e-08,Direct_Binding,30,7.455918828955319,Scaffold_004,Cluster_025,Train,2024-01-16 05:00:00
Kinase_0275,BDBM759726,c1ccc2c(c1)ncc(n2)c3ccccc3OCC,Kinase,VEGFR2,250.30099999999996,3.695500000000002,35.010000000000005,0,3,3,3,0.5814142937696053,1.3660241385167735,-1.004476316102612,-1.9364783899602027,0.12045466604305038,-0.06634595935939212,1.4277904424775893,7.775476702342808,1.1263339745076872e-08,Direct_Binding,37,6.621025000485193,Scaffold_195,Cluster_017,Train,2024-01-16 06:00:00
Protease_0241,BDBM606033,c1cc(ccc1S(=O)(=O)N)CS,Protease,Thrombin,203.28799999999998,0.7638,60.16,2,3,2,1,-0.841683427755422,-0.8998614416242546,0.0656137801435638,0.3140535153918265,0.12045466604305038,-0.7194993845091349,-0.4885292248583149,7.920561252535302,2.0818144730760272e-08,Functional,30,6.534376858351726,Scaffold_216,Cluster_022,Train,2024-01-16 07:00:00
Kinase_0070,BDBM359414,c1cc(ccc1N)c2ncnc3c2cc(cc3)Br,Kinase,ABL1,300.159,3.6415000000000015,51.8,1,3,1,3,2.090631025307582,1.3242880054446255,-0.2900901246126204,-0.811212437284188,0.12045466604305038,-1.3726528096588775,1.4277904424775893,7.685839036809233,1.2725795251800752e-08,Direct_Binding,37,7.027399622122676,Scaffold_205,Cluster_006,Train,2024-01-16 08:00:00
Kinase_0292,BDBM347428,c1cc(ccc1C(=O)N)Nc2nccc(n2)C(C)C,Kinase,EGFR,256.30899999999997,2.442500000000001,80.9,2,4,4,2,0.7632782699234858,0.39759127297230823,0.9480658117994566,0.3140535153918265,0.9991671219254472,0.5868074657903506,0.46963060880963725,6.857506859801174,1.8217112696468458e-07,Enzymatic,25,6.62055841640369,Scaffold_052,Cluster_003,Train,2024-01-16 09:00:00
Kinase_0132,BDBM108721,c1cc(ccc1C(=O)N)Nc2nccc(n2),Kinase,ABL1,214.228,1.3191,80.9,2,4,3,2,-0.5105263207109058,-0.47067487319900236,0.9480658117994566,0.3140535153918265,0.9991671219254472,-0.06634595935939212,0.46963060880963725,6.682713446220904,2.4539413971815e-07,Direct_Binding,30,6.947055543806425,Scaffold_182,Cluster_014,Train,2024-01-16 10:00:00
Kinase_0301,BDBM225461,c1ccc2c(c1)ncc(n2)c3ccccc3OCCBr,Kinase,VEGFR2,329.19699999999995,4.070500000000002,35.010000000000005,0,3,4,3,2.9696200631831418,1.6558583959622437,-1.004476316102612,-1.9364783899602027,0.12045466604305038,0.5868074657903506,1.4277904424775893,7.72181174836169,1.9603065314258287e-08,Enzymatic,30,7.077199886734551,Scaffold_185,Cluster_085,Train,2024-01-16 11:00:00
GPCR_0073,BDBM430536,c1ccc2c(c1)OCCn2OCl,GPCR,Dopamine_D2,185.60999999999999,1.9707999999999997,21.700000000000003,0,3,1,1,-1.3768018316249782,0.03301842167356524,-1.5707943749907476,-1.9364783899602027,0.12045466604305038,-1.3726528096588775,-0.4885292248583149,8.10554601014267,5.133892690768693e-09,Functional,30,6.813875496722471,Scaffold_159,Cluster_024,Train,2024-01-16 12:00:00
Kinase_0327,BDBM162678,c1cc(ccc1C(=O)N)Nc2nccc(n2)OCCC,Kinase,CDK2,272.308,2.1079,90.13000000000001,2,5,6,2,1.2475728362493734,0.13898182619562932,1.3407867497061052,0.3140535153918265,1.877879577807844,1.8931143160898358,0.46963060880963725,6.8953056310250105,2.440515534375971e-07,Direct_Binding,20,6.874552887020121,Scaffold_034,Cluster_081,Train,2024-01-16 13:00:00
Kinase_0145,BDBM935471,c1ccc(cc1)NC(=O)Nc2ccc(cc2)Cl,Kinase,CDK2,246.697,3.984000000000001,41.13,2,1,2,2,0.4723201243191099,1.5890032939114878,-0.7440806346303815,0.3140535153918265,-1.6369702457217434,-0.7194993845091349,0.46963060880963725,7.656428419137264,1.686254060107552e-08,Direct_Binding,25,6.792218230461898,Scaffold_223,Cluster_092,Train,2024-01-16 14:00:00
Kinase_0441,BDBM789880,c1ccc(cc1)NC(=O)Nc2ccc(cc2)Br,Kinase,CDK2,291.148,4.093100000000001,41.13,2,1,2,2,1.8178653313790518,1.6733257405442898,-0.7440806346303815,0.3140535153918265,-1.6369702457217434,-0.7194993845091349,0.46963060880963725,7.624338817340896,2.042672173974277e-08,Direct_Binding,37,6.700474515528403,Scaffold_154,Cluster_052,Train,2024-01-16 15:00:00
GPCR_0141,BDBM503553,c1ccc2c(c1)OCCn2OCCCC,GPCR,Adrenergic_Beta2,207.27299999999994,2.6171000000000006,21.700000000000003,0,3,4,1,-0.7210562731327181,0.532538103238919,-1.5707943749907476,-1.9364783899602027,0.12045466604305038,0.5868074657903506,-0.4885292248583149,8.443516376309358,2.724307859949618e-09,Functional,37,6.791460913493794,Scaffold_118,Cluster_039,Train,2024-01-16 16:00:00
GPCR_0201,BDBM825388,c1cc(ccc1O)CCNN(C)C,GPCR,Dopamine_D2,180.25099999999998,1.0009000000000001,35.5,2,3,4,1,-1.5390203815931283,-0.7166089017833985,-0.9836276422592474,0.3140535153918265,0.12045466604305038,0.5868074657903506,-0.4885292248583149,8.544398371511774,1.7878747865209242e-09,Functional,30,7.4332050877593066,Scaffold_044,Cluster_055,Train,2024-01-16 17:00:00
Kinase_0136,BDBM600241,c1cc(ccc1C(=O)N)Nc2nccc(n2)NO,Kinase,ABL1,245.24200000000002,1.1202,113.16000000000001,4,6,4,2,0.4282768344882356,-0.6244029633480797,2.320674420344254,2.5645854207438554,2.7565920336902408,0.5868074657903506,0.46963060880963725,6.7961561607526315,2.506691636711437e-07,Functional,25,6.880400548970409,Scaffold_200,Cluster_079,Train,2024-01-16 18:00:00
Kinase_0425,BDBM169918,c1ccc2c(c1)ncc(n2)c3ccccc3OCC,Kinase,VEGFR2,250.30099999999996,3.695500000000002,35.010000000000005,0,3,3,3,0.5814142937696053,1.3660241385167735,-1.004476316102612,-1.9364783899602027,0.12045466604305038,-0.06634595935939212,1.4277904424775893,8.019509392437774,1.2085539605593078e-08,Direct_Binding,25,7.08873152213132,Scaffold_242,Cluster_017,Train,2024-01-16 19:00:00
Kinase_0165,BDBM542750,c1cc(ccc1C(=O)N)Nc2nccc(n2)CC,Kinase,EGFR,242.28199999999998,1.8815000000000002,80.9,2,4,4,2,0.3386767397120219,-0.036000776166115675,0.9480658117994566,0.3140535153918265,0.9991671219254472,0.5868074657903506,0.46963060880963725,6.907667419386648,7.412696227007832e-08,Functional,25,6.797237807708617,Scaffold_009,Cluster_093,Train,2024-01-16 20:00:00
Kinase_0029,BDBM715429,c1ccc2c(c1)ncc(n2)c3ccccc3CC,Kinase,CDK2,234.30199999999996,3.859200000000002,25.78,0,2,2,3,0.09711972744371848,1.4925464530336363,-1.3971972540092605,-1.9364783899602027,-0.7582577898393464,-0.7194993845091349,1.4277904424775893,7.93266019651218,3.2765128741221053e-09,Direct_Binding,30,6.703766459127689,Scaffold_141,Cluster_160,Train,2024-01-16 21:00:00
GPCR_0121,BDBM871555,c1cc(ccc1O)CCNN(C)CO,GPCR,Serotonin_5HT2A,196.24999999999997,0.3209,55.730000000000004,3,4,5,1,-1.0547258152672414,-1.2421750219511847,-0.12287525072604068,1.4393194680678412,0.9991671219254472,1.2399608909400932,-0.4885292248583149,9.0,1e-09,Functional,20,7.295926387143503,Scaffold_166,Cluster_081,Train,2024-01-16 22:00:00
Kinase_0194,BDBM385353,c1cc(ccc1C(=O)N)Nc2nccc(n2)OCC,Kinase,EGFR,258.28099999999995,1.7178000000000002,90.13000000000001,2,5,5,2,0.8229713060379078,-0.16252309068297824,1.3407867497061052,0.3140535153918265,1.877879577807844,1.2399608909400932,0.46963060880963725,6.476247183193202,3.6505932207534643e-07,Direct_Binding,25,6.93042741032099,Scaffold_024,Cluster_150,Train,2024-01-16 23:00:00
Kinase_0405,BDBM665136,c1cc(ccc1N)c2ncnc3c2cc(cc3)S(=O)(=O)N,Kinase,ABL1,300.3430000000001,1.5263999999999995,111.96,2,5,2,3,2.0962007609288085,-0.31045449568314676,2.2696164435849924,0.3140535153918265,1.877879577807844,-0.7194993845091349,1.4277904424775893,6.5825241792781135,1.3705357321426637e-07,Functional,20,6.975546037486827,Scaffold_073,Cluster_115,Train,2024-01-17 00:00:00
Protease_0216,BDBM759835,C1CCC(CC1)NC(=O)C(C)NCCC,Protease,Factor_Xa,212.337,1.8233999999999995,41.13,2,2,5,0,-0.5677674623398989,-0.0809057637863344,-0.7440806346303815,0.3140535153918265,-0.7582577898393464,1.2399608909400932,-1.446689058526267,7.327276629987777,6.302105317068233e-08,Direct_Binding,37,7.018747847114709,Scaffold_128,Cluster_122,Train,2024-01-17 01:00:00
Kinase_0170,BDBM938817,c1cc(ccc1N)c2ncnc3c2cc(cc3)Br,Kinase,EGFR,300.159,3.6415000000000015,51.8,1,3,1,3,2.090631025307582,1.3242880054446255,-0.2900901246126204,-0.811212437284188,0.12045466604305038,-1.3726528096588775,1.4277904424775893,7.669546575346378,1.5268993012666336e-08,Enzymatic,37,7.3522638743911815,Scaffold_091,Cluster_087,Train,2024-01-17 02:00:00
GPCR_0057,BDBM107614,c1cc(ccc1O)CCNC(=O)NCC,GPCR,Serotonin_5HT2A,208.26099999999997,1.2538000000000002,61.36,3,2,4,1,-0.6911492144709275,-0.5211446785621734,0.11667175690282482,1.4393194680678412,-0.7582577898393464,0.5868074657903506,-0.4885292248583149,9.0,1.0357957133919643e-09,Direct_Binding,37,6.6440787860132,Scaffold_005,Cluster_181,Train,2024-01-17 03:00:00
Kinase_0141,BDBM936726,c1cc(ccc1N)c2ncnc3c2cc(cc3)C(=O)N,Kinase,CDK2,264.288,1.9778999999999995,94.89,2,4,2,3,1.0048050118895007,0.03850595028119939,1.5433167241845063,0.3140535153918265,0.9991671219254472,-0.7194993845091349,1.4277904424775893,6.96912799019062,1.1330682348104482e-07,Functional,37,7.23990412076693,Scaffold_066,Cluster_045,Train,2024-01-17 04:00:00
Kinase_0174,BDBM817897,c1ccc(cc1)NC(=O)Nc2ccc(cc2),Kinase,EGFR,212.252,3.3306000000000004,41.13,2,1,2,2,-0.5703404380344854,1.0839960837385003,-0.7440806346303815,0.3140535153918265,-1.6369702457217434,-0.7194993845091349,0.46963060880963725,7.508818796222497,2.190488578631574e-08,Functional,37,6.685330179528714,Scaffold_266,Cluster_075,Train,2024-01-17 05:00:00
Kinase_0007,BDBM699405,c1cc(ccc1C(=O)N)Nc2nccc(n2)OCC,Kinase,CDK2,258.28099999999995,1.7178000000000002,90.13000000000001,2,5,5,2,0.8229713060379078,-0.16252309068297824,1.3407867497061052,0.3140535153918265,1.877879577807844,1.2399608909400932,0.46963060880963725,6.8999899223261085,2.2539618135755546e-07,Functional,30,7.256751505688635,Scaffold_080,Cluster_078,Train,2024-01-17 06:00:00
Protease_0031,BDBM346120,c1cc(ccc1S(=O)(=O)N)CC(=O)O,Protease,Factor_Xa,215.22999999999996,-0.03889999999999999,97.46,2,3,3,1,-0.4801954778170676,-1.5202613308281985,1.6526658910772565,0.3140535153918265,0.12045466604305038,-0.06634595935939212,-0.4885292248583149,7.852566723823816,8.894729603865347e-09,Functional,37,6.952824805284327,Scaffold_072,Cluster_026,Train,2024-01-17 07:00:00
GPCR_0067,BDBM733729,C1CC(CCC1N)c2ccccc2C,GPCR,Serotonin_5HT2A,189.30200000000002,2.9799200000000017,26.02,1,1,1,1,-1.2650438755730253,0.8129585440025612,-1.3869856586574083,-0.811212437284188,-1.6369702457217434,-1.3726528096588775,-0.4885292248583149,8.3068884531712,4.312514989454903e-09,Enzymatic,25,6.9584314241314384,Scaffold_241,Cluster_144,Train,2024-01-17 08:00:00
Kinase_0074,BDBM756912,c1ccc2c(c1)ncc(n2)c3ccccc3C(=O)N,Kinase,CDK2,249.27299999999997,2.3956999999999993,68.87,1,3,2,3,0.5502964230162453,0.36141995764311236,0.43620959478786614,-0.811212437284188,0.12045466604305038,-0.7194993845091349,1.4277904424775893,7.428205548372102,5.25897613139334e-08,Direct_Binding,30,7.231496490340362,Scaffold_020,Cluster_041,Train,2024-01-17 09:00:00
Protease_0027,BDBM397677,CC(C)CC(NC(=O)C)C(=O)NC(C)C,Protease,Trypsin,214.30899999999997,1.0617999999999999,58.2,2,2,5,0,-0.5080744262254768,-0.6695398183742544,-0.017780915229895392,0.3140535153918265,-0.7582577898393464,1.2399608909400932,-1.446689058526267,7.370509001142601,3.4671558784584006e-08,Enzymatic,30,7.115069754014698,Scaffold_032,Cluster_039,Train,2024-01-17 10:00:00
GPCR_0083,BDBM446297,C1CN(CCN1)c2ccc(cc2)NC,GPCR,Serotonin_5HT2A,191.278,1.1378999999999997,27.299999999999997,2,3,2,1,-1.2052297582494464,-0.6107227863966538,-1.3325238167808635,0.3140535153918265,0.12045466604305038,-0.7194993845091349,-0.4885292248583149,8.249314361479016,4.186868150158867e-09,Enzymatic,25,6.9831808633136685,Scaffold_108,Cluster_042,Train,2024-01-17 11:00:00
Kinase_0239,BDBM511484,c1cc(ccc1N)c2ncnc3c2cc(cc3)C,Kinase,EGFR,235.29000000000002,3.1874200000000013,51.8,1,3,1,3,0.12702678610551008,0.9733334997890544,-0.2900901246126204,-0.811212437284188,0.12045466604305038,-1.3726528096588775,1.4277904424775893,7.654149030284742,1.3801904077899823e-08,Direct_Binding,37,7.012667725956416,Scaffold_151,Cluster_107,Train,2024-01-17 12:00:00
Kinase_0146,BDBM107568,c1ccc(cc1)NC(=O)Nc2ccc(cc2),Kinase,EGFR,212.252,3.3306000000000004,41.13,2,1,2,2,-0.5703404380344854,1.0839960837385003,-0.7440806346303815,0.3140535153918265,-1.6369702457217434,-0.7194993845091349,0.46963060880963725,7.574919430766597,4.157731691535358e-08,Enzymatic,30,7.410770161643915,Scaffold_191,Cluster_031,Train,2024-01-17 13:00:00
Protease_0137,BDBM991613,C1CCC(CC1)NC(=O)C(C)NC(=O)N,Protease,Factor_Xa,213.281,0.49210000000000037,84.22,3,2,3,0,-0.539192296978836,-1.1098560222854124,1.0893262141667448,1.4393194680678412,-0.7582577898393464,-0.06634595935939212,-1.446689058526267,7.978651179479801,9.876868406601987e-09,Enzymatic,37,6.809469549088601,Scaffold_213,Cluster_137,Train,2024-01-17 14:00:00
Kinase_0235,BDBM253184,c1ccc2c(c1)ncc(n2)c3ccccc3,Kinase,CDK2,206.248,3.296800000000001,25.78,0,2,1,3,-0.7520833329792092,1.057872356000749,-1.3971972540092605,-1.9364783899602027,-0.7582577898393464,-1.3726528096588775,1.4277904424775893,8.253615613398798,1.783590585619337e-08,Functional,37,6.608025754130692,Scaffold_081,Cluster_159,Train,2024-01-17 15:00:00
Kinase_0221,BDBM540656,c1cc(ccc1C(=O)N)Nc2nccc(n2)OC,Kinase,CDK2,244.254,1.3277,90.13000000000001,2,5,4,2,0.3983697758264449,-0.46402800756158613,1.3407867497061052,0.3140535153918265,1.877879577807844,0.5868074657903506,0.46963060880963725,6.951825785001025,1.6160701965998548e-07,Functional,37,6.640024097553318,Scaffold_215,Cluster_105,Train,2024-01-17 16:00:00
GPCR_0044,BDBM109968,C1CC(CCC1N)c2ccccc2O,GPCR,Serotonin_5HT2A,191.27400000000003,2.377100000000001,46.25,2,2,1,1,-1.2053508394586023,0.3470441784738183,-0.5262332671242019,0.3140535153918265,-0.7582577898393464,-1.3726528096588775,-0.4885292248583149,8.813353079184079,2.8384978699245432e-09,Direct_Binding,37,7.309023640291676,Scaffold_089,Cluster_041,Train,2024-01-17 17:00:00
Protease_0002,BDBM187128,c1cc(ccc1S(=O)(=O)N)CNCF,Protease,Thrombin,218.25299999999996,0.35060000000000013,72.19,2,3,4,1,-0.3886883539966317,-1.2192201487615033,0.5774699971551543,0.3140535153918265,0.12045466604305038,0.5868074657903506,-0.4885292248583149,7.526975425622073,1.894045354940358e-08,Functional,37,7.483711583209152,Scaffold_090,Cluster_144,Train,2024-01-17 18:00:00
Kinase_0133,BDBM821179,c1cc(ccc1N)c2ncnc3c2cc(cc3)OC,Kinase,EGFR,251.28900000000002,2.887600000000001,61.03,1,4,2,3,0.6113213524313968,0.7416052142762517,0.10263081329402814,-0.811212437284188,0.9991671219254472,-0.7194993845091349,1.4277904424775893,7.4463764429410855,1.992327456595226e-08,Direct_Binding,20,6.960358271201926,Scaffold_266,Cluster_142,Train,2024-01-17 19:00:00
Protease_0338,BDBM607509,c1ccc(cc1)C(=O)NC(C)C(=O)OC,Protease,Factor_Xa,207.22899999999996,0.9779,55.400000000000006,1,3,3,1,-0.7223881664334452,-0.7343854029067208,-0.13691619433483734,-0.811212437284188,0.12045466604305038,-0.06634595935939212,-0.4885292248583149,7.329611913257817,2.1522489508487238e-08,Functional,25,7.3205075042321095,Scaffold_078,Cluster_161,Train,2024-01-17 20:00:00
Protease_0270,BDBM246822,c1ccc(cc1)C(=O)NC(C)C(=O)OCC,Protease,Factor_Xa,221.25599999999994,1.3679999999999999,55.400000000000006,1,3,4,1,-0.2977866362219813,-0.4328804860281131,-0.13691619433483734,-0.811212437284188,0.12045466604305038,0.5868074657903506,-0.4885292248583149,7.552152994879606,3.300849866051504e-08,Functional,30,7.334973785682962,Scaffold_093,Cluster_121,Train,2024-01-17 21:00:00
GPCR_0216,BDBM785684,C1CN(CCN1)c2ccc(cc2)S(=O)(=O)N,GPCR,Serotonin_5HT2A,241.31599999999997,-0.2563999999999994,75.43,2,4,2,1,0.3094356277005955,-1.6883652001465705,0.7153265344051591,0.3140535153918265,0.9991671219254472,-0.7194993845091349,-0.4885292248583149,8.887686150614837,1e-09,Functional,37,7.122689540949797,Scaffold_187,Cluster_180,Train,2024-01-17 22:00:00
Kinase_0186,BDBM291267,c1ccc2c(c1)ncc(n2)c3ccccc3SCC,Kinase,VEGFR2,266.36899999999997,4.408800000000002,25.78,0,3,3,3,1.0677975109534517,1.9173275407457173,-1.3971972540092605,-1.9364783899602027,0.12045466604305038,-0.06634595935939212,1.4277904424775893,8.358082074113815,9.936798901867834e-09,Direct_Binding,20,6.614932997059567,Scaffold_057,Cluster_072,Train,2024-01-17 23:00:00
Kinase_0042,BDBM880009,c1ccc(cc1)NC(=O)Nc2ccc(cc2),Kinase,CDK2,212.252,3.3306000000000004,41.13,2,1,2,2,-0.5703404380344854,1.0839960837385003,-0.7440806346303815,0.3140535153918265,-1.6369702457217434,-0.7194993845091349,0.46963060880963725,7.483351242178496,2.0910401855971443e-08,Functional,37,6.816761677067527,Scaffold_084,Cluster_177,Train,2024-01-18 00:00:00
GPCR_0171,BDBM321921,c1cc(ccc1O)CCNN(C)C,GPCR,Dopamine_D2,180.25099999999998,1.0009000000000001,35.5,2,3,4,1,-1.5390203815931283,-0.7166089017833985,-0.9836276422592474,0.3140535153918265,0.12045466604305038,0.5868074657903506,-0.4885292248583149,8.61837674965556,2.219865073757241e-09,Direct_Binding,37,6.52497166211705,Scaffold_016,Cluster_064,Train,2024-01-18 01:00:00
Kinase_0109,BDBM605048,c1cc(ccc1C(=O)N)Nc2nccc(n2),Kinase,ABL1,214.228,1.3191,80.9,2,4,3,2,-0.5105263207109058,-0.47067487319900236,0.9480658117994566,0.3140535153918265,0.9991671219254472,-0.06634595935939212,0.46963060880963725,6.711061558608415,1.8552531542766e-07,Functional,25,6.6748814371759595,Scaffold_255,Cluster_030,Train,2024-01-18 02:00:00
GPCR_0149,BDBM922987,c1cc(ccc1O)CCNOCCN(C)C,GPCR,Serotonin_5HT2A,224.30399999999995,1.0175,44.73,2,4,7,1,-0.2055227548443137,-0.7037789053204792,-0.5909067043525992,0.3140535153918265,0.9991671219254472,2.5462677412395784,-0.4885292248583149,9.0,1.104434455192583e-09,Direct_Binding,30,6.9872653541000505,Scaffold_105,Cluster_170,Train,2024-01-18 03:00:00
Kinase_0057,BDBM516297,c1cc(ccc1N)c2ncnc3c2cc(cc3)C,Kinase,VEGFR2,235.29000000000002,3.1874200000000013,51.8,1,3,1,3,0.12702678610551008,0.9733334997890544,-0.2900901246126204,-0.811212437284188,0.12045466604305038,-1.3726528096588775,1.4277904424775893,7.627534371516605,2.1649211768185187e-08,Enzymatic,25,7.303603535441535,Scaffold_157,Cluster_038,Train,2024-01-18 04:00:00
Kinase_0423,BDBM648615,c1cc(ccc1N)c2ncnc3c2cc(cc3),Kinase,ABL1,221.26300000000003,2.8790000000000004,51.8,1,3,1,3,-0.29757474410595375,0.7349583486388352,-0.2900901246126204,-0.811212437284188,0.12045466604305038,-1.3726528096588775,1.4277904424775893,7.63617937772814,3.414867711382285e-08,Functional,25,6.983407435973147,Scaffold_207,Cluster_114,Train,2024-01-18 05:00:00
GPCR_0207,BDBM167808,c1cc(ccc1O)CCNBr,GPCR,Serotonin_5HT2A,216.07799999999997,1.8342,32.26,2,2,3,1,-0.4545262614757739,-0.07255853717190441,-1.1214841795092518,0.3140535153918265,-0.7582577898393464,-0.06634595935939212,-0.4885292248583149,8.786899932884445,5.421104548801513e-09,Direct_Binding,20,7.447161462900247,Scaffold_192,Cluster_025,Train,2024-01-18 06:00:00
Protease_0240,BDBM934197,c1ccc(cc1)C(=O)NC(C)C(=O)N,Protease,Trypsin,192.21799999999996,0.2901999999999999,72.19,2,2,3,1,-1.1767756740975421,-1.2659027864940537,0.5774699971551543,0.3140535153918265,-0.7582577898393464,-0.06634595935939212,-0.4885292248583149,7.471302926051954,2.4863036926326422e-08,Functional,20,7.028707319884052,Scaffold_136,Cluster_011,Train,2024-01-18 07:00:00
Protease_0206,BDBM517749,c1ccc(cc1)C(=O)NC(C)C(=O)NC,Protease,Factor_Xa,206.24499999999998,0.5509,58.2,2,2,3,1,-0.7521741438860774,-1.064410010717963,-0.017780915229895392,0.3140535153918265,-0.7582577898393464,-0.06634595935939212,-0.4885292248583149,7.731171167484696,3.3681781315989575e-08,Direct_Binding,37,6.656362141644875,Scaffold_165,Cluster_035,Train,2024-01-18 08:00:00
Kinase_0025,BDBM566509,c1ccc2c(c1)ncc(n2)c3ccccc3O,Kinase,CDK2,222.24699999999999,3.002400000000001,46.010000000000005,1,3,1,3,-0.26778876665332235,0.8303331416222252,-0.5364448624760538,-0.811212437284188,0.12045466604305038,-1.3726528096588775,1.4277904424775893,7.7025685913212225,9.311697155646564e-09,Direct_Binding,37,7.322103160600226,Scaffold_015,Cluster_098,Train,2024-01-18 09:00:00
GPCR_0094,BDBM731147,C1CC(CCC1N)c2ccccc2OCC,GPCR,Dopamine_D2,219.328,3.0702000000000016,35.25,1,2,3,1,-0.35614777903567474,0.8827351753683665,-0.9942647207507601,-0.811212437284188,-0.7582577898393464,-0.06634595935939212,-0.4885292248583149,8.602000201358264,1.3535353092032698e-09,Direct_Binding,37,6.675491627381358,Scaffold_014,Cluster_122,Train,2024-01-18 10:00:00
Protease_0238,BDBM248845,C1CCC(CC1)NC(=O)C(C)NCNC,Protease,Factor_Xa,213.32500000000002,0.5903000000000002,53.160000000000004,3,3,5,0,-0.5378604036781082,-1.0339580914023587,-0.2322244176187911,1.4393194680678412,0.12045466604305038,1.2399608909400932,-1.446689058526267,7.525933994029973,2.0949966878797187e-08,Direct_Binding,37,7.1464073752280886,Scaffold_170,Cluster_098,Train,2024-01-18 11:00:00
GPCR_0090,BDBM860448,C1CN(CCN1)c2ccc(cc2)NC(=O)O,GPCR,Adrenergic_Beta2,221.26,1.1860999999999997,64.6,3,3,2,1,-0.2976655550128228,-0.573469423172996,0.254528294152829,1.4393194680678412,0.12045466604305038,-0.7194993845091349,-0.4885292248583149,9.0,1e-09,Direct_Binding,25,7.262446958674868,Scaffold_015,Cluster_123,Train,2024-01-18 12:00:00
GPCR_0179,BDBM850534,C1CC(CCC1N)c2ccccc2Br,GPCR,Adrenergic_Beta2,254.17100000000002,3.434000000000002,26.02,1,1,1,1,0.6985603636290473,1.1639130496581322,-1.3869856586574083,-0.811212437284188,-1.6369702457217434,-1.3726528096588775,-0.4885292248583149,8.31418533933519,8.232660260686227e-09,Functional,37,6.673496050355022,Scaffold_241,Cluster_044,Train,2024-01-18 13:00:00
Protease_0038,BDBM229492,c1ccc(cc1)C(=O)NC(C)C(=O)C(=O)N,Protease,Factor_Xa,220.22799999999995,-0.14069999999999994,89.26,2,3,4,1,-0.3289045069753414,-1.5989416705827286,1.3037697165556408,0.3140535153918265,0.12045466604305038,0.5868074657903506,-0.4885292248583149,7.491387253745772,1.1863978412038073e-08,Functional,30,6.904968587376189,Scaffold_018,Cluster_006,Train,2024-01-18 14:00:00
Protease_0272,BDBM647125,CC(C)CC(NC(=O)C)C(=O)NCCCO,Protease,Factor_Xa,230.30799999999994,0.03580000000000061,78.43,3,3,7,0,-0.023779859899590857,-1.4625263467450604,0.8429714763033114,1.4393194680678412,0.12045466604305038,2.5462677412395784,-1.446689058526267,7.695616252690602,2.789518857155572e-08,Direct_Binding,25,6.6125031305266315,Scaffold_074,Cluster_151,Train,2024-01-18 15:00:00
Kinase_0339,BDBM685472,c1ccc2c(c1)ncc(n2)c3ccccc3CCCl,Kinase,ABL1,268.74699999999996,4.078100000000002,25.78,0,2,3,3,1.139780289797314,1.661732370246472,-1.3971972540092605,-1.9364783899602027,-0.7582577898393464,-0.06634595935939212,1.4277904424775893,8.042420718141344,1.0716275168213969e-08,Direct_Binding,30,6.909628894895232,Scaffold_209,Cluster_177,Train,2024-01-18 16:00:00
Kinase_0052,BDBM596171,c1cc(ccc1N)c2ncnc3c2cc(cc3)NC,Kinase,EGFR,250.30500000000004,2.9207,63.83,2,4,2,3,0.5815353749787646,0.7671879180667713,0.2217660923989701,0.3140535153918265,0.9991671219254472,-0.7194993845091349,1.4277904424775893,7.607912657937553,1.1166382591923548e-08,Direct_Binding,37,6.652104283222273,Scaffold_024,Cluster_093,Train,2024-01-18 17:00:00
Kinase_0384,BDBM667915,c1ccc2c(c1)ncc(n2)c3ccccc3Br,Kinase,VEGFR2,285.144,4.059300000000001,25.78,0,2,1,3,1.636122436434328,1.6472020128065386,-1.3971972540092605,-1.9364783899602027,-0.7582577898393464,-1.3726528096588775,1.4277904424775893,7.962243746747886,1.1859397742949998e-08,Functional,20,6.694623836704872,Scaffold_277,Cluster_113,Train,2024-01-18 18:00:00
GPCR_0074,BDBM956526,C1CC(CCC1N)c2ccccc2C,GPCR,Adrenergic_Beta2,189.30200000000002,2.9799200000000017,26.02,1,1,1,1,-1.2650438755730253,0.8129585440025612,-1.3869856586574083,-0.811212437284188,-1.6369702457217434,-1.3726528096588775,-0.4885292248583149,8.478879200098671,3.190862361576168e-09,Functional,25,7.038022705363903,Scaffold_194,Cluster_150,Train,2024-01-18 19:00:00
Protease_0266,BDBM388671,C1CCC(CC1)NC(=O)C(C)NC(C)CBr,Protease,Trypsin,291.233,2.1967999999999996,41.13,2,2,5,0,1.8204383070736385,0.20769186749403526,-0.7440806346303815,0.3140535153918265,-0.7582577898393464,1.2399608909400932,-1.446689058526267,7.820695323393716,2.249452310825727e-08,Direct_Binding,37,6.760048040252434,Scaffold_269,Cluster_147,Train,2024-01-18 20:00:00
Protease_0182,BDBM645015,C1CCC(CC1)NC(=O)C(C)NF,Protease,Factor_Xa,188.246,1.2978999999999998,41.13,2,2,3,0,-1.2970093147904853,-0.48706016988658635,-0.7440806346303815,0.3140535153918265,-0.7582577898393464,-0.06634595935939212,-1.446689058526267,7.379509709642045,3.2074713523194966e-08,Direct_Binding,25,7.277727910067793,Scaffold_087,Cluster_047,Train,2024-01-18 21:00:00
Kinase_0265,BDBM198524,c1cc(ccc1N)c2ncnc3c2cc(cc3),Kinase,EGFR,221.26300000000003,2.8790000000000004,51.8,1,3,1,3,-0.29757474410595375,0.7349583486388352,-0.2900901246126204,-0.811212437284188,0.12045466604305038,-1.3726528096588775,1.4277904424775893,7.635638777291026,2.148429986477699e-08,Functional,25,7.136401370183407,Scaffold_081,Cluster_115,Train,2024-01-18 22:00:00
GPCR_0096,BDBM656405,C1CC(CCC1N)c2ccccc2NC,GPCR,Dopamine_D2,204.31700000000004,2.7132000000000005,38.05,2,2,2,1,-0.8105352866997708,0.6068129622802781,-0.8751294416458181,0.3140535153918265,-0.7582577898393464,-0.7194993845091349,-0.4885292248583149,8.793828625672052,1.8017317816288758e-09,Direct_Binding,37,7.079314466661938,Scaffold_052,Cluster_006,Train,2024-01-18 23:00:00
Protease_0055,BDBM887775,C1CCC(CC1)NC(=O)C(C)NOC,Protease,Trypsin,200.282,0.9747999999999998,50.36,2,3,4,0,-0.9326759564369398,-0.7367813661016035,-0.35135969672373335,0.3140535153918265,0.12045466604305038,0.5868074657903506,-1.446689058526267,7.545208817760752,2.7896491880984713e-08,Functional,25,6.506183822640897,Scaffold_008,Cluster_126,Train,2024-01-19 00:00:00
Protease_0026,BDBM887887,C1CCC(CC1)NC(=O)C(C)NF,Protease,Thrombin,188.246,1.2978999999999998,41.13,2,2,3,0,-1.2970093147904853,-0.48706016988658635,-0.7440806346303815,0.3140535153918265,-0.7582577898393464,-0.06634595935939212,-1.446689058526267,7.217870468487779,4.859942509236043e-08,Enzymatic,37,6.835816364641534,Scaffold_179,Cluster_172,Train,2024-01-19 01:00:00
Kinase_0396,BDBM998450,c1ccc2c(c1)ncc(n2)c3ccccc3,Kinase,VEGFR2,206.248,3.296800000000001,25.78,0,2,1,3,-0.7520833329792092,1.057872356000749,-1.3971972540092605,-1.9364783899602027,-0.7582577898393464,-1.3726528096588775,1.4277904424775893,7.861647652184295,9.865254884026526e-09,Enzymatic,30,6.901778800654324,Scaffold_115,Cluster_146,Train,2024-01-19 02:00:00
GPCR_0076,BDBM478756,C1CN(CCN1)c2ccc(cc2)C(=O)N,GPCR,Dopamine_D2,205.26099999999997,0.19509999999999972,58.36,2,3,2,1,-0.7819601213387105,-1.3394047541822254,-0.010973184995327418,0.3140535153918265,0.12045466604305038,-0.7194993845091349,-0.4885292248583149,8.630741451829206,1.8442979528028586e-09,Direct_Binding,37,7.489451130965056,Scaffold_048,Cluster_089,Train,2024-01-19 03:00:00
GPCR_0015,BDBM886343,C1CN(CCN1)c2ccc(cc2)C(=O)N,GPCR,Dopamine_D2,205.26099999999997,0.19509999999999972,58.36,2,3,2,1,-0.7819601213387105,-1.3394047541822254,-0.010973184995327418,0.3140535153918265,0.12045466604305038,-0.7194993845091349,-0.4885292248583149,8.740900868027197,3.6463171800469737e-09,Direct_Binding,20,7.47534313347907,Scaffold_215,Cluster_087,Train,2024-01-19 04:00:00
Kinase_0019,BDBM844943,c1cc(ccc1C(=O)N)Nc2nccc(n2),Kinase,ABL1,214.228,1.3191,80.9,2,4,3,2,-0.5105263207109058,-0.47067487319900236,0.9480658117994566,0.3140535153918265,0.9991671219254472,-0.06634595935939212,0.46963060880963725,6.536225388671818,2.553560619627846e-07,Functional,37,6.963931376812333,Scaffold_034,Cluster_022,Train,2024-01-19 05:00:00
Protease_0242,BDBM320290,c1ccc(cc1)C(=O)NC(C)C(=O)N,Protease,Factor_Xa,192.21799999999996,0.2901999999999999,72.19,2,2,3,1,-1.1767756740975421,-1.2659027864940537,0.5774699971551543,0.3140535153918265,-0.7582577898393464,-0.06634595935939212,-0.4885292248583149,7.5931358964270315,4.892517845137519e-08,Functional,37,7.138963021973285,Scaffold_058,Cluster_095,Train,2024-01-19 06:00:00
GPCR_0052,BDBM143892,C1CC(CCC1N)c2ccccc2S,GPCR,Dopamine_D2,207.34200000000004,2.960200000000001,26.02,2,2,1,1,-0.7189676222747561,0.7977171265176948,-1.3869856586574083,0.3140535153918265,-0.7582577898393464,-1.3726528096588775,-0.4885292248583149,8.481819940132134,2.0228926295230482e-09,Enzymatic,25,7.063408364483854,Scaffold_244,Cluster_018,Train,2024-01-19 07:00:00
GPCR_0127,BDBM608072,C1CC(CCC1N)c2ccccc2OC,GPCR,Adrenergic_Beta2,205.30100000000002,2.6801000000000013,35.25,1,2,2,1,-0.7807493092471386,0.5812302584897585,-0.9942647207507601,-0.811212437284188,-0.7582577898393464,-0.7194993845091349,-0.4885292248583149,8.34816268509759,2.2674384578983755e-09,Direct_Binding,37,6.7496689527402305,Scaffold_238,Cluster_046,Train,2024-01-19 08:00:00
GPCR_0001,BDBM838246,C1CN(CCN1)c2ccc(cc2)OCCCCCCC,GPCR,Adrenergic_Beta2,276.424,3.445400000000002,24.5,1,3,8,1,1.3721654004719712,1.1727240110844748,-1.4516590958858056,-0.811212437284188,0.12045466604305038,3.1994211663893215,-0.4885292248583149,8.965961116479466,1.1069831480647963e-09,Functional,25,6.6966535849529585,Scaffold_213,Cluster_035,Train,2024-01-19 09:00:00
Kinase_0368,BDBM464552,c1cc(ccc1N)c2ncnc3c2cc(cc3)N(C)CF,Kinase,VEGFR2,282.32200000000006,3.2422000000000013,55.04,1,4,3,3,1.5506996433740352,1.0156724881166888,-0.1522335873626159,-0.811212437284188,0.9991671219254472,-0.06634595935939212,1.4277904424775893,7.691534860117269,1.5028283550870106e-08,Functional,37,7.326707359741487,Scaffold_275,Cluster_160,Train,2024-01-19 10:00:00
Kinase_0084,BDBM440998,c1ccc(cc1)NC(=O)Nc2ccc(cc2)OCC,Kinase,ABL1,256.30499999999995,3.729300000000001,50.36,2,2,4,2,0.7631571887143281,1.3921478662545248,-0.35135969672373335,0.3140535153918265,-0.7582577898393464,0.5868074657903506,0.46963060880963725,7.370584467258954,5.41162170474009e-08,Direct_Binding,25,6.8577982653254415,Scaffold_226,Cluster_077,Train,2024-01-19 11:00:00
Kinase_0062,BDBM375201,c1cc(ccc1C(=O)N)Nc2nccc(n2)C(=O)O,Kinase,EGFR,258.23699999999997,1.0173000000000003,118.2,3,5,4,2,0.8216394127371809,-0.7039334835911165,2.535117922733149,1.4393194680678412,1.877879577807844,0.5868074657903506,0.46963060880963725,6.183332153500428,6.256835203689365e-07,Functional,25,7.167919998803627,Scaffold_069,Cluster_174,Train,2024-01-19 12:00:00
Protease_0271,BDBM255214,c1cc(ccc1S(=O)(=O)N)CF,Protease,Thrombin,189.21099999999996,0.8035000000000002,60.16,1,2,2,1,-1.26779847308135,-0.869177654902694,0.0656137801435638,-0.811212437284188,-0.7582577898393464,-0.7194993845091349,-0.4885292248583149,7.604327760650855,1.4745291028894882e-08,Enzymatic,37,7.210351500712332,Scaffold_001,Cluster_101,Train,2024-01-19 13:00:00
Kinase_0273,BDBM438756,c1cc(ccc1N)c2ncnc3c2cc(cc3),Kinase,CDK2,221.26300000000003,2.8790000000000004,51.8,1,3,1,3,-0.29757474410595375,0.7349583486388352,-0.2900901246126204,-0.811212437284188,0.12045466604305038,-1.3726528096588775,1.4277904424775893,7.8479985628232445,3.378343562652781e-08,Direct_Binding,20,6.956236508955542,Scaffold_160,Cluster_039,Train,2024-01-19 14:00:00
Kinase_0286,BDBM308376,c1cc(ccc1C(=O)N)Nc2nccc(n2)C,Kinase,VEGFR2,228.255,1.62752,80.9,2,4,3,2,-0.0859247904994419,-0.2322997220487838,0.9480658117994566,0.3140535153918265,0.9991671219254472,-0.06634595935939212,0.46963060880963725,6.459508830071624,1.5024096957578165e-07,Functional,37,6.510131184027744,Scaffold_244,Cluster_029,Train,2024-01-19 15:00:00
Kinase_0361,BDBM669097,c1cc(ccc1C(=O)N)Nc2nccc(n2)OCCC,Kinase,EGFR,272.308,2.1079,90.13000000000001,2,5,6,2,1.2475728362493734,0.13898182619562932,1.3407867497061052,0.3140535153918265,1.877879577807844,1.8931143160898358,0.46963060880963725,6.799490977136177,2.0250779581066977e-07,Direct_Binding,25,6.789244771972655,Scaffold_241,Cluster_172,Train,2024-01-19 16:00:00
Kinase_0355,BDBM141406,c1cc(ccc1N)c2ncnc3c2cc(cc3)Br,Kinase,VEGFR2,300.159,3.6415000000000015,51.8,1,3,1,3,2.090631025307582,1.3242880054446255,-0.2900901246126204,-0.811212437284188,0.12045466604305038,-1.3726528096588775,1.4277904424775893,7.779754568814598,1.9167586600907173e-08,Direct_Binding,25,6.530955790919344,Scaffold_132,Cluster_051,Train,2024-01-19 17:00:00
GPCR_0065,BDBM893679,C1CN(CCN1)c2ccc(cc2)S(=O)(=O)N,GPCR,Serotonin_5HT2A,241.31599999999997,-0.2563999999999994,75.43,2,4,2,1,0.3094356277005955,-1.6883652001465705,0.7153265344051591,0.3140535153918265,0.9991671219254472,-0.7194993845091349,-0.4885292248583149,8.986546395076815,1.1861219480310205e-09,Enzymatic,37,6.556978726997368,Scaffold_066,Cluster_163,Train,2024-01-19 18:00:00
Kinase_0279,BDBM676276,c1cc(ccc1N)c2ncnc3c2cc(cc3)NNC,Kinase,EGFR,265.32000000000005,2.4253,75.86,3,5,3,3,1.0360439638520191,0.3842975416974754,0.7336223094105606,1.4393194680678412,1.877879577807844,-0.06634595935939212,1.4277904424775893,7.508365312748502,3.828855284433667e-08,Functional,37,6.580180014081903,Scaffold_166,Cluster_083,Train,2024-01-19 19:00:00
Kinase_0013,BDBM460317,c1ccc2c(c1)ncc(n2)c3ccccc3,Kinase,ABL1,206.248,3.296800000000001,25.78,0,2,1,3,-0.7520833329792092,1.057872356000749,-1.3971972540092605,-1.9364783899602027,-0.7582577898393464,-1.3726528096588775,1.4277904424775893,7.968318340734905,1.4891375887104522e-08,Functional,25,6.73879621138154,Scaffold_277,Cluster_075,Train,2024-01-19 20:00:00
Kinase_0183,BDBM297132,c1ccc2c(c1)ncc(n2)c3ccccc3F,Kinase,VEGFR2,224.23799999999997,3.435900000000001,25.78,0,2,1,3,-0.20752059479540413,1.1653815432291887,-1.3971972540092605,-1.9364783899602027,-0.7582577898393464,-1.3726528096588775,1.4277904424775893,7.784095125290833,1.199422481403387e-08,Direct_Binding,37,6.563640909286642,Scaffold_188,Cluster_183,Train,2024-01-19 21:00:00
Kinase_0369,BDBM439403,c1ccc(cc1)NC(=O)Nc2ccc(cc2),Kinase,EGFR,212.252,3.3306000000000004,41.13,2,1,2,2,-0.5703404380344854,1.0839960837385003,-0.7440806346303815,0.3140535153918265,-1.6369702457217434,-0.7194993845091349,0.46963060880963725,7.472297414782325,3.388530519906307e-08,Functional,30,7.484013163210465,Scaffold_050,Cluster_022,Train,2024-01-19 22:00:00
Protease_0237,BDBM456342,c1ccc(cc1)C(=O)NC(C)C(=O)C(=O)O,Protease,Thrombin,221.21199999999996,0.4585999999999999,83.47,2,3,4,1,-0.2991185295227083,-1.135747882617208,1.0574149786922067,0.3140535153918265,0.12045466604305038,0.5868074657903506,-0.4885292248583149,8.066689419679472,1.3371483915232079e-08,Direct_Binding,30,7.077353401219668,Scaffold_245,Cluster_091,Train,2024-01-19 23:00:00
GPCR_0176,BDBM193776,C1CC(CCC1N)c2ccccc2N(C)C,GPCR,Adrenergic_Beta2,218.34400000000002,2.7375000000000007,29.259999999999998,1,2,2,1,-0.38593375648830697,0.6255942221627447,-1.249129121407404,-0.811212437284188,-0.7582577898393464,-0.7194993845091349,-0.4885292248583149,8.363609446282963,4.041155007125455e-09,Functional,30,6.611592999957248,Scaffold_253,Cluster_155,Train,2024-01-20 00:00:00
Kinase_0224,BDBM938297,c1ccc(cc1)NC(=O)Nc2ccc(cc2)SCl,Kinase,CDK2,278.764,4.576500000000001,41.13,2,2,3,2,1.442997907828843,2.046941420675331,-0.7440806346303815,0.3140535153918265,-0.7582577898393464,-0.06634595935939212,0.46963060880963725,7.618779619321552,1.5668561620067387e-08,Direct_Binding,25,6.831347007103051,Scaffold_101,Cluster_127,Train,2024-01-20 01:00:00
GPCR_0132,BDBM185321,c1cc(ccc1O)CCNOCSN,GPCR,Adrenergic_Beta2,214.28999999999996,1.0203000000000002,67.50999999999999,3,5,6,1,-0.5086495619689729,-0.7016148095315529,0.37834388779403655,1.4393194680678412,1.877879577807844,1.8931143160898358,-0.4885292248583149,9.0,1e-09,Functional,20,7.127328935090678,Scaffold_065,Cluster_005,Train,2024-01-20 02:00:00
Protease_0077,BDBM618870,CC(C)CC(NC(=O)C)C(=O)NN,Protease,Trypsin,187.24299999999997,-0.4728999999999987,84.22,3,3,4,0,-1.3273704279866154,-1.855696178111755,1.0893262141667448,1.4393194680678412,0.12045466604305038,0.5868074657903506,-1.446689058526267,7.830315450030522,2.4040369413238805e-08,Enzymatic,25,6.727261053559662,Scaffold_113,Cluster_160,Train,2024-01-20 03:00:00
Protease_0299,BDBM406533,CC(C)CC(NC(=O)C)C(=O)NN(C)C,Protease,Factor_Xa,215.29699999999997,0.13000000000000123,61.440000000000005,2,3,5,0,-0.47816736756368694,-1.3897199812747576,0.1200756220201091,0.3140535153918265,0.12045466604305038,1.2399608909400932,-1.446689058526267,7.358863835052297,3.06046043703886e-08,Functional,37,7.201499101465166,Scaffold_264,Cluster_152,Train,2024-01-20 04:00:00
Protease_0171,BDBM267003,c1ccc(cc1)C(=O)NC(C)C(=O)CC(=O)NC(=O)N,Protease,Factor_Xa,277.28,-0.04099999999999954,118.36,3,4,5,1,1.3980767792315785,-1.5218844026698928,2.541925652967717,1.4393194680678412,0.9991671219254472,1.2399608909400932,-0.4885292248583149,8.559134521117342,3.5488389773604856e-09,Enzymatic,37,6.717452932217236,Scaffold_067,Cluster_107,Train,2024-01-20 05:00:00
Protease_0211,BDBM141844,C1CCC(CC1)NC(=O)C(C)NCl,Protease,Thrombin,204.70100000000002,1.5671999999999997,41.13,2,2,3,0,-0.798911490620695,-0.27892052847307947,-0.7440806346303815,0.3140535153918265,-0.7582577898393464,-0.06634595935939212,-1.446689058526267,7.697373525076031,3.409405678334129e-08,Direct_Binding,37,6.8337765970697975,Scaffold_074,Cluster_044,Train,2024-01-20 06:00:00
GPCR_0169,BDBM352603,C1CC(CCC1N)c2ccccc2ON,GPCR,Dopamine_D2,206.28900000000002,1.9240000000000002,61.269999999999996,2,3,2,1,-0.7508422505853487,-0.003152893655629063,0.1128424086458801,0.3140535153918265,0.12045466604305038,-0.7194993845091349,-0.4885292248583149,9.0,1e-09,Direct_Binding,20,7.339180394980299,Scaffold_116,Cluster_094,Train,2024-01-20 07:00:00
Kinase_0177,BDBM779956,c1ccc2c(c1)ncc(n2)c3ccccc3C(=O)N,Kinase,ABL1,249.27299999999997,2.3956999999999993,68.87,1,3,2,3,0.5502964230162453,0.36141995764311236,0.43620959478786614,-0.811212437284188,0.12045466604305038,-0.7194993845091349,1.4277904424775893,7.195459283781687,9.014294095811897e-08,Direct_Binding,25,7.2945782787001905,Scaffold_043,Cluster_065,Train,2024-01-20 08:00:00
Protease_0009,BDBM887331,c1cc(ccc1S(=O)(=O)N)CCl,Protease,Thrombin,205.66599999999997,1.0728000000000002,60.16,1,2,2,1,-0.7697006489115598,-0.661038013489187,0.0656137801435638,-0.811212437284188,-0.7582577898393464,-0.7194993845091349,-0.4885292248583149,7.3657398645486145,5.108257382228745e-08,Direct_Binding,37,6.521846711986202,Scaffold_049,Cluster_050,Train,2024-01-20 09:00:00
Protease_0083,BDBM264592,C1CCC(CC1)NC(=O)C(C)NC(=O)N,Protease,Thrombin,213.281,0.49210000000000037,84.22,3,2,3,0,-0.539192296978836,-1.1098560222854124,1.0893262141667448,1.4393194680678412,-0.7582577898393464,-0.06634595935939212,-1.446689058526267,7.763909677505442,1.1778484879872602e-08,Direct_Binding,37,6.8709737125921695,Scaffold_207,Cluster_132,Train,2024-01-20 10:00:00
GPCR_0146,BDBM250115,C1CC(CCC1N)c2ccccc2C(=O)N,GPCR,Adrenergic_Beta2,218.3,1.7704000000000002,69.11,2,2,2,1,-0.3872656497890348,-0.12186900550529363,0.4464211901397181,0.3140535153918265,-0.7582577898393464,-0.7194993845091349,-0.4885292248583149,8.84575959380872,1e-09,Functional,30,6.966299412939819,Scaffold_145,Cluster_072,Train,2024-01-20 11:00:00
GPCR_0007,BDBM215593,C1CN(CCN1)c2ccc(cc2)NC,GPCR,Adrenergic_Beta2,191.278,1.1378999999999997,27.299999999999997,2,3,2,1,-1.2052297582494464,-0.6107227863966538,-1.3325238167808635,0.3140535153918265,0.12045466604305038,-0.7194993845091349,-0.4885292248583149,8.335263349826457,4.447360419920467e-09,Functional,37,7.397365865790932,Scaffold_054,Cluster_134,Train,2024-01-20 12:00:00
GPCR_0079,BDBM496818,c1cc(ccc1O)CCNS(=O)(=O)NC,GPCR,Serotonin_5HT2A,230.289,-0.01150000000000001,78.43,3,3,5,1,-0.02435499564308526,-1.4990841077508494,0.8429714763033114,1.4393194680678412,0.12045466604305038,1.2399608909400932,-0.4885292248583149,9.0,1e-09,Functional,37,6.6951665172186505,Scaffold_128,Cluster_007,Train,2024-01-20 13:00:00
Kinase_0394,BDBM119629,c1cc(ccc1N)c2ncnc3c2cc(cc3)Br,Kinase,VEGFR2,300.159,3.6415000000000015,51.8,1,3,1,3,2.090631025307582,1.3242880054446255,-0.2900901246126204,-0.811212437284188,0.12045466604305038,-1.3726528096588775,1.4277904424775893,8.057325814878155,1.4455447410858408e-08,Direct_Binding,37,7.126234321421064,Scaffold_116,Cluster_126,Train,2024-01-20 14:00:00
Kinase_0164,BDBM183057,c1ccc2c(c1)ncc(n2)c3ccccc3,Kinase,ABL1,206.248,3.296800000000001,25.78,0,2,1,3,-0.7520833329792092,1.057872356000749,-1.3971972540092605,-1.9364783899602027,-0.7582577898393464,-1.3726528096588775,1.4277904424775893,7.8089216522472435,1.7250407435901852e-08,Functional,30,7.098357484297759,Scaffold_129,Cluster_082,Train,2024-01-20 15:00:00
Kinase_0249,BDBM968485,c1ccc2c(c1)ncc(n2)c3ccccc3,Kinase,EGFR,206.248,3.296800000000001,25.78,0,2,1,3,-0.7520833329792092,1.057872356000749,-1.3971972540092605,-1.9364783899602027,-0.7582577898393464,-1.3726528096588775,1.4277904424775893,8.196842136042164,8.499080585915433e-09,Direct_Binding,25,6.9935465803401184,Scaffold_095,Cluster_043,Train,2024-01-20 16:00:00
GPCR_0195,BDBM660509,C1CC(CCC1N)c2ccccc2CCC,GPCR,Dopamine_D2,217.356,3.6240000000000023,26.02,1,1,3,1,-0.41584081515009774,1.3107624067638375,-1.3869856586574083,-0.811212437284188,-1.6369702457217434,-0.06634595935939212,-0.4885292248583149,8.367357373318452,3.2984647918347985e-09,Direct_Binding,37,7.2752440518349495,Scaffold_155,Cluster_014,Train,2024-01-20 17:00:00
Protease_0275,BDBM331757,CC(C)CC(NC(=O)C)C(=O)NN(C)CO,Protease,Trypsin,231.29599999999996,-0.5499999999999983,81.67,3,4,6,0,0.006127198762199871,-1.915286101442543,0.9808280135533155,1.4393194680678412,0.9991671219254472,1.8931143160898358,-1.446689058526267,7.835173159372728,3.058296529075987e-08,Functional,25,7.1391078469947065,Scaffold_169,Cluster_167,Train,2024-01-20 18:00:00
Protease_0013,BDBM590083,CC(C)CC(NC(=O)C)C(=O)NF,Protease,Thrombin,190.21799999999996,0.5378999999999999,58.2,2,2,4,0,-1.237316278676064,-1.0744575983094058,-0.017780915229895392,0.3140535153918265,-0.7582577898393464,0.5868074657903506,-1.446689058526267,7.125284984697605,5.250744794330253e-08,Direct_Binding,25,7.105896815179483,Scaffold_237,Cluster_062,Train,2024-01-20 19:00:00
Kinase_0376,BDBM268132,c1ccc(cc1)NC(=O)Nc2ccc(cc2)NN(C)C,Kinase,EGFR,270.336,3.219100000000001,56.400000000000006,3,3,4,2,1.1878798001349513,0.9978186978580474,-0.09436788036878661,1.4393194680678412,0.12045466604305038,0.5868074657903506,0.46963060880963725,7.284110865566793,2.414233814173112e-08,Functional,37,6.654145043178487,Scaffold_267,Cluster_180,Train,2024-01-20 20:00:00
Kinase_0413,BDBM678255,c1ccc(cc1)NC(=O)Nc2ccc(cc2)C(C)C,Kinase,ABL1,254.333,4.454000000000002,41.13,2,1,3,2,0.7034641525999069,1.9522622299098116,-0.7440806346303815,0.3140535153918265,-1.6369702457217434,-0.06634595935939212,0.46963060880963725,7.486556874389658,1.1251235624011554e-08,Direct_Binding,37,6.630652343823463,Scaffold_265,Cluster_079,Train,2024-01-20 21:00:00
Kinase_0075,BDBM232552,c1ccc2c(c1)ncc(n2)c3ccccc3,Kinase,EGFR,206.248,3.296800000000001,25.78,0,2,1,3,-0.7520833329792092,1.057872356000749,-1.3971972540092605,-1.9364783899602027,-0.7582577898393464,-1.3726528096588775,1.4277904424775893,7.539062234386538,1.5221760115684354e-08,Enzymatic,37,6.687411944097582,Scaffold_137,Cluster_068,Train,2024-01-20 22:00:00
Kinase_0114,BDBM563324,c1cc(ccc1N)c2ncnc3c2cc(cc3)Cl,Kinase,CDK2,255.70800000000003,3.532400000000001,51.8,1,3,1,3,0.7450858182476416,1.2399655588118228,-0.2900901246126204,-0.811212437284188,0.12045466604305038,-1.3726528096588775,1.4277904424775893,8.202810316872794,1.642780464973261e-08,Enzymatic,37,7.1428819100587075,Scaffold_068,Cluster_115,Train,2024-01-20 23:00:00
GPCR_0129,BDBM875112,C1CC(CCC1N)c2ccccc2O,GPCR,Serotonin_5HT2A,191.27400000000003,2.377100000000001,46.25,2,2,1,1,-1.2053508394586023,0.3470441784738183,-0.5262332671242019,0.3140535153918265,-0.7582577898393464,-1.3726528096588775,-0.4885292248583149,8.898888428914626,1.778938679045277e-09,Enzymatic,20,6.5006533907612996,Scaffold_168,Cluster_111,Train,2024-01-21 00:00:00
GPCR_0119,BDBM147976,C1CN(CCN1)c2ccc(cc2)OCCS,GPCR,Dopamine_D2,238.35599999999997,1.4047999999999998,24.5,2,4,4,1,0.21983553292438268,-0.4044380842307977,-1.4516590958858056,0.3140535153918265,0.9991671219254472,0.5868074657903506,-0.4885292248583149,8.722321714690347,2.260317735955863e-09,Direct_Binding,30,7.056784910928188,Scaffold_217,Cluster_087,Train,2024-01-21 01:00:00
Kinase_0391,BDBM497455,c1cc(ccc1C(=O)N)Nc2nccc(n2),Kinase,VEGFR2,214.228,1.3191,80.9,2,4,3,2,-0.5105263207109058,-0.47067487319900236,0.9480658117994566,0.3140535153918265,0.9991671219254472,-0.06634595935939212,0.46963060880963725,6.537666799297747,2.162671496827228e-07,Direct_Binding,25,7.080467600993696,Scaffold_192,Cluster_011,Train,2024-01-21 02:00:00
Kinase_0105,BDBM770593,c1cc(ccc1C(=O)N)Nc2nccc(n2)C(=O)OC(C)C,Kinase,CDK2,300.31800000000004,1.8843,107.2,2,6,5,2,2.095444003371576,-0.033836680377189565,2.067086469106591,0.3140535153918265,2.7565920336902408,1.2399608909400932,0.46963060880963725,6.5582761432501,2.327504882486564e-07,Functional,37,7.176177562075434,Scaffold_075,Cluster_070,Train,2024-01-21 03:00:00
Kinase_0115,BDBM422823,c1cc(ccc1N)c2ncnc3c2cc(cc3),Kinase,ABL1,221.26300000000003,2.8790000000000004,51.8,1,3,1,3,-0.29757474410595375,0.7349583486388352,-0.2900901246126204,-0.811212437284188,0.12045466604305038,-1.3726528096588775,1.4277904424775893,7.6446698552828325,1.4005348231673578e-08,Direct_Binding,37,7.194150573509831,Scaffold_018,Cluster_169,Train,2024-01-21 04:00:00
Kinase_0418,BDBM529711,c1ccc2c(c1)ncc(n2)c3ccccc3C,Kinase,EGFR,220.27499999999998,3.605220000000002,25.78,0,2,1,3,-0.32748180276774536,1.296247507150968,-1.3971972540092605,-1.9364783899602027,-0.7582577898393464,-1.3726528096588775,1.4277904424775893,8.02926819514393,8.667911759650112e-09,Direct_Binding,30,7.377090581018189,Scaffold_198,Cluster_118,Train,2024-01-21 05:00:00
Protease_0323,BDBM775127,c1ccc(cc1)C(=O)NC(C)C(=O)N(C)C,Protease,Thrombin,220.27199999999996,0.8931,49.410000000000004,1,2,3,1,-0.32757261367461354,-0.7999265896570564,-0.3917805949914814,-0.811212437284188,-0.7582577898393464,-0.06634595935939212,-0.4885292248583149,7.196658814088902,5.1083178135261664e-08,Direct_Binding,25,7.3908321482896335,Scaffold_025,Cluster_169,Train,2024-01-21 06:00:00
GPCR_0008,BDBM572552,C1CC(CCC1N)c2ccccc2OCC,GPCR,Serotonin_5HT2A,219.328,3.0702000000000016,35.25,1,2,3,1,-0.35614777903567474,0.8827351753683665,-0.9942647207507601,-0.811212437284188,-0.7582577898393464,-0.06634595935939212,-0.4885292248583149,8.75047184306868,1.7648301683384993e-09,Functional,37,7.122630533598658,Scaffold_102,Cluster_021,Train,2024-01-21 07:00:00
Kinase_0410,BDBM816412,c1cc(ccc1C(=O)N)Nc2nccc(n2)C(=O)NC(C)COC,Kinase,ABL1,329.3600000000001,1.0838,119.23,3,6,7,2,2.9745541224562966,-0.65253620860412,2.5789426861181814,1.4393194680678412,2.7565920336902408,2.5462677412395784,0.46963060880963725,6.157015825108813,6.686675186728959e-07,Enzymatic,20,7.222143235455906,Scaffold_094,Cluster_086,Train,2024-01-21 08:00:00
Kinase_0093,BDBM665484,c1ccc(cc1)NC(=O)Nc2ccc(cc2)NCS(=O)(=O)N,Kinase,CDK2,320.3740000000001,1.9884999999999993,113.32000000000001,4,4,5,2,2.702545186084996,0.04669859862499113,2.3274821505788217,2.5645854207438554,0.9991671219254472,1.2399608909400932,0.46963060880963725,6.260079035918396,3.590396181155626e-07,Direct_Binding,37,6.641971989760994,Scaffold_008,Cluster_142,Train,2024-01-21 09:00:00
GPCR_0123,BDBM810860,c1ccc2c(c1)OCCn2NS,GPCR,Serotonin_5HT2A,182.24800000000002,1.2347999999999995,24.5,2,4,1,1,-1.4785705879214726,-0.5358296142727444,-1.4516590958858056,0.3140535153918265,0.9991671219254472,-1.3726528096588775,-0.4885292248583149,8.805738768113038,1.2046095353836023e-09,Direct_Binding,25,7.172764614412467,Scaffold_074,Cluster_009,Train,2024-01-21 10:00:00
Kinase_0090,BDBM566453,c1cc(ccc1N)c2ncnc3c2cc(cc3)OCC,Kinase,EGFR,265.31600000000003,3.277700000000001,61.03,1,4,3,3,1.0359228826428615,1.0431101311548598,0.10263081329402814,-0.811212437284188,0.9991671219254472,-0.06634595935939212,1.4277904424775893,7.741193114967003,2.644422114812632e-08,Direct_Binding,30,7.3259782127080815,Scaffold_018,Cluster_034,Train,2024-01-21 11:00:00
Kinase_0337,BDBM343977,c1cc(ccc1N)c2ncnc3c2cc(cc3)Br,Kinase,CDK2,300.159,3.6415000000000015,51.8,1,3,1,3,2.090631025307582,1.3242880054446255,-0.2900901246126204,-0.811212437284188,0.12045466604305038,-1.3726528096588775,1.4277904424775893,7.658782420481125,1.236814809535529e-08,Functional,20,6.840604166581292,Scaffold_122,Cluster_160,Train,2024-01-21 12:00:00
Protease_0336,BDBM605468,c1ccc(cc1)C(=O)NC(C)C(=O)N(C)C,Protease,Thrombin,220.27199999999996,0.8931,49.410000000000004,1,2,3,1,-0.32757261367461354,-0.7999265896570564,-0.3917805949914814,-0.811212437284188,-0.7582577898393464,-0.06634595935939212,-0.4885292248583149,7.606534783684084,3.7130853242236255e-08,Direct_Binding,37,6.601878764139556,Scaffold_083,Cluster_003,Train,2024-01-21 13:00:00
Protease_0267,BDBM723303,c1ccc(cc1)C(=O)NC(C)C(=O)CC,Protease,Thrombin,205.25699999999995,1.784,46.17,1,2,4,1,-0.7820812025478682,-0.11135768310193804,-0.5296371322414859,-0.811212437284188,-0.7582577898393464,0.5868074657903506,-0.4885292248583149,7.110326201874619,2.2256902895250884e-08,Enzymatic,37,6.885058055718962,Scaffold_204,Cluster_147,Train,2024-01-21 14:00:00
Protease_0279,BDBM848476,CC(C)CC(NC(=O)C)C(=O)NOCO,Protease,Trypsin,218.25299999999996,-0.4651999999999997,87.66000000000001,3,4,6,0,-0.3886883539966317,-1.849744914692209,1.23569241420996,1.4393194680678412,0.9991671219254472,1.8931143160898358,-1.446689058526267,7.7178311198028915,1.7716837313136732e-08,Enzymatic,30,6.77913047077427,Scaffold_166,Cluster_005,Train,2024-01-21 15:00:00
GPCR_0166,BDBM605590,c1cc(ccc1O)CCNOCC,GPCR,Serotonin_5HT2A,181.23499999999996,1.4758000000000002,41.489999999999995,2,3,5,1,-1.509234404140496,-0.349562798154455,-0.7287632416026036,0.3140535153918265,0.12045466604305038,1.2399608909400932,-0.4885292248583149,9.0,1e-09,Direct_Binding,37,6.534911552656224,Scaffold_006,Cluster_078,Train,2024-01-21 16:00:00
GPCR_0154,BDBM234072,C1CC(CCC1N)c2ccccc2O,GPCR,Serotonin_5HT2A,191.27400000000003,2.377100000000001,46.25,2,2,1,1,-1.2053508394586023,0.3470441784738183,-0.5262332671242019,0.3140535153918265,-0.7582577898393464,-1.3726528096588775,-0.4885292248583149,8.92449486727628,1.2127468989853772e-09,Direct_Binding,37,6.897865703017427,Scaffold_247,Cluster_098,Train,2024-01-21 17:00:00
GPCR_0172,BDBM278711,C1CC(CCC1N)c2ccccc2CCC,GPCR,Serotonin_5HT2A,217.356,3.6240000000000023,26.02,1,1,3,1,-0.41584081515009774,1.3107624067638375,-1.3869856586574083,-0.811212437284188,-1.6369702457217434,-0.06634595935939212,-0.4885292248583149,8.525578979686278,4.62828108022874e-09,Direct_Binding,37,6.9490387679301255,Scaffold_248,Cluster_052,Train,2024-01-21 18:00:00
Kinase_0095,BDBM719531,c1ccc2c(c1)ncc(n2)c3ccccc3O,Kinase,ABL1,222.24699999999999,3.002400000000001,46.010000000000005,1,3,1,3,-0.26778876665332235,0.8303331416222252,-0.5364448624760538,-0.811212437284188,0.12045466604305038,-1.3726528096588775,1.4277904424775893,7.725409777030177,3.859407842508109e-08,Direct_Binding,37,6.950350978905413,Scaffold_177,Cluster_121,Train,2024-01-21 19:00:00
Kinase_0012,BDBM269868,c1ccc(cc1)NC(=O)Nc2ccc(cc2)Br,Kinase,EGFR,291.148,4.093100000000001,41.13,2,1,2,2,1.8178653313790518,1.6733257405442898,-0.7440806346303815,0.3140535153918265,-1.6369702457217434,-0.7194993845091349,0.46963060880963725,7.496869536964462,2.6790539981995733e-08,Functional,37,7.370578425046007,Scaffold_097,Cluster_098,Train,2024-01-21 20:00:00
Kinase_0397,BDBM481760,c1cc(ccc1N)c2ncnc3c2cc(cc3)SO,Kinase,ABL1,269.329,3.4441000000000006,72.03,2,5,2,3,1.1573976057296653,1.1717192523253293,0.5706622669205863,0.3140535153918265,1.877879577807844,-0.7194993845091349,1.4277904424775893,7.605446820636369,1.24224627577187e-08,Direct_Binding,20,7.493848388899698,Scaffold_208,Cluster_100,Train,2024-01-21 21:00:00
GPCR_0092,BDBM245608,C1CC(CCC1N)c2ccccc2S,GPCR,Dopamine_D2,207.34200000000004,2.960200000000001,26.02,2,2,1,1,-0.7189676222747561,0.7977171265176948,-1.3869856586574083,0.3140535153918265,-0.7582577898393464,-1.3726528096588775,-0.4885292248583149,8.662659737060126,3.8082724356337505e-09,Functional,25,6.696419215872018,Scaffold_232,Cluster_010,Train,2024-01-21 22:00:00
Kinase_0044,BDBM886159,c1ccc2c(c1)ncc(n2)c3ccccc3N,Kinase,ABL1,221.26299999999998,2.8789999999999996,51.8,1,3,1,3,-0.29757474410595547,0.7349583486388346,-0.2900901246126204,-0.811212437284188,0.12045466604305038,-1.3726528096588775,1.4277904424775893,7.628358445661607,2.8554110129244116e-08,Direct_Binding,25,7.406143254765766,Scaffold_110,Cluster_178,Train,2024-01-21 23:00:00
Kinase_0043,BDBM834733,c1ccc2c(c1)ncc(n2)c3ccccc3,Kinase,ABL1,206.248,3.296800000000001,25.78,0,2,1,3,-0.7520833329792092,1.057872356000749,-1.3971972540092605,-1.9364783899602027,-0.7582577898393464,-1.3726528096588775,1.4277904424775893,7.9146767576417645,1.1385988841356337e-08,Functional,30,7.357179256998753,Scaffold_233,Cluster_173,Train,2024-01-22 00:00:00
Kinase_0330,BDBM261395,c1cc(ccc1C(=O)N)Nc2nccc(n2),Kinase,CDK2,214.228,1.3191,80.9,2,4,3,2,-0.5105263207109058,-0.47067487319900236,0.9480658117994566,0.3140535153918265,0.9991671219254472,-0.06634595935939212,0.46963060880963725,6.766680826389642,1.7158139142023305e-07,Direct_Binding,37,6.642594144081909,Scaffold_135,Cluster_070,Train,2024-01-22 01:00:00
Kinase_0168,BDBM641704,c1ccc(cc1)NC(=O)Nc2ccc(cc2)CCC,Kinase,VEGFR2,254.33299999999997,4.283100000000002,41.13,2,1,4,2,0.703464152599906,1.8201750976499957,-0.7440806346303815,0.3140535153918265,-1.6369702457217434,0.5868074657903506,0.46963060880963725,7.891377947398093,1.924314296492042e-08,Functional,37,6.548142835978354,Scaffold_280,Cluster_179,Train,2024-01-22 02:00:00
Kinase_0417,BDBM438270,c1ccc2c(c1)ncc(n2)c3ccccc3CCC,Kinase,CDK2,248.32899999999995,4.2493000000000025,25.78,0,2,3,3,0.5217212576551823,1.7940513699122445,-1.3971972540092605,-1.9364783899602027,-0.7582577898393464,-0.06634595935939212,1.4277904424775893,8.31390979632838,7.514207633847859e-09,Direct_Binding,25,6.775767568251357,Scaffold_226,Cluster_097,Train,2024-01-22 03:00:00
Protease_0222,BDBM208656,CC(C)CC(NC(=O)C)C(=O)NCCC,Protease,Trypsin,214.30899999999994,1.0633999999999997,58.2,2,2,6,0,-0.5080744262254776,-0.6683031922091539,-0.017780915229895392,0.3140535153918265,-0.7582577898393464,1.8931143160898358,-1.446689058526267,7.2326982593050495,6.357739575772896e-08,Direct_Binding,25,7.004132841918438,Scaffold_061,Cluster_086,Train,2024-01-22 04:00:00
Protease_0268,BDBM137480,c1ccc(cc1)C(=O)NC(C)C(=O)C(=O)N,Protease,Factor_Xa,220.22799999999995,-0.14069999999999994,89.26,2,3,4,1,-0.3289045069753414,-1.5989416705827286,1.3037697165556408,0.3140535153918265,0.12045466604305038,0.5868074657903506,-0.4885292248583149,7.651308403513684,1.356675346740563e-08,Enzymatic,25,7.442982784071136,Scaffold_144,Cluster_094,Train,2024-01-22 05:00:00
Protease_0101,BDBM538587,c1ccc(cc1)C(=O)NC(C)C(=O)CCCO,Protease,Factor_Xa,235.28299999999993,1.1464999999999999,66.4,2,3,6,1,0.1268148939894825,-0.6040759207592376,0.3311152592917208,0.3140535153918265,0.12045466604305038,1.8931143160898358,-0.4885292248583149,7.500754704852748,2.4064967920684097e-08,Direct_Binding,37,7.011093821472398,Scaffold_264,Cluster_132,Train,2024-01-22 06:00:00
Kinase_0101,BDBM691380,c1cc(ccc1N)c2ncnc3c2cc(cc3),Kinase,VEGFR2,221.26300000000003,2.8790000000000004,51.8,1,3,1,3,-0.29757474410595375,0.7349583486388352,-0.2900901246126204,-0.811212437284188,0.12045466604305038,-1.3726528096588775,1.4277904424775893,7.461218388692438,2.0581998010222395e-08,Direct_Binding,20,6.971287167398165,Scaffold_173,Cluster_109,Train,2024-01-22 07:00:00
Kinase_0427,BDBM975763,c1cc(ccc1C(=O)N)Nc2nccc(n2)C,Kinase,VEGFR2,228.255,1.62752,80.9,2,4,3,2,-0.0859247904994419,-0.2322997220487838,0.9480658117994566,0.3140535153918265,0.9991671219254472,-0.06634595935939212,0.46963060880963725,6.607583480912984,2.1150454038971392e-07,Functional,37,6.78578355552587,Scaffold_173,Cluster_105,Train,2024-01-22 08:00:00
Protease_0228,BDBM707976,CC(C)CC(NC(=O)C)C(=O)NOCOCC,Protease,Thrombin,246.30699999999993,0.5790000000000002,76.66000000000001,2,4,8,0,0.46051470642629594,-1.0426917636933821,0.7676609605834017,0.3140535153918265,0.9991671219254472,3.1994211663893215,-1.446689058526267,7.325896615290089,5.312358233597283e-08,Enzymatic,37,7.367702097919239,Scaffold_096,Cluster_182,Train,2024-01-22 09:00:00
Protease_0308,BDBM417672,CC(C)CC(NC(=O)C)C(=O)NS,Protease,Trypsin,204.295,0.49820000000000003,58.2,3,3,4,0,-0.811201233350136,-1.1051413850309664,-0.017780915229895392,1.4393194680678412,0.12045466604305038,0.5868074657903506,-1.446689058526267,7.41860817274244,2.2866174222017497e-08,Direct_Binding,30,6.56605530782216,Scaffold_131,Cluster_088,Train,2024-01-22 10:00:00
Protease_0028,BDBM683469,CC(C)CC(NC(=O)C)C(=O)NC(=O)O,Protease,Trypsin,216.23699999999997,0.33140000000000014,95.50000000000001,3,3,4,0,-0.44971328341178163,-1.2340596627427114,1.569271195703798,1.4393194680678412,0.12045466604305038,0.5868074657903506,-1.446689058526267,8.118978010163397,5.132200401332474e-09,Direct_Binding,25,7.426907562145864,Scaffold_175,Cluster_034,Train,2024-01-22 11:00:00
GPCR_0173,BDBM889842,C1CC(CCC1N)c2ccccc2C,GPCR,Dopamine_D2,189.30200000000002,2.9799200000000017,26.02,1,1,1,1,-1.2650438755730253,0.8129585440025612,-1.3869856586574083,-0.811212437284188,-1.6369702457217434,-1.3726528096588775,-0.4885292248583149,8.27724426180478,7.80146101987382e-09,Direct_Binding,25,6.737478556752258,Scaffold_250,Cluster_089,Train,2024-01-22 12:00:00
Kinase_0258,BDBM359168,c1cc(ccc1N)c2ncnc3c2cc(cc3)F,Kinase,EGFR,239.25300000000001,3.0181000000000004,51.8,1,3,1,3,0.24698799407785127,0.8424675358672751,-0.2900901246126204,-0.811212437284188,0.12045466604305038,-1.3726528096588775,1.4277904424775893,7.580078580157183,1.1234451474223995e-08,Functional,25,7.214032644466856,Scaffold_282,Cluster_067,Train,2024-01-22 13:00:00
Kinase_0336,BDBM611540,c1ccc(cc1)NC(=O)Nc2ccc(cc2),Kinase,ABL1,212.252,3.3306000000000004,41.13,2,1,2,2,-0.5703404380344854,1.0839960837385003,-0.7440806346303815,0.3140535153918265,-1.6369702457217434,-0.7194993845091349,0.46963060880963725,7.435587392774679,2.4001417483134396e-08,Enzymatic,30,7.1369023174547435,Scaffold_234,Cluster_142,Train,2024-01-22 14:00:00
Kinase_0016,BDBM432270,c1ccc(cc1)NC(=O)Nc2ccc(cc2),Kinase,VEGFR2,212.252,3.3306000000000004,41.13,2,1,2,2,-0.5703404380344854,1.0839960837385003,-0.7440806346303815,0.3140535153918265,-1.6369702457217434,-0.7194993845091349,0.46963060880963725,7.373302870613855,3.762698670264934e-08,Functional,30,7.272012476309991,Scaffold_050,Cluster_050,Train,2024-01-22 15:00:00
Protease_0169,BDBM978576,c1ccc(cc1)C(=O)NC(C)C(=O)N,Protease,Thrombin,192.21799999999996,0.2901999999999999,72.19,2,2,3,1,-1.1767756740975421,-1.2659027864940537,0.5774699971551543,0.3140535153918265,-0.7582577898393464,-0.06634595935939212,-0.4885292248583149,7.652989177886167,1.1687670233190181e-08,Enzymatic,25,6.911144336479987,Scaffold_176,Cluster_126,Train,2024-01-22 16:00:00
Kinase_0325,BDBM755498,c1cc(ccc1C(=O)N)Nc2nccc(n2)Br,Kinase,ABL1,293.124,2.0816,80.9,2,4,3,2,1.8776794487026316,0.11865478360678701,0.9480658117994566,0.3140535153918265,0.9991671219254472,-0.06634595935939212,0.46963060880963725,6.630609392775043,1.3341863886321866e-07,Direct_Binding,30,7.205585862643825,Scaffold_266,Cluster_073,Train,2024-01-22 17:00:00
Protease_0325,BDBM715656,c1ccc(cc1)C(=O)NC(C)C(=O)NC,Protease,Factor_Xa,206.24499999999998,0.5509,58.2,2,2,3,1,-0.7521741438860774,-1.064410010717963,-0.017780915229895392,0.3140535153918265,-0.7582577898393464,-0.06634595935939212,-0.4885292248583149,7.876240888267051,2.1946198030531478e-08,Enzymatic,30,6.959303688213073,Scaffold_135,Cluster_069,Train,2024-01-22 18:00:00
Kinase_0223,BDBM923892,c1ccc(cc1)NC(=O)Nc2ccc(cc2)N(C)CN,Kinase,CDK2,270.336,2.683,70.39,3,3,4,2,1.1878798001349513,0.5834716434140024,0.500883032016263,1.4393194680678412,0.12045466604305038,0.5868074657903506,0.46963060880963725,7.146637028556177,1.0179000580026916e-07,Functional,25,7.471532690901051,Scaffold_033,Cluster_022,Train,2024-01-22 19:00:00
Kinase_0180,BDBM948097,c1ccc2c(c1)ncc(n2)c3ccccc3C(=O)O,Kinase,VEGFR2,250.25699999999998,2.995,63.08,1,3,2,3,0.5800824004688783,0.8246137456086338,0.18985485692443205,-0.811212437284188,0.12045466604305038,-0.7194993845091349,1.4277904424775893,7.878801374988443,2.3179030781950947e-08,Functional,37,7.49543751619131,Scaffold_188,Cluster_116,Train,2024-01-22 20:00:00
Protease_0331,BDBM496339,CC(C)CC(NC(=O)C)C(=O)NC(C)COC,Protease,Trypsin,244.33499999999995,0.6883000000000001,67.43,2,3,7,0,0.4008216703118738,-0.9582147387899425,0.37494002267675314,0.3140535153918265,0.12045466604305038,2.5462677412395784,-1.446689058526267,7.390320964717765,3.009221974843659e-08,Functional,37,7.33883933676527,Scaffold_219,Cluster_172,Train,2024-01-22 21:00:00
GPCR_0072,BDBM459742,C1CC(CCC1N)c2ccccc2Br,GPCR,Adrenergic_Beta2,254.17100000000002,3.434000000000002,26.02,1,1,1,1,0.6985603636290473,1.1639130496581322,-1.3869856586574083,-0.811212437284188,-1.6369702457217434,-1.3726528096588775,-0.4885292248583149,8.363416730805058,3.925777822201454e-09,Functional,37,7.362202973658189,Scaffold_014,Cluster_022,Train,2024-01-22 22:00:00
Kinase_0023,BDBM514664,c1cc(ccc1C(=O)N)Nc2nccc(n2)SBr,Kinase,ABL1,325.19100000000003,2.7211,80.9,2,5,4,2,2.848357232212365,0.6129188039704622,0.9480658117994566,0.3140535153918265,1.877879577807844,0.5868074657903506,0.46963060880963725,7.051332230703187,1.534884354851057e-07,Functional,25,6.60547369995663,Scaffold_279,Cluster_171,Train,2024-01-22 23:00:00
Kinase_0357,BDBM840951,c1ccc(cc1)NC(=O)Nc2ccc(cc2),Kinase,CDK2,212.252,3.3306000000000004,41.13,2,1,2,2,-0.5703404380344854,1.0839960837385003,-0.7440806346303815,0.3140535153918265,-1.6369702457217434,-0.7194993845091349,0.46963060880963725,7.454869029601142,3.228746394830222e-08,Direct_Binding,20,6.660024936463194,Scaffold_065,Cluster_082,Train,2024-01-23 00:00:00
Protease_0302,BDBM767693,c1ccc(cc1)C(=O)NC(C)C(=O)C(=O)N,Protease,Thrombin,220.22799999999995,-0.14069999999999994,89.26,2,3,4,1,-0.3289045069753414,-1.5989416705827286,1.3037697165556408,0.3140535153918265,0.12045466604305038,0.5868074657903506,-0.4885292248583149,7.765595308835837,2.115537923391115e-08,Functional,25,6.926894727823303,Scaffold_049,Cluster_131,Train,2024-01-23 01:00:00
Protease_0207,BDBM968543,CC(C)CC(NC(=O)C)C(=O)NCl,Protease,Thrombin,206.67299999999997,0.8071999999999999,58.2,2,2,4,0,-0.7392184545062738,-0.866317956895899,-0.017780915229895392,0.3140535153918265,-0.7582577898393464,0.5868074657903506,-1.446689058526267,7.401306554165984,3.524680554637111e-08,Functional,30,7.251798163586933,Scaffold_117,Cluster_030,Train,2024-01-23 02:00:00
Kinase_0341,BDBM775960,c1ccc2c(c1)ncc(n2)c3ccccc3,Kinase,ABL1,206.248,3.296800000000001,25.78,0,2,1,3,-0.7520833329792092,1.057872356000749,-1.3971972540092605,-1.9364783899602027,-0.7582577898393464,-1.3726528096588775,1.4277904424775893,7.808690940665035,1.0081688325402998e-08,Direct_Binding,37,7.177120639735009,Scaffold_235,Cluster_006,Train,2024-01-23 03:00:00
Kinase_0432,BDBM212255,c1cc(ccc1N)c2ncnc3c2cc(cc3),Kinase,CDK2,221.26300000000003,2.8790000000000004,51.8,1,3,1,3,-0.29757474410595375,0.7349583486388352,-0.2900901246126204,-0.811212437284188,0.12045466604305038,-1.3726528096588775,1.4277904424775893,7.367639173335985,2.547453796755241e-08,Functional,37,6.992325480001182,Scaffold_057,Cluster_033,Train,2024-01-23 04:00:00
GPCR_0110,BDBM792299,C1CC(CCC1N)c2ccccc2C(=O)NN(C)C,GPCR,Adrenergic_Beta2,261.369,1.8779000000000003,58.36000000000001,2,3,3,1,0.9164459995071482,-0.03878318503759205,-0.010973184995327116,0.3140535153918265,0.12045466604305038,-0.06634595935939212,-0.4885292248583149,9.0,1e-09,Direct_Binding,25,6.78570756766089,Scaffold_062,Cluster_028,Train,2024-01-23 05:00:00
Protease_0179,BDBM815153,C1CCC(CC1)NC(=O)C(C)NS(=O)(=O)N,Protease,Trypsin,249.336,-0.3830999999999986,101.29,3,3,4,0,0.5522034520604701,-1.7862905345954796,1.8156259335672313,1.4393194680678412,0.12045466604305038,0.5868074657903506,-1.446689058526267,7.931524471048596,1.2633595086066822e-08,Direct_Binding,30,6.816904137720625,Scaffold_282,Cluster_063,Train,2024-01-23 06:00:00
Kinase_0204,BDBM123205,c1ccc2c(c1)ncc(n2)c3ccccc3S,Kinase,ABL1,238.315,3.585500000000001,25.78,1,3,1,3,0.21859445053052395,1.2810060896661015,-1.3971972540092605,-0.811212437284188,0.12045466604305038,-1.3726528096588775,1.4277904424775893,8.357005307805236,9.269234860875365e-09,Enzymatic,37,7.202633773085516,Scaffold_152,Cluster_020,Train,2024-01-23 07:00:00
Protease_0045,BDBM403404,C1CCC(CC1)NC(=O)C(C)NS,Protease,Trypsin,202.32300000000004,1.2581999999999998,41.13,3,3,3,0,-0.8708942694645573,-0.5177439566081469,-0.7440806346303815,1.4393194680678412,0.12045466604305038,-0.06634595935939212,-1.446689058526267,7.786241591515102,1.4433390606967205e-08,Enzymatic,37,7.010460131346441,Scaffold_065,Cluster_046,Train,2024-01-23 08:00:00
Kinase_0094,BDBM285636,c1cc(ccc1C(=O)N)Nc2nccc(n2)C(=O)O,Kinase,CDK2,258.23699999999997,1.0173000000000003,118.2,3,5,4,2,0.8216394127371809,-0.7039334835911165,2.535117922733149,1.4393194680678412,1.877879577807844,0.5868074657903506,0.46963060880963725,6.162031678010336,3.737521562766507e-07,Direct_Binding,25,6.847941411582166,Scaffold_178,Cluster_096,Train,2024-01-23 09:00:00
Protease_0295,BDBM828846,c1cc(ccc1S(=O)(=O)N)CC,Protease,Factor_Xa,185.24799999999996,0.8964000000000002,60.16,1,2,2,1,-1.3877596810536914,-0.7973760481915361,0.0656137801435638,-0.811212437284188,-0.7582577898393464,-0.7194993845091349,-0.4885292248583149,7.638813011448934,2.9064938453848035e-08,Enzymatic,37,6.93913066080485,Scaffold_158,Cluster_017,Train,2024-01-23 10:00:00
Kinase_0069,BDBM340497,c1cc(ccc1N)c2ncnc3c2cc(cc3),Kinase,VEGFR2,221.26300000000003,2.8790000000000004,51.8,1,3,1,3,-0.29757474410595375,0.7349583486388352,-0.2900901246126204,-0.811212437284188,0.12045466604305038,-1.3726528096588775,1.4277904424775893,7.727769403757145,2.0491613419552156e-08,Direct_Binding,37,7.059755683638382,Scaffold_232,Cluster_040,Train,2024-01-23 11:00:00
Protease_0126,BDBM195385,C1CCC(CC1)NC(=O)C(C)NS,Protease,Trypsin,202.32300000000004,1.2581999999999998,41.13,3,3,3,0,-0.8708942694645573,-0.5177439566081469,-0.7440806346303815,1.4393194680678412,0.12045466604305038,-0.06634595935939212,-1.446689058526267,8.020828605409642,1.5102199009926587e-08,Functional,25,7.187769206365735,Scaffold_224,Cluster_147,Train,2024-01-23 12:00:00
Kinase_0285,BDBM413328,c1ccc2c(c1)ncc(n2)c3ccccc3,Kinase,ABL1,206.248,3.296800000000001,25.78,0,2,1,3,-0.7520833329792092,1.057872356000749,-1.3971972540092605,-1.9364783899602027,-0.7582577898393464,-1.3726528096588775,1.4277904424775893,8.25197900619844,8.196013298571823e-09,Enzymatic,25,7.0936607912085385,Scaffold_284,Cluster_061,Train,2024-01-23 13:00:00
Protease_0150,BDBM167961,CC(C)CC(NC(=O)C)C(=O)NCC,Protease,Thrombin,200.28199999999995,0.6732999999999998,58.2,2,2,5,0,-0.9326759564369415,-0.9698081090877616,-0.017780915229895392,0.3140535153918265,-0.7582577898393464,1.2399608909400932,-1.446689058526267,7.515297791520375,5.1059227122815645e-08,Functional,20,7.096142649549897,Scaffold_043,Cluster_023,Train,2024-01-23 14:00:00
Kinase_0435,BDBM203550,c1cc(ccc1C(=O)N)Nc2nccc(n2)CC,Kinase,VEGFR2,242.28199999999998,1.8815000000000002,80.9,2,4,4,2,0.3386767397120219,-0.036000776166115675,0.9480658117994566,0.3140535153918265,0.9991671219254472,0.5868074657903506,0.46963060880963725,6.988514557814405,1.3631865001455832e-07,Direct_Binding,30,7.480739343583429,Scaffold_259,Cluster_020,Train,2024-01-23 15:00:00
Kinase_0154,BDBM362035,c1cc(ccc1N)c2ncnc3c2cc(cc3)OCF,Kinase,ABL1,269.279,3.184800000000001,61.03,1,4,3,3,1.155884090615202,0.9713085244437017,0.10263081329402814,-0.811212437284188,0.9991671219254472,-0.06634595935939212,1.4277904424775893,7.6586000545741495,1.4889918518251102e-08,Functional,30,6.78152119841493,Scaffold_094,Cluster_003,Train,2024-01-23 16:00:00
Kinase_0076,BDBM237654,c1cc(ccc1N)c2ncnc3c2cc(cc3),Kinase,ABL1,221.26300000000003,2.8790000000000004,51.8,1,3,1,3,-0.29757474410595375,0.7349583486388352,-0.2900901246126204,-0.811212437284188,0.12045466604305038,-1.3726528096588775,1.4277904424775893,7.796809375656284,3.955563083929696e-08,Direct_Binding,37,7.3581770531571635,Scaffold_204,Cluster_004,Train,2024-01-23 17:00:00
Protease_0075,BDBM336033,CC(C)CC(NC(=O)C)C(=O)NO,Protease,Trypsin,188.22699999999998,0.042600000000000304,78.43,3,3,4,0,-1.2975844505339824,-1.4572706855433828,0.8429714763033114,1.4393194680678412,0.12045466604305038,0.5868074657903506,-1.446689058526267,7.533503234838282,2.309037850271256e-08,Functional,30,6.998333028294237,Scaffold_262,Cluster_088,Train,2024-01-23 18:00:00
Kinase_0447,BDBM368371,c1cc(ccc1C(=O)N)Nc2nccc(n2),Kinase,CDK2,214.228,1.3191,80.9,2,4,3,2,-0.5105263207109058,-0.47067487319900236,0.9480658117994566,0.3140535153918265,0.9991671219254472,-0.06634595935939212,0.46963060880963725,6.727418736914528,2.2523646988054522e-07,Enzymatic,20,6.562457593619071,Scaffold_100,Cluster_159,Train,2024-01-23 19:00:00
Kinase_0189,BDBM215717,c1ccc2c(c1)ncc(n2)c3ccccc3OC,Kinase,VEGFR2,236.27399999999997,3.3054000000000006,35.010000000000005,0,3,2,3,0.15681276355814144,1.0645192216381647,-1.004476316102612,-1.9364783899602027,0.12045466604305038,-0.7194993845091349,1.4277904424775893,7.737202942289741,2.1343819276009816e-08,Direct_Binding,25,7.169200262938078,Scaffold_073,Cluster_019,Train,2024-01-23 20:00:00
Kinase_0272,BDBM427270,c1cc(ccc1N)c2ncnc3c2cc(cc3)C(=O)OCC,Kinase,VEGFR2,293.3260000000001,3.0557000000000016,78.10000000000001,1,5,3,3,1.883794049765064,0.8715282507471418,0.8289305326945147,-0.811212437284188,1.877879577807844,-0.06634595935939212,1.4277904424775893,7.260263677323085,6.037849157178131e-08,Direct_Binding,30,6.883838883044979,Scaffold_114,Cluster_040,Train,2024-01-23 21:00:00
Kinase_0237,BDBM379449,c1ccc2c(c1)ncc(n2)c3ccccc3,Kinase,ABL1,206.248,3.296800000000001,25.78,0,2,1,3,-0.7520833329792092,1.057872356000749,-1.3971972540092605,-1.9364783899602027,-0.7582577898393464,-1.3726528096588775,1.4277904424775893,7.628252612001359,1.2706466907334202e-08,Direct_Binding,25,7.3025856795798125,Scaffold_009,Cluster_150,Train,2024-01-23 22:00:00
GPCR_0038,BDBM346184,C1CC(CCC1N)c2ccccc2C,GPCR,Dopamine_D2,189.30200000000002,2.9799200000000017,26.02,1,1,1,1,-1.2650438755730253,0.8129585440025612,-1.3869856586574083,-0.811212437284188,-1.6369702457217434,-1.3726528096588775,-0.4885292248583149,8.451360120643985,2.9945733088347784e-09,Functional,37,6.629678978224235,Scaffold_102,Cluster_161,Train,2024-01-23 23:00:00
Kinase_0118,BDBM372427,c1cc(ccc1N)c2ncnc3c2cc(cc3)C(C)CF,Kinase,ABL1,281.33400000000006,3.9520000000000017,51.8,1,3,3,3,1.5207925847122454,1.564270770609475,-0.2900901246126204,-0.811212437284188,0.12045466604305038,-0.06634595935939212,1.4277904424775893,7.65363029435707,2.10029813454513e-08,Functional,37,6.712644376371096,Scaffold_182,Cluster_118,Train,2024-01-24 00:00:00
Protease_0164,BDBM624513,CC(C)CC(NC(=O)C)C(=O)NN(C)C,Protease,Trypsin,215.29699999999997,0.13000000000000123,61.440000000000005,2,3,5,0,-0.47816736756368694,-1.3897199812747576,0.1200756220201091,0.3140535153918265,0.12045466604305038,1.2399608909400932,-1.446689058526267,7.286394168188467,3.999589525330688e-08,Enzymatic,30,7.044801085276099,Scaffold_270,Cluster_162,Train,2024-01-24 01:00:00
GPCR_0063,BDBM609530,C1CC(CCC1N)c2ccccc2CCC,GPCR,Serotonin_5HT2A,217.356,3.6240000000000023,26.02,1,1,3,1,-0.41584081515009774,1.3107624067638375,-1.3869856586574083,-0.811212437284188,-1.6369702457217434,-0.06634595935939212,-0.4885292248583149,8.648017486124834,1.92460123642558e-09,Functional,25,6.80646346804282,Scaffold_078,Cluster_085,Train,2024-01-24 02:00:00
Protease_0264,BDBM370450,CC(C)CC(NC(=O)C)C(=O)NOC,Protease,Trypsin,202.25399999999996,0.2147999999999997,67.43,2,3,5,0,-0.8729829203225186,-1.3241787945244232,0.37494002267675314,0.3140535153918265,0.12045466604305038,1.2399608909400932,-1.446689058526267,7.1664603637558555,6.351131770998667e-08,Functional,37,6.757479216492469,Scaffold_272,Cluster_171,Train,2024-01-24 03:00:00
GPCR_0152,BDBM629149,c1cc(ccc1O)CCNCCOC,GPCR,Adrenergic_Beta2,195.26199999999994,1.1707000000000003,41.489999999999995,2,3,6,1,-1.084632873929032,-0.5853719500120895,-0.7287632416026036,0.3140535153918265,0.12045466604305038,1.8931143160898358,-0.4885292248583149,8.707819375618758,1.4057974039135896e-09,Direct_Binding,37,7.499557703250439,Scaffold_269,Cluster_028,Train,2024-01-24 04:00:00
Kinase_0127,BDBM242921,c1ccc2c(c1)ncc(n2)c3ccccc3N(C)C,Kinase,VEGFR2,249.31699999999998,3.362800000000002,29.020000000000003,0,3,2,3,0.5516283163169731,1.1088831853111523,-1.259340716759256,-1.9364783899602027,0.12045466604305038,-0.7194993845091349,1.4277904424775893,7.781525551230398,1.0828088988689134e-08,Direct_Binding,37,6.760286857566003,Scaffold_025,Cluster_157,Train,2024-01-24 05:00:00
Kinase_0117,BDBM532227,c1cc(ccc1C(=O)N)Nc2nccc(n2)O,Kinase,ABL1,230.227,1.0247,101.13000000000001,3,5,3,2,-0.02623175438501894,-0.6982140875775262,1.8088182033326634,1.4393194680678412,1.877879577807844,-0.06634595935939212,0.46963060880963725,6.519424234544213,6.040705736584388e-07,Functional,25,6.805310676696731,Scaffold_273,Cluster_032,Train,2024-01-24 06:00:00
GPCR_0024,BDBM754753,C1CC(CCC1N)c2ccccc2CC,GPCR,Dopamine_D2,203.329,3.233900000000002,26.02,1,1,2,1,-0.8404423453615616,1.0092574898852296,-1.3869856586574083,-0.811212437284188,-1.6369702457217434,-0.7194993845091349,-0.4885292248583149,8.541321035747465,3.067973052341239e-09,Direct_Binding,25,6.969107211047579,Scaffold_186,Cluster_015,Train,2024-01-24 07:00:00
Protease_0037,BDBM990941,c1cc(ccc1S(=O)(=O)N)CS,Protease,Trypsin,203.28799999999998,0.7638,60.16,2,3,2,1,-0.841683427755422,-0.8998614416242546,0.0656137801435638,0.3140535153918265,0.12045466604305038,-0.7194993845091349,-0.4885292248583149,7.832652321470115,2.6221935568994916e-08,Functional,25,6.779008290347797,Scaffold_277,Cluster_181,Train,2024-01-24 08:00:00
Kinase_0058,BDBM649435,c1cc(ccc1C(=O)N)Nc2nccc(n2)OC,Kinase,ABL1,244.254,1.3277,90.13000000000001,2,5,4,2,0.3983697758264449,-0.46402800756158613,1.3407867497061052,0.3140535153918265,1.877879577807844,0.5868074657903506,0.46963060880963725,6.558245143622317,3.349435472566135e-07,Direct_Binding,37,7.005206773576639,Scaffold_118,Cluster_036,Train,2024-01-24 09:00:00
Protease_0018,BDBM274833,C1CCC(CC1)NC(=O)C(C)NC(C)C,Protease,Thrombin,212.33700000000002,1.8217999999999996,41.13,2,2,4,0,-0.567767462339898,-0.08214238995143494,-0.7440806346303815,0.3140535153918265,-0.7582577898393464,0.5868074657903506,-1.446689058526267,7.611702027316164,3.935418629489259e-08,Enzymatic,37,7.261889894377484,Scaffold_272,Cluster_052,Train,2024-01-24 10:00:00
Protease_0258,BDBM822672,CC(C)CC(NC(=O)C)C(=O)NNC(C)C,Protease,Thrombin,229.32399999999998,0.5664000000000007,70.23,3,3,6,0,-0.05356583735222224,-1.0524301947435497,0.4940753017816951,1.4393194680678412,0.12045466604305038,1.8931143160898358,-1.446689058526267,7.692168779457102,7.787497938097142e-09,Functional,37,7.36799959189509,Scaffold_086,Cluster_021,Train,2024-01-24 11:00:00
Kinase_0370,BDBM867979,c1cc(ccc1C(=O)N)Nc2nccc(n2)C,Kinase,VEGFR2,228.255,1.62752,80.9,2,4,3,2,-0.0859247904994419,-0.2322997220487838,0.9480658117994566,0.3140535153918265,0.9991671219254472,-0.06634595935939212,0.46963060880963725,6.6363705324216795,1.224210059234299e-07,Direct_Binding,30,6.788405437818746,Scaffold_192,Cluster_048,Train,2024-01-24 12:00:00
Kinase_0269,BDBM595793,c1cc(ccc1N)c2ncnc3c2cc(cc3)N(C)CC(=O)N,Kinase,ABL1,307.35700000000014,1.8004999999999998,98.13,2,5,4,3,2.308516661185687,-0.09860497577433755,1.6811732614345105,0.3140535153918265,1.877879577807844,0.5868074657903506,1.4277904424775893,6.731894326995452,1.8056801832562556e-07,Direct_Binding,37,7.103795452949388,Scaffold_082,Cluster_024,Train,2024-01-24 13:00:00
Kinase_0047,BDBM275018,c1cc(ccc1C(=O)N)Nc2nccc(n2)OCCOCC,Kinase,EGFR,302.33400000000006,1.7344000000000002,99.36000000000001,2,6,8,2,2.156468932786727,-0.1496930942200588,1.7335076876127538,0.3140535153918265,2.7565920336902408,3.1994211663893215,0.46963060880963725,6.400956184356031,4.847690930473026e-07,Direct_Binding,37,6.640711528048758,Scaffold_052,Cluster_024,Train,2024-01-24 14:00:00
Kinase_0350,BDBM496119,c1ccc(cc1)NC(=O)Nc2ccc(cc2),Kinase,VEGFR2,212.252,3.3306000000000004,41.13,2,1,2,2,-0.5703404380344854,1.0839960837385003,-0.7440806346303815,0.3140535153918265,-1.6369702457217434,-0.7194993845091349,0.46963060880963725,7.425628927243223,3.450567909831025e-08,Direct_Binding,25,6.527536719869466,Scaffold_085,Cluster_001,Train,2024-01-24 15:00:00
Kinase_0196,BDBM753004,c1ccc(cc1)NC(=O)Nc2ccc(cc2),Kinase,VEGFR2,212.252,3.3306000000000004,41.13,2,1,2,2,-0.5703404380344854,1.0839960837385003,-0.7440806346303815,0.3140535153918265,-1.6369702457217434,-0.7194993845091349,0.46963060880963725,7.515443606959326,3.830562347572926e-08,Functional,20,6.9345959608587115,Scaffold_116,Cluster_111,Train,2024-01-24 16:00:00
Protease_0347,BDBM335206,c1ccc(cc1)C(=O)NC(C)C(=O)Cl,Protease,Trypsin,211.64799999999997,1.5703,46.17,1,2,3,1,-0.5886237006172004,-0.27652456527819663,-0.5296371322414859,-0.811212437284188,-0.7582577898393464,-0.06634595935939212,-0.4885292248583149,7.239035554002666,2.10360042006387e-08,Functional,30,7.082435076888296,Scaffold_078,Cluster_176,Train,2024-01-24 17:00:00
Protease_0180,BDBM809752,CC(C)CC(NC(=O)C)C(=O)NF,Protease,Factor_Xa,190.21799999999996,0.5378999999999999,58.2,2,2,4,0,-1.237316278676064,-1.0744575983094058,-0.017780915229895392,0.3140535153918265,-0.7582577898393464,0.5868074657903506,-1.446689058526267,7.321865905356156,5.106171860014366e-08,Direct_Binding,30,6.766794549433831,Scaffold_277,Cluster_060,Train,2024-01-24 18:00:00
Protease_0311,BDBM112652,c1ccc(cc1)C(=O)NC(C)C(=O)NCBr,Protease,Trypsin,285.14099999999996,1.2735,58.2,2,2,4,1,1.6360316255274592,-0.5059187189043715,-0.017780915229895392,0.3140535153918265,-0.7582577898393464,0.5868074657903506,-0.4885292248583149,7.7528375900051625,1.844634639702421e-08,Direct_Binding,30,6.977867354913136,Scaffold_218,Cluster_054,Train,2024-01-24 19:00:00
Kinase_0264,BDBM908447,c1ccc2c(c1)ncc(n2)c3ccccc3OCC,Kinase,ABL1,250.30099999999996,3.695500000000002,35.010000000000005,0,3,3,3,0.5814142937696053,1.3660241385167735,-1.004476316102612,-1.9364783899602027,0.12045466604305038,-0.06634595935939212,1.4277904424775893,7.7690448537998575,1.040942122272307e-08,Enzymatic,30,6.501565105191473,Scaffold_104,Cluster_013,Train,2024-01-24 20:00:00
Kinase_0444,BDBM754280,c1ccc(cc1)NC(=O)Nc2ccc(cc2)F,Kinase,VEGFR2,230.242,3.4697000000000013,41.13,2,1,2,2,-0.025777699850680437,1.1915052709669407,-0.7440806346303815,0.3140535153918265,-1.6369702457217434,-0.7194993845091349,0.46963060880963725,7.4569829940730825,2.260761045828049e-08,Enzymatic,30,6.939149816633749,Scaffold_143,Cluster_021,Train,2024-01-24 21:00:00
Protease_0019,BDBM754589,c1ccc(cc1)C(=O)NC(C)C(=O)OCC,Protease,Thrombin,221.25599999999994,1.3679999999999999,55.400000000000006,1,3,4,1,-0.2977866362219813,-0.4328804860281131,-0.13691619433483734,-0.811212437284188,0.12045466604305038,0.5868074657903506,-0.4885292248583149,7.650475791200193,2.1237685832863254e-08,Direct_Binding,25,7.393304493788123,Scaffold_026,Cluster_100,Train,2024-01-24 22:00:00
Kinase_0305,BDBM109363,c1ccc2c(c1)ncc(n2)c3ccccc3,Kinase,VEGFR2,206.248,3.296800000000001,25.78,0,2,1,3,-0.7520833329792092,1.057872356000749,-1.3971972540092605,-1.9364783899602027,-0.7582577898393464,-1.3726528096588775,1.4277904424775893,7.9288887609053775,1.6232515764757366e-08,Enzymatic,25,6.8431673531726585,Scaffold_206,Cluster_083,Train,2024-01-24 23:00:00
Kinase_0342,BDBM893454,c1cc(ccc1C(=O)N)Nc2nccc(n2)N,Kinase,CDK2,229.243,0.9013000000000002,106.92,3,5,3,2,-0.056017731837652046,-0.7935888805609154,2.055172941196097,1.4393194680678412,1.877879577807844,-0.06634595935939212,0.46963060880963725,6.450482081723787,3.588540457978597e-07,Direct_Binding,37,7.105779249452691,Scaffold_152,Cluster_161,Train,2024-01-25 00:00:00
GPCR_0194,BDBM242350,c1ccc2c(c1)OCCn2OCCOC,GPCR,Adrenergic_Beta2,209.24499999999995,1.4633999999999998,30.930000000000003,0,4,4,1,-0.6613632370182952,-0.3591466509339855,-1.178073437084099,-1.9364783899602027,0.9991671219254472,0.5868074657903506,-0.4885292248583149,8.317570371225822,3.0102136293202924e-09,Direct_Binding,37,7.024735637661432,Scaffold_200,Cluster_136,Train,2024-01-25 01:00:00
Protease_0314,BDBM856169,c1ccc(cc1)C(=O)NC(C)C(=O)C(C)C,Protease,Trypsin,219.28399999999996,2.0300000000000002,46.17,1,2,4,1,-0.35747967233640343,0.07877358978229058,-0.5296371322414859,-0.811212437284188,-0.7582577898393464,0.5868074657903506,-0.4885292248583149,7.73671530724467,2.2668246904349924e-08,Enzymatic,37,7.162232158329593,Scaffold_268,Cluster_050,Train,2024-01-25 02:00:00
Kinase_0150,BDBM531736,c1ccc2c(c1)ncc(n2)c3ccccc3OCCSS(=O)(=O)N,Kinase,VEGFR2,361.44800000000004,2.6122999999999994,95.17,1,6,6,3,3.9458675823141016,0.528828224743616,1.5552302520950005,-0.811212437284188,2.7565920336902408,1.8931143160898358,1.4277904424775893,7.0239167009849774,9.205257170423798e-08,Enzymatic,30,7.462810357074026,Scaffold_216,Cluster_122,Train,2024-01-25 03:00:00
Kinase_0125,BDBM895128,c1ccc2c(c1)ncc(n2)c3ccccc3C(C)C,Kinase,VEGFR2,248.32899999999998,4.420200000000002,25.78,0,2,2,3,0.5217212576551832,1.9261385021720598,-1.3971972540092605,-1.9364783899602027,-0.7582577898393464,-0.7194993845091349,1.4277904424775893,8.279080564070043,4.836566493021825e-09,Direct_Binding,25,7.288447343253298,Scaffold_244,Cluster_051,Train,2024-01-25 04:00:00
Protease_0221,BDBM230083,CC(C)CC(NC(=O)C)C(=O)NN(C)CS,Protease,Trypsin,247.36399999999998,0.38750000000000023,61.440000000000005,3,4,6,0,0.49251041594604617,-1.190700457828869,0.1200756220201091,1.4393194680678412,0.9991671219254472,1.8931143160898358,-1.446689058526267,7.7569933244475715,6.992145893739931e-09,Enzymatic,30,6.681763597761194,Scaffold_240,Cluster_182,Train,2024-01-25 05:00:00
Protease_0168,BDBM733347,c1ccc(cc1)C(=O)NC(C)C(=O)N,Protease,Factor_Xa,192.21799999999996,0.2901999999999999,72.19,2,2,3,1,-1.1767756740975421,-1.2659027864940537,0.5774699971551543,0.3140535153918265,-0.7582577898393464,-0.06634595935939212,-0.4885292248583149,7.570822183714478,1.558069550121248e-08,Direct_Binding,25,6.713542854490341,Scaffold_165,Cluster_127,Train,2024-01-25 06:00:00
Kinase_0051,BDBM166891,c1ccc2c(c1)ncc(n2)c3ccccc3S(=O)(=O)N,Kinase,ABL1,285.32800000000003,1.944199999999999,85.94,1,4,2,3,1.641692172055553,0.01245951167876607,1.162509314188352,-0.811212437284188,0.9991671219254472,-0.7194993845091349,1.4277904424775893,6.957146595409219,8.964774460389205e-08,Functional,37,7.154292552324962,Scaffold_070,Cluster_155,Train,2024-01-25 07:00:00
Kinase_0354,BDBM362874,c1ccc(cc1)NC(=O)Nc2ccc(cc2)CC,Kinase,CDK2,240.30599999999998,3.8930000000000016,41.13,2,1,3,2,0.27886262238844217,1.5186701807713876,-0.7440806346303815,0.3140535153918265,-1.6369702457217434,-0.06634595935939212,0.46963060880963725,7.524387220505487,3.3186640692325135e-08,Enzymatic,25,6.538996012574912,Scaffold_154,Cluster_181,Train,2024-01-25 08:00:00
Protease_0273,BDBM402441,c1cc(ccc1S(=O)(=O)N)CC(=O)OCCCN,Protease,Factor_Xa,272.32599999999996,-0.23149999999999948,112.47999999999999,2,5,6,1,1.2481177016905793,-1.6691202054521916,2.2917415668473384,0.3140535153918265,1.877879577807844,1.8931143160898358,-0.4885292248583149,8.290933380604132,1.0502491004007091e-08,Direct_Binding,37,7.235920406373949,Scaffold_001,Cluster_048,Train,2024-01-25 09:00:00
Kinase_0143,BDBM726003,c1cc(ccc1C(=O)N)Nc2nccc(n2)C(=O)NCC,Kinase,VEGFR2,285.3070000000001,1.0688,110.0,3,5,5,2,1.6410564957074798,-0.6641295789019389,2.186221748211533,1.4393194680678412,1.877879577807844,1.2399608909400932,0.46963060880963725,5.982343514815816,5.06625477570979e-07,Functional,37,6.780037329550489,Scaffold_039,Cluster_121,Train,2024-01-25 10:00:00
GPCR_0021,BDBM528649,C1CC(CCC1N)c2ccccc2CCO,GPCR,Dopamine_D2,219.328,2.206300000000001,46.25,2,2,3,1,-0.35614777903567474,0.2150343353493216,-0.5262332671242019,0.3140535153918265,-0.7582577898393464,-0.06634595935939212,-0.4885292248583149,8.970859005721197,1.6128140167858494e-09,Functional,37,6.571034889044002,Scaffold_129,Cluster_074,Train,2024-01-25 11:00:00
Kinase_0400,BDBM350385,c1ccc(cc1)NC(=O)Nc2ccc(cc2)C(C)C,Kinase,EGFR,254.333,4.454000000000002,41.13,2,1,3,2,0.7034641525999069,1.9522622299098116,-0.7440806346303815,0.3140535153918265,-1.6369702457217434,-0.06634595935939212,0.46963060880963725,7.90234644679602,2.306617290799244e-08,Direct_Binding,25,7.0693773611822825,Scaffold_285,Cluster_174,Train,2024-01-25 12:00:00
GPCR_0186,BDBM331081,C1CC(CCC1N)c2ccccc2OCC,GPCR,Adrenergic_Beta2,219.328,3.0702000000000016,35.25,1,2,3,1,-0.35614777903567474,0.8827351753683665,-0.9942647207507601,-0.811212437284188,-0.7582577898393464,-0.06634595935939212,-0.4885292248583149,8.641756735486567,1.389876390136212e-09,Functional,30,6.736933324906649,Scaffold_160,Cluster_152,Train,2024-01-25 13:00:00
Kinase_0321,BDBM819265,c1ccc2c(c1)ncc(n2)c3ccccc3,Kinase,EGFR,206.248,3.296800000000001,25.78,0,2,1,3,-0.7520833329792092,1.057872356000749,-1.3971972540092605,-1.9364783899602027,-0.7582577898393464,-1.3726528096588775,1.4277904424775893,7.946573394748908,9.158265078692688e-09,Direct_Binding,37,6.818866818321139,Scaffold_107,Cluster_016,Train,2024-01-25 14:00:00
Kinase_0020,BDBM380465,c1cc(ccc1N)c2ncnc3c2cc(cc3)NC,Kinase,CDK2,250.30500000000004,2.9207,63.83,2,4,2,3,0.5815353749787646,0.7671879180667713,0.2217660923989701,0.3140535153918265,0.9991671219254472,-0.7194993845091349,1.4277904424775893,7.453829444799706,2.6344971682444e-08,Enzymatic,37,7.40922020586156,Scaffold_035,Cluster_114,Train,2024-01-25 15:00:00
Protease_0256,BDBM459077,c1ccc(cc1)C(=O)NC(C)C(=O)F,Protease,Factor_Xa,195.19299999999996,1.301,46.17,1,2,3,1,-1.0867215247869908,-0.48466420669170374,-0.5296371322414859,-0.811212437284188,-0.7582577898393464,-0.06634595935939212,-0.4885292248583149,7.197482226739092,6.431459520990652e-08,Enzymatic,37,6.606711819102355,Scaffold_031,Cluster_048,Train,2024-01-25 16:00:00
Protease_0135,BDBM636174,c1ccc(cc1)C(=O)NC(C)C(=O)N(C)CF,Protease,Factor_Xa,238.26199999999994,1.1903000000000001,49.410000000000004,1,2,4,1,0.21699012450919147,-0.5702232794896064,-0.3917805949914814,-0.811212437284188,-0.7582577898393464,0.5868074657903506,-0.4885292248583149,7.339932624602056,5.4465301144549096e-08,Direct_Binding,30,6.820733582311571,Scaffold_211,Cluster_130,Train,2024-01-25 17:00:00
Protease_0154,BDBM583581,c1ccc(cc1)C(=O)NC(C)C(=O)N,Protease,Factor_Xa,192.21799999999996,0.2901999999999999,72.19,2,2,3,1,-1.1767756740975421,-1.2659027864940537,0.5774699971551543,0.3140535153918265,-0.7582577898393464,-0.06634595935939212,-0.4885292248583149,7.6099651672089275,2.0377451688779e-08,Direct_Binding,20,6.530353805533005,Scaffold_072,Cluster_002,Train,2024-01-25 18:00:00
Kinase_0408,BDBM299092,c1cc(ccc1C(=O)N)Nc2nccc(n2)C,Kinase,VEGFR2,228.255,1.62752,80.9,2,4,3,2,-0.0859247904994419,-0.2322997220487838,0.9480658117994566,0.3140535153918265,0.9991671219254472,-0.06634595935939212,0.46963060880963725,6.730965077246806,1.5030231388339818e-07,Direct_Binding,30,7.464028847165514,Scaffold_074,Cluster_021,Train,2024-01-25 19:00:00
GPCR_0088,BDBM832229,C1CC(CCC1N)c2ccccc2C(C)C,GPCR,Serotonin_5HT2A,217.35600000000002,3.794900000000002,26.02,1,1,2,1,-0.41584081515009685,1.4428495390236529,-1.3869856586574083,-0.811212437284188,-1.6369702457217434,-0.7194993845091349,-0.4885292248583149,8.545876486705131,2.405780539649703e-09,Direct_Binding,25,6.82823310567834,Scaffold_247,Cluster_046,Train,2024-01-25 20:00:00
GPCR_0181,BDBM268018,C1CC(CCC1N)c2ccccc2NCCC,GPCR,Serotonin_5HT2A,232.371,3.493400000000002,38.05,2,2,4,1,0.038667773723156836,1.209822796037495,-0.8751294416458181,0.3140535153918265,-0.7582577898393464,0.5868074657903506,-0.4885292248583149,9.0,1e-09,Functional,25,7.301445776222954,Scaffold_083,Cluster_051,Train,2024-01-25 21:00:00
Kinase_0039,BDBM346024,c1ccc(cc1)NC(=O)Nc2ccc(cc2)C(=O)N,Kinase,EGFR,255.277,2.429499999999999,84.22,3,2,3,2,0.7320393179609689,0.387543685380864,1.0893262141667448,1.4393194680678412,-0.7582577898393464,-0.06634595935939212,0.46963060880963725,6.519903092665235,1.0660995370000146e-07,Direct_Binding,25,6.6579548228353485,Scaffold_125,Cluster_068,Train,2024-01-25 22:00:00
Kinase_0176,BDBM398505,c1ccc(cc1)NC(=O)Nc2ccc(cc2)CC,Kinase,VEGFR2,240.30599999999998,3.8930000000000016,41.13,2,1,3,2,0.27886262238844217,1.5186701807713876,-0.7440806346303815,0.3140535153918265,-1.6369702457217434,-0.06634595935939212,0.46963060880963725,7.672455487355404,3.3752376081003115e-08,Direct_Binding,30,6.739510169909538,Scaffold_201,Cluster_037,Train,2024-01-25 23:00:00
Kinase_0246,BDBM362227,c1ccc2c(c1)ncc(n2)c3ccccc3,Kinase,CDK2,206.248,3.296800000000001,25.78,0,2,1,3,-0.7520833329792092,1.057872356000749,-1.3971972540092605,-1.9364783899602027,-0.7582577898393464,-1.3726528096588775,1.4277904424775893,7.881848814623858,1.301391500214347e-08,Enzymatic,37,6.845223142801692,Scaffold_082,Cluster_139,Train,2024-01-26 00:00:00
Protease_0286,BDBM419544,CC(C)CC(NC(=O)C)C(=O)NCl,Protease,Factor_Xa,206.67299999999997,0.8071999999999999,58.2,2,2,4,0,-0.7392184545062738,-0.866317956895899,-0.017780915229895392,0.3140535153918265,-0.7582577898393464,0.5868074657903506,-1.446689058526267,7.711721147442455,2.7198291841342e-08,Functional,25,7.475601919156652,Scaffold_215,Cluster_148,Train,2024-01-26 01:00:00
Protease_0011,BDBM573431,c1ccc(cc1)C(=O)NC(C)C(=O)N(C)CCCC,Protease,Thrombin,262.35299999999995,2.0634,49.410000000000004,1,2,6,1,0.9462319769597788,0.10458816097876704,-0.3917805949914814,-0.811212437284188,-0.7582577898393464,1.8931143160898358,-0.4885292248583149,7.350765264856895,5.373045469346066e-08,Functional,37,6.63443342736955,Scaffold_201,Cluster_049,Train,2024-01-26 02:00:00
Protease_0099,BDBM784829,C1CCC(CC1)NC(=O)C(C)NBr,Protease,Factor_Xa,249.15200000000002,1.7232999999999998,41.13,2,2,3,0,0.5466337164392461,-0.15827218824044498,-0.7440806346303815,0.3140535153918265,-0.7582577898393464,-0.06634595935939212,-1.446689058526267,7.584361223443641,1.5419030924791753e-08,Enzymatic,37,6.509087034951216,Scaffold_100,Cluster_180,Train,2024-01-26 03:00:00
Protease_0204,BDBM407194,C1CCC(CC1)NC(=O)C(C)NBr,Protease,Trypsin,249.15200000000002,1.7232999999999998,41.13,2,2,3,0,0.5466337164392461,-0.15827218824044498,-0.7440806346303815,0.3140535153918265,-0.7582577898393464,-0.06634595935939212,-1.446689058526267,7.639528903533244,2.8952150697079616e-08,Direct_Binding,25,7.109681908275777,Scaffold_128,Cluster_032,Train,2024-01-26 04:00:00
Kinase_0155,BDBM271200,c1cc(ccc1C(=O)N)Nc2nccc(n2)NC,Kinase,ABL1,243.27,1.3608,92.93,3,5,4,2,0.36858379837381267,-0.43844530377106605,1.459922028811047,1.4393194680678412,1.877879577807844,0.5868074657903506,0.46963060880963725,6.708540870994802,1.8767428264336224e-07,Direct_Binding,25,7.372753839566128,Scaffold_180,Cluster_180,Train,2024-01-26 05:00:00
Kinase_0288,BDBM154617,c1cc(ccc1N)c2ncnc3c2cc(cc3),Kinase,EGFR,221.26300000000003,2.8790000000000004,51.8,1,3,1,3,-0.29757474410595375,0.7349583486388352,-0.2900901246126204,-0.811212437284188,0.12045466604305038,-1.3726528096588775,1.4277904424775893,7.761771580972687,1.5103317508152676e-08,Functional,20,7.413286947576236,Scaffold_037,Cluster_020,Train,2024-01-26 06:00:00
Protease_0096,BDBM203099,c1ccc(cc1)C(=O)NC(C)C(=O)NC,Protease,Thrombin,206.24499999999998,0.5509,58.2,2,2,3,1,-0.7521741438860774,-1.064410010717963,-0.017780915229895392,0.3140535153918265,-0.7582577898393464,-0.06634595935939212,-0.4885292248583149,7.56298649131085,1.1023146697802187e-08,Direct_Binding,37,6.724382979799795,Scaffold_116,Cluster_049,Train,2024-01-26 07:00:00
GPCR_0120,BDBM946785,C1CN(CCN1)c2ccc(cc2)C(=O)O,GPCR,Serotonin_5HT2A,206.24499999999998,0.7943999999999996,52.57000000000001,2,3,2,1,-0.7521741438860774,-0.8762109662167046,-0.2573279228587609,0.3140535153918265,0.12045466604305038,-0.7194993845091349,-0.4885292248583149,8.756685653941622,1.615138065652611e-09,Direct_Binding,20,7.345120851496035,Scaffold_142,Cluster_048,Train,2024-01-26 08:00:00
Protease_0088,BDBM658540,C1CCC(CC1)NC(=O)C(C)NF,Protease,Factor_Xa,188.246,1.2978999999999998,41.13,2,2,3,0,-1.2970093147904853,-0.48706016988658635,-0.7440806346303815,0.3140535153918265,-0.7582577898393464,-0.06634595935939212,-1.446689058526267,7.441207870501441,3.811460908706493e-08,Functional,30,6.931807095107777,Scaffold_072,Cluster_083,Train,2024-01-26 09:00:00
Kinase_0018,BDBM405509,c1ccc(cc1)NC(=O)Nc2ccc(cc2)C(C)COC,Kinase,CDK2,284.35900000000004,4.080500000000002,50.36,2,2,5,2,1.6123602491372593,1.6635873094941227,-0.35135969672373335,0.3140535153918265,-0.7582577898393464,1.2399608909400932,0.46963060880963725,7.51227409988929,2.6377695073057937e-08,Direct_Binding,25,6.565204591260492,Scaffold_206,Cluster_059,Train,2024-01-26 10:00:00
Kinase_0128,BDBM460589,c1ccc(cc1)NC(=O)Nc2ccc(cc2)OC,Kinase,ABL1,242.278,3.339200000000001,50.36,2,2,3,2,0.3385556585028652,1.0906429493759167,-0.35135969672373335,0.3140535153918265,-0.7582577898393464,-0.06634595935939212,0.46963060880963725,7.304899340559585,3.122670934576596e-08,Direct_Binding,37,7.40719503070583,Scaffold_064,Cluster_042,Train,2024-01-26 11:00:00
Kinase_0323,BDBM454861,c1cc(ccc1N)c2ncnc3c2cc(cc3),Kinase,CDK2,221.26300000000003,2.8790000000000004,51.8,1,3,1,3,-0.29757474410595375,0.7349583486388352,-0.2900901246126204,-0.811212437284188,0.12045466604305038,-1.3726528096588775,1.4277904424775893,7.55079089751498,1.704569993879666e-08,Direct_Binding,25,6.871172423437628,Scaffold_078,Cluster_102,Train,2024-01-26 12:00:00
Kinase_0256,BDBM908688,c1cc(ccc1C(=O)N)Nc2nccc(n2)NC,Kinase,VEGFR2,243.27,1.3608,92.93,3,5,4,2,0.36858379837381267,-0.43844530377106605,1.459922028811047,1.4393194680678412,1.877879577807844,0.5868074657903506,0.46963060880963725,6.591944889070062,1.7559757228584182e-07,Enzymatic,37,6.911021075265546,Scaffold_106,Cluster_163,Train,2024-01-26 13:00:00
Protease_0001,BDBM462072,CC(C)CC(NC(=O)C)C(=O)NCCBr,Protease,Factor_Xa,279.17799999999994,1.0483000000000002,58.2,2,2,6,0,1.455529812976595,-0.6799738516422911,-0.017780915229895392,0.3140535153918265,-0.7582577898393464,1.8931143160898358,-1.446689058526267,7.2302240769456425,5.250569716880257e-08,Direct_Binding,37,7.2096713435045245,Scaffold_228,Cluster_152,Train,2024-01-26 14:00:00
Protease_0312,BDBM372022,c1ccc(cc1)C(=O)NC(C)C(=O)C(=O)O,Protease,Trypsin,221.21199999999996,0.4585999999999999,83.47,2,3,4,1,-0.2991185295227083,-1.135747882617208,1.0574149786922067,0.3140535153918265,0.12045466604305038,0.5868074657903506,-0.4885292248583149,7.843091717882469,1.8894308415508878e-08,Direct_Binding,30,6.855283974236922,Scaffold_073,Cluster_076,Train,2024-01-26 15:00:00
Kinase_0191,BDBM577461,c1ccc2c(c1)ncc(n2)c3ccccc3F,Kinase,CDK2,224.23799999999997,3.435900000000001,25.78,0,2,1,3,-0.20752059479540413,1.1653815432291887,-1.3971972540092605,-1.9364783899602027,-0.7582577898393464,-1.3726528096588775,1.4277904424775893,7.877751757189946,1.2753773646975321e-08,Direct_Binding,25,7.378978900282267,Scaffold_142,Cluster_154,Train,2024-01-26 16:00:00
Kinase_0116,BDBM483551,c1cc(ccc1C(=O)N)Nc2nccc(n2)OCC,Kinase,ABL1,258.28099999999995,1.7178000000000002,90.13000000000001,2,5,5,2,0.8229713060379078,-0.16252309068297824,1.3407867497061052,0.3140535153918265,1.877879577807844,1.2399608909400932,0.46963060880963725,6.708340101350042,2.500940191461198e-07,Direct_Binding,37,7.012654753145053,Scaffold_168,Cluster_106,Train,2024-01-26 17:00:00
GPCR_0177,BDBM210592,c1cc(ccc1O)CCNC(=O)N,GPCR,Serotonin_5HT2A,180.20699999999997,0.6030000000000002,75.35,3,2,3,1,-1.540352274893856,-1.024142371216872,0.7119226692878745,1.4393194680678412,-0.7582577898393464,-0.06634595935939212,-0.4885292248583149,9.0,1e-09,Direct_Binding,37,7.108319500007772,Scaffold_006,Cluster_130,Train,2024-01-26 18:00:00
GPCR_0157,BDBM191320,C1CC(CCC1N)c2ccccc2C,GPCR,Adrenergic_Beta2,189.30200000000002,2.9799200000000017,26.02,1,1,1,1,-1.2650438755730253,0.8129585440025612,-1.3869856586574083,-0.811212437284188,-1.6369702457217434,-1.3726528096588775,-0.4885292248583149,8.418031797316187,3.347360548066644e-09,Functional,30,6.53046368630896,Scaffold_061,Cluster_164,Train,2024-01-26 19:00:00
Kinase_0181,BDBM381880,c1ccc(cc1)NC(=O)Nc2ccc(cc2)C(C)C,Kinase,CDK2,254.333,4.454000000000002,41.13,2,1,3,2,0.7034641525999069,1.9522622299098116,-0.7440806346303815,0.3140535153918265,-1.6369702457217434,-0.06634595935939212,0.46963060880963725,7.810524102164752,3.445051308875983e-08,Functional,20,7.3556960938375395,Scaffold_267,Cluster_074,Train,2024-01-26 20:00:00
Kinase_0302,BDBM515035,c1cc(ccc1C(=O)N)Nc2nccc(n2),Kinase,ABL1,214.228,1.3191,80.9,2,4,3,2,-0.5105263207109058,-0.47067487319900236,0.9480658117994566,0.3140535153918265,0.9991671219254472,-0.06634595935939212,0.46963060880963725,6.588401843970455,3.390967995390848e-07,Direct_Binding,37,6.543739072308948,Scaffold_160,Cluster_056,Train,2024-01-26 21:00:00
Protease_0104,BDBM767331,CC(C)CC(NC(=O)C)C(=O)NCl,Protease,Factor_Xa,206.67299999999997,0.8071999999999999,58.2,2,2,4,0,-0.7392184545062738,-0.866317956895899,-0.017780915229895392,0.3140535153918265,-0.7582577898393464,0.5868074657903506,-1.446689058526267,7.445565113089815,4.880785597336755e-08,Direct_Binding,30,7.071199183962913,Scaffold_269,Cluster_110,Train,2024-01-26 22:00:00
Protease_0057,BDBM538493,c1ccc(cc1)C(=O)NC(C)C(=O)NCNC,Protease,Factor_Xa,235.28699999999998,0.09799999999999992,70.23,3,3,5,1,0.126935975198641,-1.4144525045767722,0.4940753017816951,1.4393194680678412,0.12045466604305038,1.2399608909400932,-0.4885292248583149,7.690552538826711,9.167639605234798e-09,Direct_Binding,20,7.448369552788919,Scaffold_053,Cluster_065,Train,2024-01-26 23:00:00
Protease_0068,BDBM898756,c1ccc(cc1)C(=O)NC(C)C(=O)NC,Protease,Thrombin,206.24499999999998,0.5509,58.2,2,2,3,1,-0.7521741438860774,-1.064410010717963,-0.017780915229895392,0.3140535153918265,-0.7582577898393464,-0.06634595935939212,-0.4885292248583149,7.569098017242926,1.9681744905234882e-08,Direct_Binding,20,6.787511199383759,Scaffold_242,Cluster_089,Train,2024-01-27 00:00:00
Protease_0029,BDBM880195,C1CCC(CC1)NC(=O)C(C)NNCOCC,Protease,Factor_Xa,243.351,0.9120000000000003,62.39,3,4,7,0,0.3710356928592424,-0.7853189430818045,0.16049652028785713,1.4393194680678412,0.9991671219254472,2.5462677412395784,-1.446689058526267,7.610969308373261,1.3120087463168229e-08,Enzymatic,37,7.462058498941351,Scaffold_119,Cluster_062,Train,2024-01-27 01:00:00
Protease_0124,BDBM594837,c1cc(ccc1S(=O)(=O)N)CC(=O)NNC,Protease,Trypsin,243.28799999999998,-0.8728999999999998,101.28999999999999,3,4,4,1,0.3691286638150185,-2.164852719386924,1.8156259335672307,1.4393194680678412,0.9991671219254472,0.5868074657903506,-0.4885292248583149,7.858444140299021,4.933354657018205e-09,Functional,37,6.8209970456408975,Scaffold_225,Cluster_136,Train,2024-01-27 02:00:00
GPCR_0068,BDBM550314,C1CN(CCN1)c2ccc(cc2)C(=O)N,GPCR,Serotonin_5HT2A,205.26099999999997,0.19509999999999972,58.36,2,3,2,1,-0.7819601213387105,-1.3394047541822254,-0.010973184995327418,0.3140535153918265,0.12045466604305038,-0.7194993845091349,-0.4885292248583149,8.36677511426663,1.717237609578329e-09,Enzymatic,25,7.225006076299119,Scaffold_153,Cluster_002,Train,2024-01-27 03:00:00
Protease_0332,BDBM608817,c1ccc(cc1)C(=O)NC(C)C(=O)NCl,Protease,Factor_Xa,226.66299999999998,1.0749,58.2,2,2,3,1,-0.13411511174394583,-0.6594149416474926,-0.017780915229895392,0.3140535153918265,-0.7582577898393464,-0.06634595935939212,-0.4885292248583149,7.743633489106865,1.49790937212795e-08,Functional,25,7.377120467662288,Scaffold_064,Cluster_168,Train,2024-01-27 04:00:00
Kinase_0046,BDBM320800,c1cc(ccc1N)c2ncnc3c2cc(cc3)CCC,Kinase,EGFR,263.344,3.831500000000002,51.8,1,3,3,3,0.9762298465284377,1.4711373625503308,-0.2900901246126204,-0.811212437284188,0.12045466604305038,-0.06634595935939212,1.4277904424775893,7.7147603687407935,1.2486090932572021e-08,Enzymatic,30,7.483521472715222,Scaffold_278,Cluster_175,Train,2024-01-27 05:00:00
Protease_0255,BDBM372629,CC(C)CC(NC(=O)C)C(=O)NOCC(=O)N,Protease,Thrombin,245.27899999999994,-0.9296999999999978,110.52,3,4,7,0,0.42939683567293585,-2.208752948247996,2.2083468714738794,1.4393194680678412,0.9991671219254472,2.5462677412395784,-1.446689058526267,8.042307350339911,2.6778645353381537e-08,Direct_Binding,37,6.967260996007503,Scaffold_233,Cluster_065,Train,2024-01-27 06:00:00
Kinase_0158,BDBM777370,c1ccc2c(c1)ncc(n2)c3ccccc3NS(=O)(=O)NF,Kinase,CDK2,318.333,2.427599999999999,83.98,2,4,4,3,2.6407634991126128,0.38607519180980693,1.0791146188148928,0.3140535153918265,0.9991671219254472,0.5868074657903506,1.4277904424775893,7.086308938136767,1.4841035553723423e-07,Direct_Binding,37,7.04069847664491,Scaffold_079,Cluster_073,Train,2024-01-27 07:00:00
Protease_0089,BDBM970177,c1cc(ccc1S(=O)(=O)N)CBr,Protease,Factor_Xa,250.11699999999996,1.2289,60.16,1,2,2,1,0.5758445581483813,-0.5403896732565526,0.0656137801435638,-0.811212437284188,-0.7582577898393464,-0.7194993845091349,-0.4885292248583149,7.519263597807812,1.7922867693167955e-08,Functional,25,7.2817798259287265,Scaffold_037,Cluster_042,Train,2024-01-27 08:00:00
Kinase_0172,BDBM946803,c1cc(ccc1N)c2ncnc3c2cc(cc3)OC,Kinase,VEGFR2,251.28900000000002,2.887600000000001,61.03,1,4,2,3,0.6113213524313968,0.7416052142762517,0.10263081329402814,-0.811212437284188,0.9991671219254472,-0.7194993845091349,1.4277904424775893,7.483350457255185,2.1064819709957297e-08,Functional,37,7.093221570107384,Scaffold_175,Cluster_017,Train,2024-01-27 09:00:00
Kinase_0017,BDBM784733,c1cc(ccc1N)c2ncnc3c2cc(cc3)SS(=O)(=O)N,Kinase,CDK2,332.4100000000001,2.1746,111.96,2,6,3,3,3.0668785444385414,0.1905336794532636,2.2696164435849924,0.3140535153918265,2.7565920336902408,-0.06634595935939212,1.4277904424775893,6.760845331949836,9.887921160527409e-08,Enzymatic,37,6.52716742122556,Scaffold_140,Cluster_016,Train,2024-01-27 10:00:00
GPCR_0062,BDBM378749,c1cc(ccc1O)CCNC(=O)N,GPCR,Adrenergic_Beta2,180.20699999999997,0.6030000000000002,75.35,3,2,3,1,-1.540352274893856,-1.024142371216872,0.7119226692878745,1.4393194680678412,-0.7582577898393464,-0.06634595935939212,-0.4885292248583149,9.0,1.00081283890162e-09,Functional,37,6.959584057213623,Scaffold_021,Cluster_017,Train,2024-01-27 11:00:00
Kinase_0049,BDBM208013,c1ccc2c(c1)ncc(n2)c3ccccc3S,Kinase,EGFR,238.315,3.585500000000001,25.78,1,3,1,3,0.21859445053052395,1.2810060896661015,-1.3971972540092605,-0.811212437284188,0.12045466604305038,-1.3726528096588775,1.4277904424775893,8.250477743435269,8.558698704789553e-09,Direct_Binding,37,6.684224839238026,Scaffold_196,Cluster_127,Train,2024-01-27 12:00:00
Protease_0319,BDBM600143,C1CCC(CC1)NC(=O)C(C)NC(=O)O,Protease,Trypsin,214.26500000000001,1.0914,78.43,3,2,3,0,-0.5094063195262029,-0.6466622343198919,0.8429714763033114,1.4393194680678412,-0.7582577898393464,-0.06634595935939212,-1.446689058526267,8.082414305405642,7.920117232887677e-09,Functional,20,7.155509971846112,Scaffold_131,Cluster_089,Train,2024-01-27 13:00:00
Protease_0186,BDBM921079,C1CCC(CC1)NC(=O)C(C)NS(=O)(=O)NN(C)C,Protease,Thrombin,292.4050000000001,-0.2755999999999976,90.54,3,4,6,0,1.8559151013566548,-1.7032047141277773,1.3582315584321858,1.4393194680678412,0.9991671219254472,1.8931143160898358,-1.446689058526267,7.968770365393195,1.2958309743416542e-08,Direct_Binding,30,7.187234343460683,Scaffold_058,Cluster_016,Train,2024-01-27 14:00:00
GPCR_0066,BDBM453401,C1CC(CCC1N)c2ccccc2C(C)C,GPCR,Dopamine_D2,217.35600000000002,3.794900000000002,26.02,1,1,2,1,-0.41584081515009685,1.4428495390236529,-1.3869856586574083,-0.811212437284188,-1.6369702457217434,-0.7194993845091349,-0.4885292248583149,8.440493456143875,4.688360698173324e-09,Enzymatic,25,6.91860727491833,Scaffold_239,Cluster_159,Train,2024-01-27 15:00:00
Protease_0030,BDBM614595,c1cc(ccc1S(=O)(=O)N)CNC,Protease,Thrombin,200.26299999999998,0.05340000000000017,72.19,2,3,3,1,-0.9332510921804368,-1.4489234589289532,0.5774699971551543,0.3140535153918265,0.12045466604305038,-0.06634595935939212,-0.4885292248583149,7.865990568787661,1.3099246165079733e-08,Enzymatic,37,7.008959040422048,Scaffold_219,Cluster_111,Train,2024-01-27 16:00:00
GPCR_0031,BDBM496077,C1CC(CCC1N)c2ccccc2C(C)C,GPCR,Dopamine_D2,217.35600000000002,3.794900000000002,26.02,1,1,2,1,-0.41584081515009685,1.4428495390236529,-1.3869856586574083,-0.811212437284188,-1.6369702457217434,-0.7194993845091349,-0.4885292248583149,8.397975011850006,3.3129574275677313e-09,Direct_Binding,37,7.467761465269562,Scaffold_087,Cluster_021,Train,2024-01-27 17:00:00
Kinase_0284,BDBM769536,c1ccc(cc1)NC(=O)Nc2ccc(cc2),Kinase,ABL1,212.252,3.3306000000000004,41.13,2,1,2,2,-0.5703404380344854,1.0839960837385003,-0.7440806346303815,0.3140535153918265,-1.6369702457217434,-0.7194993845091349,0.46963060880963725,7.271973675175973,6.276846969825772e-08,Enzymatic,25,6.861919990837865,Scaffold_250,Cluster_173,Train,2024-01-27 18:00:00
Protease_0079,BDBM586449,c1cc(ccc1S(=O)(=O)N)CC,Protease,Factor_Xa,185.24799999999996,0.8964000000000002,60.16,1,2,2,1,-1.3877596810536914,-0.7973760481915361,0.0656137801435638,-0.811212437284188,-0.7582577898393464,-0.7194993845091349,-0.4885292248583149,7.153233519822824,2.9606163068487302e-08,Functional,20,7.194970133121476,Scaffold_150,Cluster_115,Train,2024-01-27 19:00:00
GPCR_0215,BDBM500189,C1CN(CCN1)c2ccc(cc2)OO,GPCR,Dopamine_D2,194.23399999999998,0.9479999999999997,44.730000000000004,2,4,2,1,-1.1157507446823913,-0.7574948543670399,-0.5909067043525988,0.3140535153918265,0.9991671219254472,-0.7194993845091349,-0.4885292248583149,8.661445427132477,1.4645670751100112e-09,Direct_Binding,25,7.206246162555262,Scaffold_116,Cluster_004,Train,2024-01-27 20:00:00
Kinase_0226,BDBM489438,c1ccc2c(c1)ncc(n2)c3ccccc3C(=O)O,Kinase,VEGFR2,250.25699999999998,2.995,63.08,1,3,2,3,0.5800824004688783,0.8246137456086338,0.18985485692443205,-0.811212437284188,0.12045466604305038,-0.7194993845091349,1.4277904424775893,7.634118589545105,4.424829115481844e-08,Direct_Binding,25,6.696097712738393,Scaffold_268,Cluster_173,Train,2024-01-27 21:00:00
Kinase_0027,BDBM480805,c1ccc(cc1)NC(=O)Nc2ccc(cc2)CCCOC,Kinase,ABL1,284.359,3.909600000000002,50.36,2,2,6,2,1.6123602491372575,1.5315001772343073,-0.35135969672373335,0.3140535153918265,-0.7582577898393464,1.8931143160898358,0.46963060880963725,7.182672963386657,3.61571720294741e-08,Direct_Binding,30,7.275611850925327,Scaffold_053,Cluster_023,Train,2024-01-27 22:00:00
Protease_0127,BDBM488283,CC(C)CC(NC(=O)C)C(=O)NF,Protease,Factor_Xa,190.21799999999996,0.5378999999999999,58.2,2,2,4,0,-1.237316278676064,-1.0744575983094058,-0.017780915229895392,0.3140535153918265,-0.7582577898393464,0.5868074657903506,-1.446689058526267,7.347810777297002,5.650028208452658e-08,Enzymatic,37,6.77347451537498,Scaffold_046,Cluster_082,Train,2024-01-27 23:00:00
Kinase_0438,BDBM772925,c1cc(ccc1N)c2ncnc3c2cc(cc3),Kinase,ABL1,221.26300000000003,2.8790000000000004,51.8,1,3,1,3,-0.29757474410595375,0.7349583486388352,-0.2900901246126204,-0.811212437284188,0.12045466604305038,-1.3726528096588775,1.4277904424775893,7.466508781267767,2.400876460738376e-08,Direct_Binding,30,7.264527794654717,Scaffold_186,Cluster_151,Train,2024-01-28 00:00:00
Protease_0297,BDBM253643,c1cc(ccc1S(=O)(=O)N)CO,Protease,Trypsin,187.21999999999997,-0.1736999999999998,80.39,2,3,2,1,-1.3280666449392684,-1.62444708523793,0.9263661716767705,0.3140535153918265,0.12045466604305038,-0.7194993845091349,-0.4885292248583149,7.776148704496805,1.7649722763338343e-08,Functional,30,6.862293490000205,Scaffold_124,Cluster_093,Train,2024-01-28 01:00:00
Kinase_0365,BDBM694229,c1ccc(cc1)NC(=O)Nc2ccc(cc2)CCC,Kinase,CDK2,254.33299999999997,4.283100000000002,41.13,2,1,4,2,0.703464152599906,1.8201750976499957,-0.7440806346303815,0.3140535153918265,-1.6369702457217434,0.5868074657903506,0.46963060880963725,7.710380598756668,1.7312680689100542e-08,Enzymatic,37,6.813966717377353,Scaffold_254,Cluster_179,Train,2024-01-28 02:00:00
Kinase_0230,BDBM133278,c1cc(ccc1N)c2ncnc3c2cc(cc3)OCC,Kinase,VEGFR2,265.31600000000003,3.277700000000001,61.03,1,4,3,3,1.0359228826428615,1.0431101311548598,0.10263081329402814,-0.811212437284188,0.9991671219254472,-0.06634595935939212,1.4277904424775893,7.766142662340201,1.3965733029112979e-08,Functional,37,7.016572628445979,Scaffold_222,Cluster_175,Train,2024-01-28 03:00:00
Kinase_0038,BDBM863124,c1ccc2c(c1)ncc(n2)c3ccccc3CC,Kinase,VEGFR2,234.30199999999996,3.859200000000002,25.78,0,2,2,3,0.09711972744371848,1.4925464530336363,-1.3971972540092605,-1.9364783899602027,-0.7582577898393464,-0.7194993845091349,1.4277904424775893,7.728805481418035,1.3787203966391907e-08,Direct_Binding,25,7.03302886724614,Scaffold_216,Cluster_156,Train,2024-01-28 04:00:00
Protease_0313,BDBM481851,c1ccc(cc1)C(=O)NC(C)C(=O)CCC,Protease,Factor_Xa,219.28399999999993,2.1741,46.17,1,2,5,1,-0.35747967233640426,0.19014723377666987,-0.5296371322414859,-0.811212437284188,-0.7582577898393464,1.2399608909400932,-0.4885292248583149,7.633310965232415,6.990068387938144e-08,Direct_Binding,25,7.1825117301162,Scaffold_030,Cluster_174,Train,2024-01-28 05:00:00
Kinase_0375,BDBM681456,c1cc(ccc1C(=O)N)Nc2nccc(n2),Kinase,VEGFR2,214.228,1.3191,80.9,2,4,3,2,-0.5105263207109058,-0.47067487319900236,0.9480658117994566,0.3140535153918265,0.9991671219254472,-0.06634595935939212,0.46963060880963725,6.995406368626734,2.479684219437008e-07,Direct_Binding,30,7.041407607347585,Scaffold_054,Cluster_017,Train,2024-01-28 06:00:00
GPCR_0020,BDBM371950,C1CC(CCC1N)c2ccccc2C(=O)OCC,GPCR,Adrenergic_Beta2,247.338,2.848200000000001,52.32000000000001,1,3,3,1,0.49172338808652594,0.7111532949606479,-0.26796500135027357,-0.811212437284188,0.12045466604305038,-0.06634595935939212,-0.4885292248583149,9.0,1e-09,Functional,30,6.885597592513333,Scaffold_144,Cluster_146,Train,2024-01-28 07:00:00
Protease_0315,BDBM633296,C1CCC(CC1)NC(=O)C(C)NCC,Protease,Factor_Xa,198.31,1.4332999999999996,41.13,2,2,4,0,-0.9923689925513627,-0.3824106806649421,-0.7440806346303815,0.3140535153918265,-0.7582577898393464,0.5868074657903506,-1.446689058526267,7.289381481664428,2.6137927014605474e-08,Direct_Binding,37,7.215322310529135,Scaffold_142,Cluster_068,Train,2024-01-28 08:00:00
Protease_0247,BDBM827414,CC(C)CC(NC(=O)C)C(=O)NCCCO,Protease,Factor_Xa,230.30799999999994,0.03580000000000061,78.43,3,3,7,0,-0.023779859899590857,-1.4625263467450604,0.8429714763033114,1.4393194680678412,0.12045466604305038,2.5462677412395784,-1.446689058526267,7.728387834511419,3.236440433175809e-08,Direct_Binding,37,6.633416335523207,Scaffold_129,Cluster_082,Train,2024-01-28 09:00:00
Protease_0048,BDBM904126,c1ccc(cc1)C(=O)NC(C)C(=O)C(=O)N,Protease,Factor_Xa,220.22799999999995,-0.14069999999999994,89.26,2,3,4,1,-0.3289045069753414,-1.5989416705827286,1.3037697165556408,0.3140535153918265,0.12045466604305038,0.5868074657903506,-0.4885292248583149,7.95670046327214,1.356479564607365e-08,Functional,25,6.586967020255933,Scaffold_261,Cluster_116,Train,2024-01-28 10:00:00
Protease_0070,BDBM433211,CC(C)CC(NC(=O)C)C(=O)NO,Protease,Thrombin,188.22699999999998,0.042600000000000304,78.43,3,3,4,0,-1.2975844505339824,-1.4572706855433828,0.8429714763033114,1.4393194680678412,0.12045466604305038,0.5868074657903506,-1.446689058526267,7.768089917469712,1.0071831439949378e-08,Functional,37,7.033323547859605,Scaffold_169,Cluster_092,Train,2024-01-28 11:00:00
Kinase_0195,BDBM834498,c1ccc(cc1)NC(=O)Nc2ccc(cc2),Kinase,CDK2,212.252,3.3306000000000004,41.13,2,1,2,2,-0.5703404380344854,1.0839960837385003,-0.7440806346303815,0.3140535153918265,-1.6369702457217434,-0.7194993845091349,0.46963060880963725,7.483623138877678,3.795032151712983e-08,Direct_Binding,25,6.8169465877911195,Scaffold_215,Cluster_123,Train,2024-01-28 12:00:00
Protease_0200,BDBM604163,c1ccc(cc1)C(=O)NC(C)C(=O)C(C)C,Protease,Thrombin,219.28399999999996,2.0300000000000002,46.17,1,2,4,1,-0.35747967233640343,0.07877358978229058,-0.5296371322414859,-0.811212437284188,-0.7582577898393464,0.5868074657903506,-0.4885292248583149,7.368466987076269,6.332814072807536e-08,Direct_Binding,20,7.1929202292247885,Scaffold_129,Cluster_095,Train,2024-01-28 13:00:00
Protease_0210,BDBM906104,CC(C)CC(NC(=O)C)C(=O)NOCC,Protease,Trypsin,216.28099999999995,0.6048999999999998,67.43,2,3,6,0,-0.4483813901110547,-1.0226738776458153,0.37494002267675314,0.3140535153918265,0.12045466604305038,1.8931143160898358,-1.446689058526267,7.455092390071097,8.943997144787451e-08,Direct_Binding,37,6.974434914147174,Scaffold_183,Cluster_128,Train,2024-01-28 14:00:00
GPCR_0054,BDBM321321,C1CN(CCN1)c2ccc(cc2)C(=O)NC(C)C,GPCR,Serotonin_5HT2A,247.34199999999998,1.2343999999999993,44.370000000000005,2,3,3,1,0.4918444692956827,-0.5361387708140197,-0.6062240973803771,0.3140535153918265,0.12045466604305038,-0.06634595935939212,-0.4885292248583149,8.697746431713055,1.0798536792085178e-09,Direct_Binding,37,6.637148488152743,Scaffold_043,Cluster_077,Train,2024-01-28 15:00:00
Protease_0317,BDBM641922,c1ccc(cc1)C(=O)NC(C)C(=O)C,Protease,Trypsin,191.22999999999996,1.3939,46.17,1,2,3,1,-1.206682732759332,-0.4128625999805459,-0.5296371322414859,-0.811212437284188,-0.7582577898393464,-0.06634595935939212,-0.4885292248583149,7.410937662538654,2.94167808506659e-08,Direct_Binding,37,6.8156684811640655,Scaffold_007,Cluster_126,Train,2024-01-28 16:00:00
Protease_0176,BDBM107217,CC(C)CC(NC(=O)C)C(=O)NN(C)C,Protease,Factor_Xa,215.29699999999997,0.13000000000000123,61.440000000000005,2,3,5,0,-0.47816736756368694,-1.3897199812747576,0.1200756220201091,0.3140535153918265,0.12045466604305038,1.2399608909400932,-1.446689058526267,7.235930521174082,6.197718902395701e-08,Enzymatic,37,7.300137582752076,Scaffold_052,Cluster_081,Train,2024-01-28 17:00:00
GPCR_0130,BDBM742349,c1cc(ccc1O)CCNS(=O)(=O)N,GPCR,Adrenergic_Beta2,216.26199999999997,-0.2721999999999999,92.42,3,3,4,1,-0.4489565258545499,-1.7005768835269401,1.438222388688361,1.4393194680678412,0.12045466604305038,0.5868074657903506,-0.4885292248583149,9.0,1e-09,Direct_Binding,30,7.370669034125518,Scaffold_249,Cluster_140,Train,2024-01-28 18:00:00
Protease_0316,BDBM881668,c1ccc(cc1)C(=O)NC(C)C(=O)NC,Protease,Trypsin,206.24499999999998,0.5509,58.2,2,2,3,1,-0.7521741438860774,-1.064410010717963,-0.017780915229895392,0.3140535153918265,-0.7582577898393464,-0.06634595935939212,-0.4885292248583149,7.591082009755045,2.6613146128135086e-08,Enzymatic,20,6.768143229611921,Scaffold_125,Cluster_049,Train,2024-01-28 19:00:00
Kinase_0163,BDBM375754,c1ccc(cc1)NC(=O)Nc2ccc(cc2)CC,Kinase,VEGFR2,240.30599999999998,3.8930000000000016,41.13,2,1,3,2,0.27886262238844217,1.5186701807713876,-0.7440806346303815,0.3140535153918265,-1.6369702457217434,-0.06634595935939212,0.46963060880963725,7.722167336851111,2.5681873712481304e-08,Direct_Binding,37,6.80126526076,Scaffold_254,Cluster_059,Train,2024-01-28 20:00:00
Protease_0046,BDBM287299,c1cc(ccc1S(=O)(=O)N)CNC,Protease,Thrombin,200.26299999999998,0.05340000000000017,72.19,2,3,3,1,-0.9332510921804368,-1.4489234589289532,0.5774699971551543,0.3140535153918265,0.12045466604305038,-0.06634595935939212,-0.4885292248583149,7.834669360114102,1.2460382331059805e-08,Direct_Binding,37,6.758792408364524,Scaffold_114,Cluster_151,Train,2024-01-28 21:00:00
Kinase_0153,BDBM513927,c1cc(ccc1C(=O)N)Nc2nccc(n2)O,Kinase,VEGFR2,230.227,1.0247,101.13000000000001,3,5,3,2,-0.02623175438501894,-0.6982140875775262,1.8088182033326634,1.4393194680678412,1.877879577807844,-0.06634595935939212,0.46963060880963725,6.422627291763225,2.2127284101762067e-07,Functional,37,7.329394664858847,Scaffold_223,Cluster_044,Train,2024-01-28 22:00:00
Protease_0263,BDBM833543,c1cc(ccc1S(=O)(=O)N)CCl,Protease,Trypsin,205.66599999999997,1.0728000000000002,60.16,1,2,2,1,-0.7697006489115598,-0.661038013489187,0.0656137801435638,-0.811212437284188,-0.7582577898393464,-0.7194993845091349,-0.4885292248583149,7.488009634330465,3.660705627340816e-08,Direct_Binding,25,6.549308987109825,Scaffold_137,Cluster_011,Train,2024-01-28 23:00:00
Protease_0050,BDBM870137,c1ccc(cc1)C(=O)NC(C)C(=O)OCOC,Protease,Factor_Xa,237.25499999999994,0.952,64.63000000000001,1,4,5,1,0.18650793010390548,-0.754403288954288,0.25580474357181116,-0.811212437284188,0.9991671219254472,1.2399608909400932,-0.4885292248583149,7.697138398249168,1.3449785537725406e-08,Enzymatic,37,7.466558439380544,Scaffold_054,Cluster_177,Train,2024-01-29 00:00:00
Protease_0177,BDBM884972,C1CCC(CC1)NC(=O)C(C)NS(=O)(=O)NNC,Protease,Thrombin,278.37800000000004,-0.6177999999999979,99.33000000000001,4,4,6,0,1.4313135711451892,-1.9676881351886841,1.7322312381937721,2.5645854207438554,0.9991671219254472,1.8931143160898358,-1.446689058526267,7.824592566981175,7.4081716435021904e-09,Direct_Binding,25,6.7416589208191855,Scaffold_250,Cluster_091,Train,2024-01-29 01:00:00
Kinase_0112,BDBM943797,c1cc(ccc1C(=O)N)Nc2nccc(n2)O,Kinase,ABL1,230.227,1.0247,101.13000000000001,3,5,3,2,-0.02623175438501894,-0.6982140875775262,1.8088182033326634,1.4393194680678412,1.877879577807844,-0.06634595935939212,0.46963060880963725,6.5206539186826165,1.4590120548746236e-07,Direct_Binding,20,7.33704112524294,Scaffold_193,Cluster_105,Train,2024-01-29 02:00:00
Kinase_0227,BDBM586208,c1ccc(cc1)NC(=O)Nc2ccc(cc2)NF,Kinase,ABL1,245.257,3.6270000000000007,53.160000000000004,3,2,3,2,0.4287308890225741,1.3130810808234001,-0.2322244176187911,1.4393194680678412,-0.7582577898393464,-0.06634595935939212,0.46963060880963725,7.540658002864319,4.320861809129658e-08,Direct_Binding,25,7.1107800710757685,Scaffold_266,Cluster_120,Train,2024-01-29 03:00:00
Protease_0093,BDBM788065,CC(C)CC(NC(=O)C)C(=O)NCC,Protease,Trypsin,200.28199999999995,0.6732999999999998,58.2,2,2,5,0,-0.9326759564369415,-0.9698081090877616,-0.017780915229895392,0.3140535153918265,-0.7582577898393464,1.2399608909400932,-1.446689058526267,7.208244664072296,6.163371416447826e-08,Direct_Binding,25,6.842069434657556,Scaffold_196,Cluster_119,Train,2024-01-29 04:00:00
Kinase_0104,BDBM770864,c1ccc2c(c1)ncc(n2)c3ccccc3,Kinase,CDK2,206.248,3.296800000000001,25.78,0,2,1,3,-0.7520833329792092,1.057872356000749,-1.3971972540092605,-1.9364783899602027,-0.7582577898393464,-1.3726528096588775,1.4277904424775893,7.811682409616758,1.0710577141527542e-08,Direct_Binding,37,6.626264741564503,Scaffold_022,Cluster_084,Train,2024-01-29 05:00:00
Kinase_0422,BDBM200932,c1cc(ccc1C(=O)N)Nc2nccc(n2)C(C)C,Kinase,EGFR,256.30899999999997,2.442500000000001,80.9,2,4,4,2,0.7632782699234858,0.39759127297230823,0.9480658117994566,0.3140535153918265,0.9991671219254472,0.5868074657903506,0.46963060880963725,7.19475812636648,1.5427216939874677e-07,Direct_Binding,25,7.480987378162685,Scaffold_056,Cluster_104,Train,2024-01-29 06:00:00
Kinase_0420,BDBM437666,c1cc(ccc1C(=O)N)Nc2nccc(n2),Kinase,EGFR,214.228,1.3191,80.9,2,4,3,2,-0.5105263207109058,-0.47067487319900236,0.9480658117994566,0.3140535153918265,0.9991671219254472,-0.06634595935939212,0.46963060880963725,6.682556772211517,1.061794127842681e-07,Direct_Binding,37,6.648795969405116,Scaffold_051,Cluster_119,Train,2024-01-29 07:00:00
Protease_0095,BDBM816546,c1cc(ccc1S(=O)(=O)N)CNN(C)C,Protease,Factor_Xa,229.30499999999998,-0.09979999999999989,75.42999999999999,2,4,4,1,-0.054140973095718366,-1.567330414237343,0.7153265344051585,0.3140535153918265,0.9991671219254472,0.5868074657903506,-0.4885292248583149,7.856395328436382,1.3445889926654707e-08,Direct_Binding,30,6.738289670553091,Scaffold_049,Cluster_119,Train,2024-01-29 08:00:00
GPCR_0137,BDBM998734,C1CC(CCC1N)c2ccccc2C,GPCR,Dopamine_D2,189.30200000000002,2.9799200000000017,26.02,1,1,1,1,-1.2650438755730253,0.8129585440025612,-1.3869856586574083,-0.811212437284188,-1.6369702457217434,-1.3726528096588775,-0.4885292248583149,8.261431828637653,3.88118327887079e-09,Functional,37,6.593776526257017,Scaffold_061,Cluster_116,Train,2024-01-29 09:00:00
Protease_0232,BDBM857065,c1cc(ccc1S(=O)(=O)N)CCCN(C)C,Protease,Thrombin,242.34399999999994,0.8282,63.4,1,3,5,1,0.3405534984539547,-0.8500872384789525,0.2034703173935683,-0.811212437284188,0.12045466604305038,1.2399608909400932,-0.4885292248583149,7.403169776182817,4.513238601784879e-08,Direct_Binding,37,7.307957328109019,Scaffold_123,Cluster_040,Train,2024-01-29 10:00:00
Protease_0006,BDBM487125,c1cc(ccc1S(=O)(=O)N)CCl,Protease,Factor_Xa,205.66599999999997,1.0728000000000002,60.16,1,2,2,1,-0.7697006489115598,-0.661038013489187,0.0656137801435638,-0.811212437284188,-0.7582577898393464,-0.7194993845091349,-0.4885292248583149,7.342343263035891,2.8515385624207422e-08,Functional,25,6.781825003295472,Scaffold_185,Cluster_037,Train,2024-01-29 11:00:00
Kinase_0120,BDBM418319,c1ccc2c(c1)ncc(n2)c3ccccc3S(=O)(=O)NN(C)C,Kinase,EGFR,328.39700000000005,2.051699999999999,75.19,1,5,4,3,2.945403821351736,0.09554533214646747,0.7051149390533066,-0.811212437284188,1.877879577807844,0.5868074657903506,1.4277904424775893,7.1518109549030155,1.0320625578947844e-07,Direct_Binding,30,6.803946401240724,Scaffold_216,Cluster_099,Train,2024-01-29 12:00:00
Kinase_0054,BDBM156440,c1ccc(cc1)NC(=O)Nc2ccc(cc2)N,Kinase,VEGFR2,227.267,2.9128,67.15,3,2,2,2,-0.11583184916123178,0.7610820763765865,0.36302649476625887,1.4393194680678412,-0.7582577898393464,-0.7194993845091349,0.46963060880963725,7.290897443326131,5.2048547521556054e-08,Functional,37,7.115298025069802,Scaffold_202,Cluster_108,Train,2024-01-29 13:00:00
Kinase_0152,BDBM558339,c1ccc2c(c1)ncc(n2)c3ccccc3CC,Kinase,ABL1,234.30199999999996,3.859200000000002,25.78,0,2,2,3,0.09711972744371848,1.4925464530336363,-1.3971972540092605,-1.9364783899602027,-0.7582577898393464,-0.7194993845091349,1.4277904424775893,8.074723231424548,1.3048746635857997e-08,Functional,25,6.804751095386133,Scaffold_021,Cluster_007,Train,2024-01-29 14:00:00
Kinase_0404,BDBM790266,c1cc(ccc1N)c2ncnc3c2cc(cc3)F,Kinase,VEGFR2,239.25300000000001,3.0181000000000004,51.8,1,3,1,3,0.24698799407785127,0.8424675358672751,-0.2900901246126204,-0.811212437284188,0.12045466604305038,-1.3726528096588775,1.4277904424775893,7.693276089064711,1.3658987900991068e-08,Direct_Binding,37,6.539459532890899,Scaffold_178,Cluster_036,Train,2024-01-29 15:00:00
Protease_0298,BDBM736956,C1CCC(CC1)NC(=O)C(C)NOCC,Protease,Trypsin,214.309,1.3648999999999996,50.36,2,3,5,0,-0.5080744262254759,-0.4352764492229959,-0.35135969672373335,0.3140535153918265,0.12045466604305038,1.2399608909400932,-1.446689058526267,7.205641055747451,2.8541545093829366e-08,Direct_Binding,20,7.326390311600555,Scaffold_226,Cluster_082,Train,2024-01-29 16:00:00
Kinase_0208,BDBM382271,c1ccc2c(c1)ncc(n2)c3ccccc3N,Kinase,EGFR,221.26299999999998,2.8789999999999996,51.8,1,3,1,3,-0.29757474410595547,0.7349583486388346,-0.2900901246126204,-0.811212437284188,0.12045466604305038,-1.3726528096588775,1.4277904424775893,7.750591892636832,2.138428643781316e-08,Direct_Binding,25,6.884511327644812,Scaffold_236,Cluster_098,Train,2024-01-29 17:00:00
GPCR_0209,BDBM459898,C1CC(CCC1N)c2ccccc2N,GPCR,Serotonin_5HT2A,190.29000000000002,2.2537000000000003,52.04,2,2,1,1,-1.2351368169112356,0.25166938549042844,-0.2798785292607681,0.3140535153918265,-0.7582577898393464,-1.3726528096588775,-0.4885292248583149,8.867695144749776,1.7963568144876989e-09,Functional,30,7.239066975939372,Scaffold_268,Cluster_162,Train,2024-01-29 18:00:00
Protease_0189,BDBM850755,c1cc(ccc1S(=O)(=O)N)CF,Protease,Thrombin,189.21099999999996,0.8035000000000002,60.16,1,2,2,1,-1.26779847308135,-0.869177654902694,0.0656137801435638,-0.811212437284188,-0.7582577898393464,-0.7194993845091349,-0.4885292248583149,7.376035524196955,3.415538781743607e-08,Direct_Binding,30,7.201565265602943,Scaffold_020,Cluster_039,Train,2024-01-29 19:00:00
Protease_0107,BDBM335082,C1CCC(CC1)NC(=O)C(C)NCCC,Protease,Factor_Xa,212.337,1.8233999999999995,41.13,2,2,5,0,-0.5677674623398989,-0.0809057637863344,-0.7440806346303815,0.3140535153918265,-0.7582577898393464,1.2399608909400932,-1.446689058526267,7.389368869273918,4.9268492500427144e-08,Functional,37,7.069206463129428,Scaffold_205,Cluster_103,Train,2024-01-29 20:00:00
Kinase_0009,BDBM990136,c1ccc2c(c1)ncc(n2)c3ccccc3,Kinase,ABL1,206.248,3.296800000000001,25.78,0,2,1,3,-0.7520833329792092,1.057872356000749,-1.3971972540092605,-1.9364783899602027,-0.7582577898393464,-1.3726528096588775,1.4277904424775893,7.8616028421097575,1.4158700519905805e-08,Functional,30,6.704881274150712,Scaffold_222,Cluster_094,Train,2024-01-29 21:00:00
Protease_0153,BDBM705659,CC(C)CC(NC(=O)C)C(=O)NCC,Protease,Trypsin,200.28199999999995,0.6732999999999998,58.2,2,2,5,0,-0.9326759564369415,-0.9698081090877616,-0.017780915229895392,0.3140535153918265,-0.7582577898393464,1.2399608909400932,-1.446689058526267,7.436911176069898,7.768496231131116e-08,Enzymatic,20,7.3416220075427745,Scaffold_014,Cluster_004,Train,2024-01-29 22:00:00
Kinase_0037,BDBM231113,c1ccc2c(c1)ncc(n2)c3ccccc3,Kinase,CDK2,206.248,3.296800000000001,25.78,0,2,1,3,-0.7520833329792092,1.057872356000749,-1.3971972540092605,-1.9364783899602027,-0.7582577898393464,-1.3726528096588775,1.4277904424775893,7.963353539250713,1.4620490153547198e-08,Functional,20,7.415090068407043,Scaffold_111,Cluster_112,Train,2024-01-29 23:00:00
GPCR_0003,BDBM307639,c1ccc2c(c1)OCCn2S(=O)(=O)NNN,GPCR,Adrenergic_Beta2,244.276,-0.901899999999999,96.69,3,5,3,1,0.39903572247680924,-2.187266568629373,1.6199036893233976,1.4393194680678412,1.877879577807844,-0.06634595935939212,-0.4885292248583149,9.0,1e-09,Direct_Binding,37,6.786519548927123,Scaffold_093,Cluster_170,Train,2024-01-30 00:00:00
GPCR_0202,BDBM448967,C1CC(CCC1N)c2ccccc2CCC,GPCR,Serotonin_5HT2A,217.356,3.6240000000000023,26.02,1,1,3,1,-0.41584081515009774,1.3107624067638375,-1.3869856586574083,-0.811212437284188,-1.6369702457217434,-0.06634595935939212,-0.4885292248583149,8.511749698837313,6.136802961722888e-09,Direct_Binding,25,6.765496407429072,Scaffold_013,Cluster_045,Train,2024-01-30 01:00:00
Kinase_0254,BDBM361055,c1ccc2c(c1)ncc(n2)c3ccccc3,Kinase,EGFR,206.248,3.296800000000001,25.78,0,2,1,3,-0.7520833329792092,1.057872356000749,-1.3971972540092605,-1.9364783899602027,-0.7582577898393464,-1.3726528096588775,1.4277904424775893,8.086893789082673,1.902151895825063e-08,Direct_Binding,25,6.894576075597646,Scaffold_169,Cluster_039,Train,2024-01-30 02:00:00
Kinase_0304,BDBM354897,c1ccc2c(c1)ncc(n2)c3ccccc3S(=O)(=O)N,Kinase,VEGFR2,285.32800000000003,1.944199999999999,85.94,1,4,2,3,1.641692172055553,0.01245951167876607,1.162509314188352,-0.811212437284188,0.9991671219254472,-0.7194993845091349,1.4277904424775893,7.000089539815019,8.5786654288297e-08,Direct_Binding,30,7.058642396450425,Scaffold_051,Cluster_152,Train,2024-01-30 03:00:00
Protease_0091,BDBM899995,c1cc(ccc1S(=O)(=O)N)CCC,Protease,Factor_Xa,199.27499999999995,1.2865000000000002,60.16,1,2,3,1,-0.9631581508422274,-0.49587113131292837,0.0656137801435638,-0.811212437284188,-0.7582577898393464,-0.06634595935939212,-0.4885292248583149,7.55479199079184,4.8477679826299936e-08,Direct_Binding,37,7.294014450265963,Scaffold_150,Cluster_048,Train,2024-01-30 04:00:00
GPCR_0122,BDBM441337,c1cc(ccc1O)CCNC(C)CO,GPCR,Adrenergic_Beta2,195.26199999999997,0.9051000000000002,52.489999999999995,3,3,5,1,-1.0846328739290312,-0.7906518934188013,-0.26073178797604546,1.4393194680678412,0.12045466604305038,1.2399608909400932,-0.4885292248583149,8.827060032332884,1.1225744253391256e-09,Functional,37,6.675123140130353,Scaffold_212,Cluster_056,Train,2024-01-30 05:00:00
GPCR_0174,BDBM791792,C1CC(CCC1N)c2ccccc2Br,GPCR,Serotonin_5HT2A,254.17100000000002,3.434000000000002,26.02,1,1,1,1,0.6985603636290473,1.1639130496581322,-1.3869856586574083,-0.811212437284188,-1.6369702457217434,-1.3726528096588775,-0.4885292248583149,8.564043015790313,7.723077233044586e-09,Enzymatic,37,6.549614373338837,Scaffold_015,Cluster_025,Train,2024-01-30 06:00:00
Protease_0054,BDBM469124,c1cc(ccc1S(=O)(=O)N)CCC,Protease,Factor_Xa,199.27499999999995,1.2865000000000002,60.16,1,2,3,1,-0.9631581508422274,-0.49587113131292837,0.0656137801435638,-0.811212437284188,-0.7582577898393464,-0.06634595935939212,-0.4885292248583149,7.558080046628938,2.4684577150060926e-08,Functional,30,7.409595391110944,Scaffold_234,Cluster_005,Train,2024-01-30 07:00:00
Protease_0064,BDBM210770,c1ccc(cc1)C(=O)NC(C)C(=O)C,Protease,Trypsin,191.22999999999996,1.3939,46.17,1,2,3,1,-1.206682732759332,-0.4128625999805459,-0.5296371322414859,-0.811212437284188,-0.7582577898393464,-0.06634595935939212,-0.4885292248583149,7.468828671634565,8.36220312065926e-08,Direct_Binding,30,6.94994367426886,Scaffold_130,Cluster_101,Train,2024-01-30 08:00:00
Kinase_0263,BDBM871041,c1ccc(cc1)NC(=O)Nc2ccc(cc2)N(C)C,Kinase,ABL1,255.321,3.396600000000001,44.370000000000005,2,2,3,2,0.7333712112616967,1.1350069130489036,-0.6062240973803771,0.3140535153918265,-0.7582577898393464,-0.06634595935939212,0.46963060880963725,6.969537898989639,4.226782133673074e-08,Direct_Binding,30,7.321198282550227,Scaffold_184,Cluster_121,Train,2024-01-30 09:00:00
GPCR_0161,BDBM675402,C1CN(CCN1)c2ccc(cc2)OCC,GPCR,Dopamine_D2,206.28899999999996,1.4948999999999997,24.5,1,3,3,1,-0.7508422505853505,-0.33480057330856616,-1.4516590958858056,-0.811212437284188,0.12045466604305038,-0.06634595935939212,-0.4885292248583149,8.427567685395024,5.3971364249371396e-09,Direct_Binding,30,7.1151291405412,Scaffold_177,Cluster_039,Train,2024-01-30 10:00:00
Kinase_0298,BDBM932978,c1cc(ccc1C(=O)N)Nc2nccc(n2)C(=O)NCC,Kinase,CDK2,285.3070000000001,1.0688,110.0,3,5,5,2,1.6410564957074798,-0.6641295789019389,2.186221748211533,1.4393194680678412,1.877879577807844,1.2399608909400932,0.46963060880963725,6.269560928131492,7.759637619090251e-07,Functional,37,6.922034260127639,Scaffold_181,Cluster_070,Train,2024-01-30 11:00:00
Kinase_0415,BDBM742818,c1ccc2c(c1)ncc(n2)c3ccccc3SOC,Kinase,VEGFR2,268.341,3.9503000000000013,35.010000000000005,0,4,3,3,1.1274905470678753,1.5629568553090551,-1.004476316102612,-1.9364783899602027,0.9991671219254472,-0.06634595935939212,1.4277904424775893,8.175650101796938,9.249437104636046e-09,Functional,25,6.624820813966848,Scaffold_128,Cluster_087,Train,2024-01-30 12:00:00
Kinase_0151,BDBM687783,c1cc(ccc1N)c2ncnc3c2cc(cc3)N(C)C,Kinase,ABL1,264.33200000000005,2.945000000000001,55.04,1,4,2,3,1.0061369051902294,0.7859691779492386,-0.1522335873626159,-0.811212437284188,0.9991671219254472,-0.7194993845091349,1.4277904424775893,7.709179927551882,1.6400070217644335e-08,Direct_Binding,25,7.226670992070323,Scaffold_142,Cluster_051,Validation,2024-01-30 13:00:00
Protease_0133,BDBM508251,c1ccc(cc1)C(=O)NC(C)C(=O)CCC,Protease,Factor_Xa,219.28399999999993,2.1741,46.17,1,2,5,1,-0.35747967233640426,0.19014723377666987,-0.5296371322414859,-0.811212437284188,-0.7582577898393464,1.2399608909400932,-0.4885292248583149,7.41294729894015,5.395696986333784e-08,Direct_Binding,30,6.815633215367153,Scaffold_229,Cluster_006,Validation,2024-01-30 14:00:00
GPCR_0191,BDBM803176,C1CN(CCN1)c2ccc(cc2)OS(=O)(=O)N,GPCR,Serotonin_5HT2A,257.315,-0.3214999999999996,84.66,2,5,3,1,0.7937301940264831,-1.7386804272391043,1.108047472311807,0.3140535153918265,1.877879577807844,-0.06634595935939212,-0.4885292248583149,9.0,1e-09,Direct_Binding,37,6.56616518883444,Scaffold_025,Cluster_128,Validation,2024-01-30 15:00:00
Protease_0235,BDBM532949,c1ccc(cc1)C(=O)NC(C)C(=O)CC,Protease,Trypsin,205.25699999999995,1.784,46.17,1,2,4,1,-0.7820812025478682,-0.11135768310193804,-0.5296371322414859,-0.811212437284188,-0.7582577898393464,0.5868074657903506,-0.4885292248583149,7.64045093595006,3.730964118227006e-08,Direct_Binding,20,7.143907957067765,Scaffold_167,Cluster_101,Validation,2024-01-30 16:00:00
GPCR_0101,BDBM360610,c1cc(ccc1O)CCNC(=O)OO,GPCR,Serotonin_5HT2A,197.18999999999997,1.1339000000000001,78.79,3,4,3,1,-1.026271731115336,-0.6138143518094051,0.8582888693310896,1.4393194680678412,0.9991671219254472,-0.06634595935939212,-0.4885292248583149,9.0,1e-09,Direct_Binding,30,6.8721732552468975,Scaffold_235,Cluster_041,Validation,2024-01-30 17:00:00
Protease_0136,BDBM302408,c1ccc(cc1)C(=O)NC(C)C(=O)C,Protease,Factor_Xa,191.22999999999996,1.3939,46.17,1,2,3,1,-1.206682732759332,-0.4128625999805459,-0.5296371322414859,-0.811212437284188,-0.7582577898393464,-0.06634595935939212,-0.4885292248583149,7.145039243665085,1.6729282270125998e-08,Enzymatic,20,6.692257918468092,Scaffold_135,Cluster_078,Validation,2024-01-30 18:00:00
GPCR_0039,BDBM601111,C1CN(CCN1)c2ccc(cc2)NC,GPCR,Dopamine_D2,191.278,1.1378999999999997,27.299999999999997,2,3,2,1,-1.2052297582494464,-0.6107227863966538,-1.3325238167808635,0.3140535153918265,0.12045466604305038,-0.7194993845091349,-0.4885292248583149,8.210061020344652,4.353800599817588e-09,Enzymatic,37,6.756463061016766,Scaffold_083,Cluster_141,Validation,2024-01-30 19:00:00
Protease_0044,BDBM698469,CC(C)CC(NC(=O)C)C(=O)NC(=O)O,Protease,Factor_Xa,216.23699999999997,0.33140000000000014,95.50000000000001,3,3,4,0,-0.44971328341178163,-1.2340596627427114,1.569271195703798,1.4393194680678412,0.12045466604305038,0.5868074657903506,-1.446689058526267,7.8785893998249765,1.253448503084149e-08,Direct_Binding,25,6.939562941772898,Scaffold_108,Cluster_072,Validation,2024-01-30 20:00:00
Kinase_0148,BDBM491794,c1cc(ccc1N)c2ncnc3c2cc(cc3),Kinase,VEGFR2,221.26300000000003,2.8790000000000004,51.8,1,3,1,3,-0.29757474410595375,0.7349583486388352,-0.2900901246126204,-0.811212437284188,0.12045466604305038,-1.3726528096588775,1.4277904424775893,7.475455508037359,2.973654839779574e-08,Enzymatic,37,7.304906776841438,Scaffold_286,Cluster_059,Validation,2024-01-30 21:00:00
Kinase_0147,BDBM674842,c1cc(ccc1C(=O)N)Nc2nccc(n2)CCCN(C)C,Kinase,ABL1,299.378,1.8133000000000004,84.14,2,5,7,2,2.066989919219669,-0.08871196645353172,1.0859223490494607,0.3140535153918265,1.877879577807844,2.5462677412395784,0.46963060880963725,6.400676393368288,2.8461791987475e-07,Direct_Binding,30,7.2539619035967835,Scaffold_281,Cluster_049,Validation,2024-01-30 22:00:00
Protease_0065,BDBM796500,c1ccc(cc1)C(=O)NC(C)C(=O)OC,Protease,Trypsin,207.22899999999996,0.9779,55.400000000000006,1,3,3,1,-0.7223881664334452,-0.7343854029067208,-0.13691619433483734,-0.811212437284188,0.12045466604305038,-0.06634595935939212,-0.4885292248583149,7.5065548068663785,2.3025564786086945e-08,Direct_Binding,37,7.192908911024768,Scaffold_165,Cluster_125,Validation,2024-01-30 23:00:00
Protease_0277,BDBM690913,C1CCC(CC1)NC(=O)C(C)NBr,Protease,Factor_Xa,249.15200000000002,1.7232999999999998,41.13,2,2,3,0,0.5466337164392461,-0.15827218824044498,-0.7440806346303815,0.3140535153918265,-0.7582577898393464,-0.06634595935939212,-1.446689058526267,7.67633594633672,2.4755999275463158e-08,Direct_Binding,25,7.4976722632646595,Scaffold_206,Cluster_156,Validation,2024-01-31 00:00:00
Protease_0084,BDBM286255,C1CCC(CC1)NC(=O)C(C)NCCCF,Protease,Factor_Xa,230.32699999999997,1.7729999999999995,41.13,2,2,6,0,-0.02320472415609387,-0.1198594879870056,-0.7440806346303815,0.3140535153918265,-0.7582577898393464,1.8931143160898358,-1.446689058526267,7.243006485749143,9.359154317077008e-08,Direct_Binding,30,7.272152027615838,Scaffold_179,Cluster_128,Validation,2024-01-31 01:00:00
GPCR_0210,BDBM495323,C1CC(CCC1N)c2ccccc2O,GPCR,Adrenergic_Beta2,191.27400000000003,2.377100000000001,46.25,2,2,1,1,-1.2053508394586023,0.3470441784738183,-0.5262332671242019,0.3140535153918265,-0.7582577898393464,-1.3726528096588775,-0.4885292248583149,8.788810186578434,1.3380825299991921e-09,Functional,20,6.777464679724954,Scaffold_089,Cluster_111,Validation,2024-01-31 02:00:00
Kinase_0349,BDBM822730,c1ccc2c(c1)ncc(n2)c3ccccc3O,Kinase,EGFR,222.24699999999999,3.002400000000001,46.010000000000005,1,3,1,3,-0.26778876665332235,0.8303331416222252,-0.5364448624760538,-0.811212437284188,0.12045466604305038,-1.3726528096588775,1.4277904424775893,7.676459366812135,1.6275196605543147e-08,Enzymatic,37,6.985589699659398,Scaffold_256,Cluster_112,Validation,2024-01-31 03:00:00
GPCR_0014,BDBM161847,C1CC(CCC1N)c2ccccc2N(C)C,GPCR,Dopamine_D2,218.34400000000002,2.7375000000000007,29.259999999999998,1,2,2,1,-0.38593375648830697,0.6255942221627447,-1.249129121407404,-0.811212437284188,-0.7582577898393464,-0.7194993845091349,-0.4885292248583149,8.564846813014594,2.5360178653855807e-09,Direct_Binding,37,6.5670165377512095,Scaffold_046,Cluster_041,Validation,2024-01-31 04:00:00
Kinase_0326,BDBM162969,c1cc(ccc1C(=O)N)Nc2nccc(n2),Kinase,VEGFR2,214.228,1.3191,80.9,2,4,3,2,-0.5105263207109058,-0.47067487319900236,0.9480658117994566,0.3140535153918265,0.9991671219254472,-0.06634595935939212,0.46963060880963725,6.490300708081841,3.656829467938111e-07,Direct_Binding,20,7.188405018492137,Scaffold_171,Cluster_125,Validation,2024-01-31 05:00:00
Kinase_0187,BDBM243260,c1ccc2c(c1)ncc(n2)c3ccccc3C(C)C,Kinase,CDK2,248.32899999999998,4.420200000000002,25.78,0,2,2,3,0.5217212576551832,1.9261385021720598,-1.3971972540092605,-1.9364783899602027,-0.7582577898393464,-0.7194993845091349,1.4277904424775893,8.262037643686034,4.846993221963897e-09,Enzymatic,37,6.593857284823356,Scaffold_181,Cluster_171,Validation,2024-01-31 06:00:00
Kinase_0124,BDBM954987,c1cc(ccc1N)c2ncnc3c2cc(cc3)SC(=O)N,Kinase,EGFR,296.3550000000001,3.0498000000000003,94.89,2,5,2,3,1.9754827953992355,0.866968191763332,1.5433167241845063,0.3140535153918265,1.877879577807844,-0.7194993845091349,1.4277904424775893,7.185762340581158,4.333363084787468e-08,Direct_Binding,25,7.266064776535303,Scaffold_276,Cluster_016,Validation,2024-01-31 07:00:00
Protease_0199,BDBM559822,C1CCC(CC1)NC(=O)C(C)NNCC,Protease,Trypsin,213.32500000000002,0.9378999999999994,53.160000000000004,3,3,5,0,-0.5378604036781082,-0.7653010570342381,-0.2322244176187911,1.4393194680678412,0.12045466604305038,1.2399608909400932,-1.446689058526267,7.731951226611426,1.4435371574579836e-08,Direct_Binding,37,7.227018527014134,Scaffold_117,Cluster_091,Validation,2024-01-31 08:00:00
GPCR_0159,BDBM972786,c1cc(ccc1O)CCNNCC(=O)O,GPCR,Dopamine_D2,210.23299999999998,0.11350000000000016,81.59,4,4,6,1,-0.6314561783565045,-1.4024726886023593,0.9774241484360315,2.5645854207438554,0.9991671219254472,1.8931143160898358,-0.4885292248583149,9.0,1e-09,Direct_Binding,37,6.84041155611426,Scaffold_163,Cluster_028,Validation,2024-01-31 09:00:00
Kinase_0144,BDBM342446,c1cc(ccc1N)c2ncnc3c2cc(cc3)OCCC(C)C,Kinase,EGFR,307.3970000000001,4.303900000000002,61.03,1,4,5,3,2.3097274732772566,1.8362512377963047,0.10263081329402814,-0.811212437284188,0.9991671219254472,1.2399608909400932,1.4277904424775893,7.866906078779846,1.2904455496385383e-08,Enzymatic,30,7.358341676799121,Scaffold_157,Cluster_018,Validation,2024-01-31 10:00:00
Protease_0306,BDBM321943,c1cc(ccc1S(=O)(=O)N)COC,Protease,Thrombin,201.24699999999996,0.48040000000000027,69.39,1,3,3,1,-0.9034651147278046,-1.118898851117711,0.4583347180502123,-0.811212437284188,0.12045466604305038,-0.06634595935939212,-0.4885292248583149,7.4919348126771315,5.018298654382987e-08,Direct_Binding,37,6.811652916654649,Scaffold_052,Cluster_083,Validation,2024-01-31 11:00:00
Kinase_0198,BDBM296911,c1ccc2c(c1)ncc(n2)c3ccccc3,Kinase,ABL1,206.248,3.296800000000001,25.78,0,2,1,3,-0.7520833329792092,1.057872356000749,-1.3971972540092605,-1.9364783899602027,-0.7582577898393464,-1.3726528096588775,1.4277904424775893,7.955082765891829,1.1915718368249662e-08,Direct_Binding,37,7.101923431015131,Scaffold_047,Cluster_181,Validation,2024-01-31 12:00:00
GPCR_0160,BDBM805756,c1cc(ccc1O)CCNSC(C)C,GPCR,Dopamine_D2,211.32999999999998,2.5809000000000006,32.26,2,3,5,1,-0.5982496567451849,0.5045594362535163,-1.1214841795092518,0.3140535153918265,0.12045466604305038,1.2399608909400932,-0.4885292248583149,8.962499498654097,1e-09,Direct_Binding,25,7.01058075745956,Scaffold_208,Cluster_123,Validation,2024-01-31 13:00:00
Kinase_0280,BDBM646230,c1cc(ccc1N)c2ncnc3c2cc(cc3)C(=O)O,Kinase,CDK2,265.272,2.5771999999999995,89.10000000000001,2,4,2,3,1.0345909893421328,0.5016997382467201,1.2969619863210728,0.3140535153918265,0.9991671219254472,-0.7194993845091349,1.4277904424775893,7.154478960470735,8.025455829376556e-08,Direct_Binding,25,6.854771291835984,Scaffold_161,Cluster_156,Validation,2024-01-31 14:00:00
Kinase_0294,BDBM555251,c1cc(ccc1C(=O)N)Nc2nccc(n2)C(=O)O,Kinase,CDK2,258.23699999999997,1.0173000000000003,118.2,3,5,4,2,0.8216394127371809,-0.7039334835911165,2.535117922733149,1.4393194680678412,1.877879577807844,0.5868074657903506,0.46963060880963725,6.338621314553154,6.09404058870751e-07,Functional,25,6.566443844355775,Scaffold_255,Cluster_075,Validation,2024-01-31 15:00:00
Kinase_0401,BDBM436272,c1ccc2c(c1)ncc(n2)c3ccccc3C(=O)NNN(C)C,Kinase,CDK2,307.357,2.007799999999999,70.14999999999999,2,5,4,3,2.3085166611856835,0.061615401741517896,0.4906714366644105,0.3140535153918265,1.877879577807844,0.5868074657903506,1.4277904424775893,6.967051851180845,7.713563852889177e-08,Enzymatic,30,7.1206604798245845,Scaffold_096,Cluster_037,Validation,2024-01-31 16:00:00
Kinase_0123,BDBM648736,c1ccc(cc1)NC(=O)Nc2ccc(cc2)OCS(=O)(=O)N,Kinase,CDK2,321.35800000000006,1.9553999999999996,110.52,3,4,5,2,2.732331163537628,0.0211158948344712,2.2083468714738794,1.4393194680678412,0.9991671219254472,1.2399608909400932,0.46963060880963725,6.515853146640414,4.421064937266588e-07,Direct_Binding,30,7.371204482263052,Scaffold_196,Cluster_061,Validation,2024-01-31 17:00:00
Kinase_0184,BDBM994940,c1ccc(cc1)NC(=O)Nc2ccc(cc2),Kinase,ABL1,212.252,3.3306000000000004,41.13,2,1,2,2,-0.5703404380344854,1.0839960837385003,-0.7440806346303815,0.3140535153918265,-1.6369702457217434,-0.7194993845091349,0.46963060880963725,7.5300168622864785,4.040044609013139e-08,Direct_Binding,20,7.33137351438571,Scaffold_104,Cluster_133,Validation,2024-01-31 18:00:00
Kinase_0203,BDBM660957,c1cc(ccc1N)c2ncnc3c2cc(cc3)S(=O)(=O)N,Kinase,VEGFR2,300.3430000000001,1.5263999999999995,111.96,2,5,2,3,2.0962007609288085,-0.31045449568314676,2.2696164435849924,0.3140535153918265,1.877879577807844,-0.7194993845091349,1.4277904424775893,6.812491686476291,2.456401215337569e-07,Functional,25,7.091697162306326,Scaffold_136,Cluster_127,Validation,2024-01-31 19:00:00
Kinase_0439,BDBM976923,c1cc(ccc1N)c2ncnc3c2cc(cc3)CC,Kinase,ABL1,249.317,3.4414000000000016,51.8,1,3,2,3,0.551628316316974,1.1696324456717226,-0.2900901246126204,-0.811212437284188,0.12045466604305038,-0.7194993845091349,1.4277904424775893,7.508748634096728,1.4032846524013066e-08,Direct_Binding,25,7.0735289514555735,Scaffold_249,Cluster_056,Validation,2024-01-31 20:00:00
Kinase_0247,BDBM956949,c1cc(ccc1N)c2ncnc3c2cc(cc3),Kinase,ABL1,221.26300000000003,2.8790000000000004,51.8,1,3,1,3,-0.29757474410595375,0.7349583486388352,-0.2900901246126204,-0.811212437284188,0.12045466604305038,-1.3726528096588775,1.4277904424775893,7.602282203325857,1.894768022584208e-08,Direct_Binding,37,7.007411938717809,Scaffold_180,Cluster_107,Validation,2024-01-31 21:00:00
Kinase_0416,BDBM396882,c1cc(ccc1N)c2ncnc3c2cc(cc3)N,Kinase,CDK2,236.27800000000002,2.4612,77.82,2,4,1,3,0.15693384476729993,0.41204434127692163,0.8170170047840197,0.3140535153918265,0.9991671219254472,-1.3726528096588775,1.4277904424775893,7.302751019516517,4.396744550631063e-08,Functional,37,7.294210662549405,Scaffold_173,Cluster_126,Validation,2024-01-31 22:00:00
Protease_0121,BDBM274544,CC(C)CC(NC(=O)C)C(=O)NC,Protease,Factor_Xa,186.25499999999997,0.28319999999999995,58.2,2,2,4,0,-1.3572774866484054,-1.2713130259663694,-0.017780915229895392,0.3140535153918265,-0.7582577898393464,0.5868074657903506,-1.446689058526267,7.253048470007289,7.072529075412389e-08,Direct_Binding,30,7.395555740873885,Scaffold_225,Cluster_004,Validation,2024-01-31 23:00:00
Protease_0278,BDBM480343,CC(C)CC(NC(=O)C)C(=O)NBr,Protease,Trypsin,251.12399999999997,0.9633,58.2,2,2,4,0,0.6063267525536673,-0.7456696166632644,-0.017780915229895392,0.3140535153918265,-0.7582577898393464,0.5868074657903506,-1.446689058526267,7.450699085301616,3.0913094285042644e-08,Functional,37,6.763551479496778,Scaffold_186,Cluster_079,Validation,2024-02-01 00:00:00
Protease_0252,BDBM889056,c1cc(ccc1S(=O)(=O)N)CF,Protease,Trypsin,189.21099999999996,0.8035000000000002,60.16,1,2,2,1,-1.26779847308135,-0.869177654902694,0.0656137801435638,-0.811212437284188,-0.7582577898393464,-0.7194993845091349,-0.4885292248583149,7.642473926613769,8.490608253609732e-08,Direct_Binding,25,6.645515482787359,Scaffold_082,Cluster_162,Validation,2024-02-01 01:00:00
Protease_0197,BDBM849484,c1cc(ccc1S(=O)(=O)N)CCNC,Protease,Trypsin,214.28999999999996,0.09590000000000015,72.19,2,3,4,1,-0.5086495619689729,-1.4160755764184667,0.5774699971551543,0.3140535153918265,0.12045466604305038,0.5868074657903506,-0.4885292248583149,7.567571379512798,1.7436866384001126e-08,Enzymatic,37,6.793916760504934,Scaffold_087,Cluster_041,Validation,2024-02-01 02:00:00
Protease_0233,BDBM277160,C1CCC(CC1)NC(=O)C(C)NO,Protease,Thrombin,186.25500000000002,0.8026,61.36,3,3,3,0,-1.3572774866484036,-0.8698732571205633,0.11667175690282482,1.4393194680678412,0.12045466604305038,-0.06634595935939212,-1.446689058526267,7.770648595429555,7.387942340643458e-09,Direct_Binding,30,7.267764617714338,Scaffold_166,Cluster_087,Validation,2024-02-01 03:00:00
Kinase_0130,BDBM591989,c1ccc2c(c1)ncc(n2)c3ccccc3C,Kinase,VEGFR2,220.27499999999998,3.605220000000002,25.78,0,2,1,3,-0.32748180276774536,1.296247507150968,-1.3971972540092605,-1.9364783899602027,-0.7582577898393464,-1.3726528096588775,1.4277904424775893,7.93639565188257,6.554203076694395e-09,Functional,20,7.06044063098044,Scaffold_009,Cluster_162,Validation,2024-02-01 04:00:00
GPCR_0188,BDBM370143,C1CC(CCC1N)c2ccccc2F,GPCR,Dopamine_D2,193.26500000000001,2.810600000000001,26.02,1,1,1,1,-1.1450826676006842,0.6820925800807819,-1.3869856586574083,-0.811212437284188,-1.6369702457217434,-1.3726528096588775,-0.4885292248583149,8.34102415910877,6.260294973853212e-09,Direct_Binding,37,7.065781554840997,Scaffold_058,Cluster_080,Validation,2024-02-01 05:00:00
Kinase_0403,BDBM166418,c1ccc(cc1)NC(=O)Nc2ccc(cc2),Kinase,VEGFR2,212.252,3.3306000000000004,41.13,2,1,2,2,-0.5703404380344854,1.0839960837385003,-0.7440806346303815,0.3140535153918265,-1.6369702457217434,-0.7194993845091349,0.46963060880963725,7.458432554957728,4.344722760820063e-08,Functional,25,6.895137743264319,Scaffold_098,Cluster_176,Validation,2024-02-01 06:00:00
Protease_0143,BDBM283722,CC(C)CC(NC(=O)C)C(=O)NOCOCC,Protease,Trypsin,246.30699999999993,0.5790000000000002,76.66000000000001,2,4,8,0,0.46051470642629594,-1.0426917636933821,0.7676609605834017,0.3140535153918265,0.9991671219254472,3.1994211663893215,-1.446689058526267,7.802285261000635,2.3418038506792446e-08,Enzymatic,20,6.741601276435763,Scaffold_159,Cluster_159,Validation,2024-02-01 07:00:00
Protease_0115,BDBM867712,c1cc(ccc1S(=O)(=O)N)CC(C)C,Protease,Trypsin,213.30199999999996,1.5325000000000002,60.16,1,2,3,1,-0.5385566206307628,-0.30573985842869994,0.0656137801435638,-0.811212437284188,-0.7582577898393464,-0.06634595935939212,-0.4885292248583149,7.212637472899764,3.7872537351806835e-08,Direct_Binding,25,7.367060182378947,Scaffold_260,Cluster_110,Validation,2024-02-01 08:00:00
Protease_0069,BDBM767117,C1CCC(CC1)NC(=O)C(C)NCC,Protease,Trypsin,198.31,1.4332999999999996,41.13,2,2,4,0,-0.9923689925513627,-0.3824106806649421,-0.7440806346303815,0.3140535153918265,-0.7582577898393464,0.5868074657903506,-1.446689058526267,7.424769067651215,2.7739199630848125e-08,Functional,37,7.038220101868475,Scaffold_287,Cluster_157,Validation,2024-02-01 09:00:00
Protease_0259,BDBM566272,CC(C)CC(NC(=O)C)C(=O)NNC,Protease,Trypsin,201.26999999999998,-0.21219999999999883,70.23,3,3,5,0,-0.9027688977751508,-1.6542034023356642,0.4940753017816951,1.4393194680678412,0.12045466604305038,1.2399608909400932,-1.446689058526267,7.725697555152738,3.705251999234071e-08,Direct_Binding,37,7.328185869323453,Scaffold_152,Cluster_032,Validation,2024-02-01 10:00:00
Kinase_0220,BDBM458521,c1ccc2c(c1)ncc(n2)c3ccccc3CCC(C)C,Kinase,ABL1,276.383,4.885400000000003,25.78,0,2,4,3,1.3709243180781117,2.285687559675081,-1.3971972540092605,-1.9364783899602027,-0.7582577898393464,0.5868074657903506,1.4277904424775893,8.21004512090795,4.350207494041024e-09,Direct_Binding,37,6.545648745502383,Scaffold_287,Cluster_154,Validation,2024-02-01 11:00:00
GPCR_0192,BDBM229077,c1ccc2c(c1)OCCn2NCC(=O)O,GPCR,Dopamine_D2,208.21699999999998,0.4745999999999997,61.8,2,4,3,1,-0.6924811077716544,-1.1233816209662015,0.13539301504788703,0.3140535153918265,0.9991671219254472,-0.06634595935939212,-0.4885292248583149,9.0,1.40281802944878e-09,Direct_Binding,37,6.519155485551253,Scaffold_276,Cluster_034,Validation,2024-02-01 12:00:00
Protease_0261,BDBM925621,c1cc(ccc1S(=O)(=O)N)CC(=O)O,Protease,Factor_Xa,215.22999999999996,-0.03889999999999999,97.46,2,3,3,1,-0.4801954778170676,-1.5202613308281985,1.6526658910772565,0.3140535153918265,0.12045466604305038,-0.06634595935939212,-0.4885292248583149,8.085826733535406,1.0502368311975658e-08,Direct_Binding,25,6.575278716651674,Scaffold_092,Cluster_136,Validation,2024-02-01 13:00:00
Protease_0230,BDBM930072,c1cc(ccc1S(=O)(=O)N)CC,Protease,Factor_Xa,185.24799999999996,0.8964000000000002,60.16,1,2,2,1,-1.3877596810536914,-0.7973760481915361,0.0656137801435638,-0.811212437284188,-0.7582577898393464,-0.7194993845091349,-0.4885292248583149,7.585027840381048,4.090096029898319e-08,Direct_Binding,25,6.606213827588456,Scaffold_204,Cluster_073,Validation,2024-02-01 14:00:00
Protease_0318,BDBM525558,c1cc(ccc1S(=O)(=O)N)CN(C)C,Protease,Factor_Xa,214.28999999999996,0.39559999999999995,63.4,1,3,3,1,-0.5086495619689729,-1.184440037868047,0.2034703173935683,-0.811212437284188,0.12045466604305038,-0.06634595935939212,-0.4885292248583149,7.3630259377494,1.7053286831902638e-08,Functional,30,6.6252512310962075,Scaffold_039,Cluster_088,Validation,2024-02-01 15:00:00
Protease_0265,BDBM695833,c1cc(ccc1S(=O)(=O)N)COOCC,Protease,Thrombin,231.27299999999994,0.8021000000000003,78.62,1,4,5,1,0.005430981809546125,-0.870259702797157,0.8510556559568608,-0.811212437284188,0.9991671219254472,1.2399608909400932,-0.4885292248583149,7.457489121831718,1.9068942837117396e-08,Direct_Binding,37,6.635661467160378,Scaffold_102,Cluster_096,Validation,2024-02-01 16:00:00
GPCR_0175,BDBM833907,C1CC(CCC1N)c2ccccc2CCCCCC,GPCR,Serotonin_5HT2A,259.43699999999995,4.794300000000004,26.02,1,1,6,1,0.8579637754842938,2.2152771573996626,-1.3869856586574083,-0.811212437284188,-1.6369702457217434,1.8931143160898358,-0.4885292248583149,8.573412903228524,1.0460398837086987e-09,Functional,25,7.224598286847629,Scaffold_048,Cluster_177,Validation,2024-02-01 17:00:00
Protease_0184,BDBM504032,C1CCC(CC1)NC(=O)C(C)NSN,Protease,Trypsin,217.33800000000002,0.9352999999999998,67.15,3,4,4,0,-0.4163856805913036,-0.7673105745525264,0.36302649476625887,1.4393194680678412,0.9991671219254472,0.5868074657903506,-1.446689058526267,7.999180156922753,2.1065556104593067e-08,Direct_Binding,37,7.344864085410508,Scaffold_047,Cluster_033,Validation,2024-02-01 18:00:00
Protease_0257,BDBM409636,c1cc(ccc1S(=O)(=O)N)CO,Protease,Thrombin,187.21999999999997,-0.1736999999999998,80.39,2,3,2,1,-1.3280666449392684,-1.62444708523793,0.9263661716767705,0.3140535153918265,0.12045466604305038,-0.7194993845091349,-0.4885292248583149,7.762568935514466,1.3848221102129297e-08,Direct_Binding,25,7.149556006756962,Scaffold_208,Cluster_095,Validation,2024-02-01 19:00:00
Kinase_0387,BDBM100754,c1cc(ccc1N)c2ncnc3c2cc(cc3)F,Kinase,ABL1,239.25300000000001,3.0181000000000004,51.8,1,3,1,3,0.24698799407785127,0.8424675358672751,-0.2900901246126204,-0.811212437284188,0.12045466604305038,-1.3726528096588775,1.4277904424775893,7.737492396366574,1.2055796986730473e-08,Enzymatic,25,6.770247692130783,Scaffold_135,Cluster_145,Validation,2024-02-01 20:00:00
Protease_0320,BDBM748502,C1CCC(CC1)NC(=O)C(C)NC,Protease,Factor_Xa,184.28300000000002,1.0431999999999997,41.13,2,2,3,0,-1.4169705227628266,-0.6839155975435498,-0.7440806346303815,0.3140535153918265,-0.7582577898393464,-0.06634595935939212,-1.446689058526267,7.365172894685259,3.3647208479541665e-08,Enzymatic,30,6.539797127335652,Scaffold_075,Cluster_122,Validation,2024-02-01 21:00:00
GPCR_0060,BDBM645337,c1cc(ccc1O)CCNOBr,GPCR,Adrenergic_Beta2,232.07699999999997,1.7658,41.489999999999995,2,3,4,1,0.029768304850112903,-0.1254243057299582,-0.7287632416026036,0.3140535153918265,0.12045466604305038,0.5868074657903506,-0.4885292248583149,8.67262657004433,1.6207258485023063e-09,Direct_Binding,37,6.987834318544013,Scaffold_175,Cluster_017,Validation,2024-02-01 22:00:00
Kinase_0268,BDBM318572,c1cc(ccc1N)c2ncnc3c2cc(cc3),Kinase,EGFR,221.26300000000003,2.8790000000000004,51.8,1,3,1,3,-0.29757474410595375,0.7349583486388352,-0.2900901246126204,-0.811212437284188,0.12045466604305038,-1.3726528096588775,1.4277904424775893,7.459002793305905,2.0134031131178752e-08,Functional,37,6.5595247003477715,Scaffold_273,Cluster_005,Validation,2024-02-01 23:00:00
Protease_0293,BDBM879860,c1ccc(cc1)C(=O)NC(C)C(=O)OC,Protease,Thrombin,207.22899999999996,0.9779,55.400000000000006,1,3,3,1,-0.7223881664334452,-0.7343854029067208,-0.13691619433483734,-0.811212437284188,0.12045466604305038,-0.06634595935939212,-0.4885292248583149,7.395218238682005,2.8564554469973797e-08,Direct_Binding,37,7.482482580601248,Scaffold_182,Cluster_115,Validation,2024-02-02 00:00:00
Kinase_0442,BDBM613707,c1cc(ccc1N)c2ncnc3c2cc(cc3)S,Kinase,CDK2,253.33000000000004,3.1677000000000013,51.8,2,4,1,3,0.6731030394037794,0.9580920823041886,-0.2900901246126204,0.3140535153918265,0.9991671219254472,-1.3726528096588775,1.4277904424775893,7.935530787785887,9.62662147330905e-09,Functional,37,6.609264210309622,Scaffold_204,Cluster_095,Validation,2024-02-02 01:00:00
GPCR_0047,BDBM888318,c1cc(ccc1O)CCNNCC,GPCR,Serotonin_5HT2A,180.25099999999998,1.0488000000000002,44.29,3,3,5,1,-1.5390203815931283,-0.6795874059656971,-0.6096279624976614,1.4393194680678412,0.12045466604305038,1.2399608909400932,-0.4885292248583149,9.0,1e-09,Functional,30,7.36465892185814,Scaffold_069,Cluster_107,Validation,2024-02-02 02:00:00
Kinase_0113,BDBM193904,c1cc(ccc1C(=O)N)Nc2nccc(n2)CCC(C)C,Kinase,EGFR,284.363,2.907700000000001,80.9,2,4,6,2,1.6124813303464152,0.7571403304753291,0.9480658117994566,0.3140535153918265,0.9991671219254472,1.8931143160898358,0.46963060880963725,6.947203531491153,8.534189744283708e-08,Direct_Binding,30,6.77927608845441,Scaffold_198,Cluster_064,Validation,2024-02-02 03:00:00
Protease_0025,BDBM124545,CC(C)CC(NC(=O)C)C(=O)NC(C)C,Protease,Thrombin,214.30899999999997,1.0617999999999999,58.2,2,2,5,0,-0.5080744262254768,-0.6695398183742544,-0.017780915229895392,0.3140535153918265,-0.7582577898393464,1.2399608909400932,-1.446689058526267,7.154925327618403,4.454837102599919e-08,Direct_Binding,25,7.39393351066999,Scaffold_054,Cluster_054,Validation,2024-02-02 04:00:00
Kinase_0233,BDBM984522,c1ccc(cc1)NC(=O)Nc2ccc(cc2)C(=O)O,Kinase,ABL1,256.26099999999997,3.0288000000000004,78.43,3,2,3,2,0.7618252954136011,0.8507374733463857,0.8429714763033114,1.4393194680678412,-0.7582577898393464,-0.06634595935939212,0.46963060880963725,7.0032337759855725,1.2085929036969322e-07,Direct_Binding,25,6.7190688091018576,Scaffold_151,Cluster_084,Validation,2024-02-02 05:00:00
Protease_0215,BDBM636409,CC(C)CC(NC(=O)C)C(=O)NBr,Protease,Trypsin,251.12399999999997,0.9633,58.2,2,2,4,0,0.6063267525536673,-0.7456696166632644,-0.017780915229895392,0.3140535153918265,-0.7582577898393464,0.5868074657903506,-1.446689058526267,7.605467239512644,2.088035032727723e-08,Functional,37,7.131722418326584,Scaffold_043,Cluster_177,Validation,2024-02-02 06:00:00
GPCR_0158,BDBM415986,c1ccc2c(c1)OCCn2CCC(=O)O,GPCR,Adrenergic_Beta2,207.22899999999996,1.3600999999999996,49.769999999999996,1,3,3,1,-0.7223881664334452,-0.4389863277182979,-0.3764632019637035,-0.811212437284188,0.12045466604305038,-0.06634595935939212,-0.4885292248583149,8.774262358856191,2.5426765538034318e-09,Direct_Binding,37,6.704448372464273,Scaffold_166,Cluster_060,Validation,2024-02-02 07:00:00
Protease_0005,BDBM655317,c1ccc(cc1)C(=O)NC(C)C(=O)OCCCl,Protease,Thrombin,255.70099999999994,1.5869,55.400000000000006,1,3,5,1,0.7448739261316141,-0.2636945688152772,-0.13691619433483734,-0.811212437284188,0.12045466604305038,1.2399608909400932,-0.4885292248583149,7.391516468143097,1.1764136576502652e-08,Functional,37,7.2204567414627565,Scaffold_116,Cluster_081,Validation,2024-02-02 08:00:00
Kinase_0374,BDBM727761,c1ccc2c(c1)ncc(n2)c3ccccc3,Kinase,ABL1,206.248,3.296800000000001,25.78,0,2,1,3,-0.7520833329792092,1.057872356000749,-1.3971972540092605,-1.9364783899602027,-0.7582577898393464,-1.3726528096588775,1.4277904424775893,8.075914623912782,1.3255673060909954e-08,Functional,30,6.840387104254505,Scaffold_227,Cluster_163,Validation,2024-02-02 09:00:00
Protease_0329,BDBM648759,CC(C)CC(NC(=O)C)C(=O)NC(=O)NC(=O)N,Protease,Thrombin,258.27799999999996,-0.5582999999999982,130.39000000000001,4,4,4,0,0.8228804951310404,-1.921701099674003,3.0537818699793084,2.5645854207438554,0.9991671219254472,0.5868074657903506,-1.446689058526267,8.738239104340748,1.8471614970926902e-09,Direct_Binding,25,6.7446550546047135,Scaffold_021,Cluster_122,Validation,2024-02-02 10:00:00
Protease_0188,BDBM372660,c1cc(ccc1S(=O)(=O)N)CCC,Protease,Factor_Xa,199.27499999999995,1.2865000000000002,60.16,1,2,3,1,-0.9631581508422274,-0.49587113131292837,0.0656137801435638,-0.811212437284188,-0.7582577898393464,-0.06634595935939212,-0.4885292248583149,7.406034288410928,4.236681859517886e-08,Direct_Binding,37,6.560905543235183,Scaffold_126,Cluster_072,Validation,2024-02-02 11:00:00
Kinase_0234,BDBM887029,c1cc(ccc1N)c2ncnc3c2cc(cc3)CCCO,Kinase,VEGFR2,279.343,2.803900000000001,72.03,2,4,4,3,1.4605244128543253,0.6769142080144228,0.5706622669205863,0.3140535153918265,0.9991671219254472,0.5868074657903506,1.4277904424775893,7.270578947859128,3.616386304033506e-08,Direct_Binding,25,6.536721362500821,Scaffold_281,Cluster_143,Validation,2024-02-02 12:00:00
Protease_0130,BDBM730553,c1cc(ccc1S(=O)(=O)N)CN(C)C,Protease,Trypsin,214.28999999999996,0.39559999999999995,63.4,1,3,3,1,-0.5086495619689729,-1.184440037868047,0.2034703173935683,-0.811212437284188,0.12045466604305038,-0.06634595935939212,-0.4885292248583149,7.430255751494668,4.200601320186301e-08,Direct_Binding,25,6.5492944927644166,Scaffold_080,Cluster_088,Validation,2024-02-02 13:00:00
Protease_0010,BDBM430655,CC(C)CC(NC(=O)C)C(=O)NC(=O)O,Protease,Factor_Xa,216.23699999999997,0.33140000000000014,95.50000000000001,3,3,4,0,-0.44971328341178163,-1.2340596627427114,1.569271195703798,1.4393194680678412,0.12045466604305038,0.5868074657903506,-1.446689058526267,8.074647776984946,1.5081593317716402e-08,Direct_Binding,37,7.274485603119791,Scaffold_141,Cluster_148,Validation,2024-02-02 14:00:00
Kinase_0318,BDBM265358,c1cc(ccc1N)c2ncnc3c2cc(cc3),Kinase,CDK2,221.26300000000003,2.8790000000000004,51.8,1,3,1,3,-0.29757474410595375,0.7349583486388352,-0.2900901246126204,-0.811212437284188,0.12045466604305038,-1.3726528096588775,1.4277904424775893,7.626983986510982,1.1504186261550969e-08,Direct_Binding,30,7.3575623376612835,Scaffold_014,Cluster_085,Validation,2024-02-02 15:00:00
GPCR_0199,BDBM194835,C1CC(CCC1N)c2ccccc2NC,GPCR,Serotonin_5HT2A,204.31700000000004,2.7132000000000005,38.05,2,2,2,1,-0.8105352866997708,0.6068129622802781,-0.8751294416458181,0.3140535153918265,-0.7582577898393464,-0.7194993845091349,-0.4885292248583149,8.962070677488363,2.111856825571711e-09,Direct_Binding,30,7.461492324574112,Scaffold_254,Cluster_179,Validation,2024-02-02 16:00:00
Kinase_0411,BDBM621718,c1ccc2c(c1)ncc(n2)c3ccccc3CCS(=O)(=O)N,Kinase,VEGFR2,313.382,2.1277999999999992,85.94,1,4,4,3,2.4908952324784805,0.15436236412406845,1.162509314188352,-0.811212437284188,0.9991671219254472,0.5868074657903506,1.4277904424775893,6.923428231713333,1.421921257409325e-07,Direct_Binding,30,7.033386628765363,Scaffold_115,Cluster_050,Validation,2024-02-02 17:00:00
Protease_0244,BDBM201843,C1CCC(CC1)NC(=O)C(C)NF,Protease,Trypsin,188.246,1.2978999999999998,41.13,2,2,3,0,-1.2970093147904853,-0.48706016988658635,-0.7440806346303815,0.3140535153918265,-0.7582577898393464,-0.06634595935939212,-1.446689058526267,7.542411475467667,3.353538020458814e-08,Functional,37,6.935014594340223,Scaffold_113,Cluster_033,Validation,2024-02-02 18:00:00
Protease_0043,BDBM216006,CC(C)CC(NC(=O)C)C(=O)NNC,Protease,Factor_Xa,201.26999999999998,-0.21219999999999883,70.23,3,3,5,0,-0.9027688977751508,-1.6542034023356642,0.4940753017816951,1.4393194680678412,0.12045466604305038,1.2399608909400932,-1.446689058526267,7.6533405157810295,2.8934447760191873e-08,Enzymatic,37,6.654520829990519,Scaffold_126,Cluster_083,Validation,2024-02-02 19:00:00
Kinase_0359,BDBM686179,c1ccc(cc1)NC(=O)Nc2ccc(cc2),Kinase,ABL1,212.252,3.3306000000000004,41.13,2,1,2,2,-0.5703404380344854,1.0839960837385003,-0.7440806346303815,0.3140535153918265,-1.6369702457217434,-0.7194993845091349,0.46963060880963725,7.506053784050714,2.2593867688517356e-08,Direct_Binding,25,7.256213613950177,Scaffold_116,Cluster_162,Validation,2024-02-02 20:00:00
Kinase_0259,BDBM873449,c1cc(ccc1C(=O)N)Nc2nccc(n2),Kinase,ABL1,214.228,1.3191,80.9,2,4,3,2,-0.5105263207109058,-0.47067487319900236,0.9480658117994566,0.3140535153918265,0.9991671219254472,-0.06634595935939212,0.46963060880963725,6.739001914221935,4.363755519924208e-07,Direct_Binding,30,7.107905214090704,Scaffold_226,Cluster_147,Validation,2024-02-02 21:00:00
Protease_0078,BDBM893591,c1ccc(cc1)C(=O)NC(C)C(=O)CC,Protease,Trypsin,205.25699999999995,1.784,46.17,1,2,4,1,-0.7820812025478682,-0.11135768310193804,-0.5296371322414859,-0.811212437284188,-0.7582577898393464,0.5868074657903506,-0.4885292248583149,7.450745292360084,4.241013651046697e-08,Functional,25,7.043787070391747,Scaffold_111,Cluster_059,Validation,2024-02-02 22:00:00
GPCR_0178,BDBM556018,C1CC(CCC1N)c2ccccc2OC,GPCR,Adrenergic_Beta2,205.30100000000002,2.6801000000000013,35.25,1,2,2,1,-0.7807493092471386,0.5812302584897585,-0.9942647207507601,-0.811212437284188,-0.7582577898393464,-0.7194993845091349,-0.4885292248583149,8.334748178326874,3.15604887009664e-09,Direct_Binding,37,6.781049750166889,Scaffold_075,Cluster_182,Validation,2024-02-02 23:00:00
GPCR_0183,BDBM502118,C1CC(CCC1N)c2ccccc2N,GPCR,Serotonin_5HT2A,190.29000000000002,2.2537000000000003,52.04,2,2,1,1,-1.2351368169112356,0.25166938549042844,-0.2798785292607681,0.3140535153918265,-0.7582577898393464,-1.3726528096588775,-0.4885292248583149,8.707176285224113,1.5347657344586095e-09,Functional,30,7.250769649211056,Scaffold_007,Cluster_152,Validation,2024-02-03 00:00:00
Kinase_0283,BDBM604605,c1cc(ccc1N)c2ncnc3c2cc(cc3),Kinase,CDK2,221.26300000000003,2.8790000000000004,51.8,1,3,1,3,-0.29757474410595375,0.7349583486388352,-0.2900901246126204,-0.811212437284188,0.12045466604305038,-1.3726528096588775,1.4277904424775893,7.911426522421803,1.8417814165028776e-08,Functional,37,7.1786699566725645,Scaffold_152,Cluster_157,Validation,2024-02-03 01:00:00
Kinase_0377,BDBM172222,c1cc(ccc1N)c2ncnc3c2cc(cc3),Kinase,CDK2,221.26300000000003,2.8790000000000004,51.8,1,3,1,3,-0.29757474410595375,0.7349583486388352,-0.2900901246126204,-0.811212437284188,0.12045466604305038,-1.3726528096588775,1.4277904424775893,7.804372095508102,1.2289668774537495e-08,Functional,37,7.053711485358011,Scaffold_125,Cluster_061,Validation,2024-02-03 02:00:00
Kinase_0385,BDBM484945,c1cc(ccc1N)c2ncnc3c2cc(cc3)CS(=O)(=O)N,Kinase,CDK2,314.37000000000006,1.6674999999999998,111.96,2,5,3,3,2.520802291140272,-0.20139952574833098,2.2696164435849924,0.3140535153918265,1.877879577807844,-0.06634595935939212,1.4277904424775893,6.507495100766945,2.4201246385687777e-07,Direct_Binding,20,6.557647582199025,Scaffold_011,Cluster_064,Validation,2024-02-03 03:00:00
Kinase_0225,BDBM622605,c1ccc2c(c1)ncc(n2)c3ccccc3,Kinase,CDK2,206.248,3.296800000000001,25.78,0,2,1,3,-0.7520833329792092,1.057872356000749,-1.3971972540092605,-1.9364783899602027,-0.7582577898393464,-1.3726528096588775,1.4277904424775893,7.8612342201315855,1.9015281288427367e-08,Enzymatic,37,6.982041058112083,Scaffold_248,Cluster_126,Validation,2024-02-03 04:00:00
Protease_0301,BDBM369804,C1CCC(CC1)NC(=O)C(C)NF,Protease,Thrombin,188.246,1.2978999999999998,41.13,2,2,3,0,-1.2970093147904853,-0.48706016988658635,-0.7440806346303815,0.3140535153918265,-0.7582577898393464,-0.06634595935939212,-1.446689058526267,7.403393234109653,4.6515095860897583e-08,Direct_Binding,20,6.5551015351588315,Scaffold_225,Cluster_145,Validation,2024-02-03 05:00:00
Protease_0160,BDBM353633,c1ccc(cc1)C(=O)NC(C)C(=O)C(=O)ONOCC,Protease,Trypsin,280.28000000000003,0.3733,93.73,2,6,7,1,1.4888876860993634,-1.2016755150441376,1.4939606799838876,0.3140535153918265,2.7565920336902408,2.5462677412395784,-0.4885292248583149,7.812624613608443,5.4514734137336655e-09,Direct_Binding,25,6.572665587581157,Scaffold_213,Cluster_121,Validation,2024-02-03 06:00:00
GPCR_0023,BDBM757286,C1CC(CCC1N)c2ccccc2OCC,GPCR,Dopamine_D2,219.328,3.0702000000000016,35.25,1,2,3,1,-0.35614777903567474,0.8827351753683665,-0.9942647207507601,-0.811212437284188,-0.7582577898393464,-0.06634595935939212,-0.4885292248583149,8.74213123113124,1.6592380597579117e-09,Direct_Binding,25,6.729365777037672,Scaffold_285,Cluster_005,Validation,2024-02-03 07:00:00
Kinase_0348,BDBM122390,c1ccc2c(c1)ncc(n2)c3ccccc3C(=O)NN,Kinase,EGFR,264.288,1.9002999999999992,80.9,2,4,2,3,1.0048050118895007,-0.021470418726183507,0.9480658117994566,0.3140535153918265,0.9991671219254472,-0.7194993845091349,1.4277904424775893,6.864609433843516,6.638132171819158e-08,Functional,30,6.640552967578361,Scaffold_283,Cluster_081,Validation,2024-02-03 08:00:00
GPCR_0056,BDBM930248,C1CC(CCC1N)c2ccccc2CC,GPCR,Dopamine_D2,203.329,3.233900000000002,26.02,1,1,2,1,-0.8404423453615616,1.0092574898852296,-1.3869856586574083,-0.811212437284188,-1.6369702457217434,-0.7194993845091349,-0.4885292248583149,8.566640452940916,2.3802337766928215e-09,Direct_Binding,37,7.005508760389864,Scaffold_099,Cluster_131,Validation,2024-02-03 09:00:00
GPCR_0190,BDBM599439,C1CC(CCC1N)c2ccccc2S(=O)(=O)NNN,GPCR,Adrenergic_Beta2,284.38500000000005,0.32810000000000095,110.24,4,5,4,1,1.6131472769967803,-1.2366102042082308,2.196433343563385,2.5645854207438554,1.877879577807844,0.5868074657903506,-0.4885292248583149,9.0,1e-09,Direct_Binding,20,6.887322517975314,Scaffold_212,Cluster_025,Validation,2024-02-03 10:00:00
Protease_0335,BDBM650750,C1CCC(CC1)NC(=O)C(C)NCCC,Protease,Trypsin,212.337,1.8233999999999995,41.13,2,2,5,0,-0.5677674623398989,-0.0809057637863344,-0.7440806346303815,0.3140535153918265,-0.7582577898393464,1.2399608909400932,-1.446689058526267,7.591480235613068,6.987361978097228e-08,Direct_Binding,25,6.692493150635827,Scaffold_096,Cluster_099,Validation,2024-02-03 11:00:00
Protease_0131,BDBM928249,c1ccc(cc1)C(=O)NC(C)C(=O)N,Protease,Trypsin,192.21799999999996,0.2901999999999999,72.19,2,2,3,1,-1.1767756740975421,-1.2659027864940537,0.5774699971551543,0.3140535153918265,-0.7582577898393464,-0.06634595935939212,-0.4885292248583149,7.46199504167306,1.6719709645012353e-08,Direct_Binding,37,6.886287705145545,Scaffold_266,Cluster_038,Validation,2024-02-03 12:00:00
Protease_0274,BDBM127200,CC(C)CC(NC(=O)C)C(=O)NC(C)C,Protease,Trypsin,214.30899999999997,1.0617999999999999,58.2,2,2,5,0,-0.5080744262254768,-0.6695398183742544,-0.017780915229895392,0.3140535153918265,-0.7582577898393464,1.2399608909400932,-1.446689058526267,7.455347092984733,2.0774939236917292e-08,Direct_Binding,25,6.775098881559124,Scaffold_205,Cluster_160,Validation,2024-02-03 13:00:00
Protease_0251,BDBM615455,C1CCC(CC1)NC(=O)C(C)NNC,Protease,Factor_Xa,199.29800000000003,0.5477999999999997,53.160000000000004,3,3,4,0,-0.962461933889572,-1.0668059739128457,-0.2322244176187911,1.4393194680678412,0.12045466604305038,0.5868074657903506,-1.446689058526267,7.656857917047168,2.8982053530948264e-08,Enzymatic,37,6.6043130873518825,Scaffold_199,Cluster_083,Validation,2024-02-03 14:00:00
GPCR_0170,BDBM355177,C1CN(CCN1)c2ccc(cc2)OCC,GPCR,Adrenergic_Beta2,206.28899999999996,1.4948999999999997,24.5,1,3,3,1,-0.7508422505853505,-0.33480057330856616,-1.4516590958858056,-0.811212437284188,0.12045466604305038,-0.06634595935939212,-0.4885292248583149,8.334271655278403,8.705561440240326e-09,Direct_Binding,30,6.660679584711845,Scaffold_134,Cluster_021,Validation,2024-02-03 15:00:00
Protease_0201,BDBM967962,c1cc(ccc1S(=O)(=O)N)CO,Protease,Factor_Xa,187.21999999999997,-0.1736999999999998,80.39,2,3,2,1,-1.3280666449392684,-1.62444708523793,0.9263661716767705,0.3140535153918265,0.12045466604305038,-0.7194993845091349,-0.4885292248583149,7.87073163260678,1.4554120308429365e-08,Enzymatic,37,7.4873684723122,Scaffold_187,Cluster_136,Validation,2024-02-03 16:00:00
Protease_0246,BDBM773223,C1CCC(CC1)NC(=O)C(C)NN(C)C,Protease,Factor_Xa,213.32500000000002,0.8899999999999999,44.370000000000005,2,3,4,0,-0.5378604036781082,-0.8023225528519391,-0.6062240973803771,0.3140535153918265,0.12045466604305038,0.5868074657903506,-1.446689058526267,7.254262725683236,2.96310902713141e-08,Direct_Binding,37,7.045427950211713,Scaffold_135,Cluster_126,Validation,2024-02-03 17:00:00
GPCR_0196,BDBM764323,C1CC(CCC1N)c2ccccc2N(C)C,GPCR,Adrenergic_Beta2,218.34400000000002,2.7375000000000007,29.259999999999998,1,2,2,1,-0.38593375648830697,0.6255942221627447,-1.249129121407404,-0.811212437284188,-0.7582577898393464,-0.7194993845091349,-0.4885292248583149,8.299247321162808,3.2151145489049215e-09,Enzymatic,37,6.734425600011515,Scaffold_221,Cluster_119,Validation,2024-02-03 18:00:00
Protease_0192,BDBM850565,CC(C)CC(NC(=O)C)C(=O)NBr,Protease,Factor_Xa,251.12399999999997,0.9633,58.2,2,2,4,0,0.6063267525536673,-0.7456696166632644,-0.017780915229895392,0.3140535153918265,-0.7582577898393464,0.5868074657903506,-1.446689058526267,7.432121736738872,2.177026054799599e-08,Functional,37,6.829379269302076,Scaffold_190,Cluster_155,Validation,2024-02-03 19:00:00
GPCR_0107,BDBM598282,C1CN(CCN1)c2ccc(cc2)C(=O)N,GPCR,Serotonin_5HT2A,205.26099999999997,0.19509999999999972,58.36,2,3,2,1,-0.7819601213387105,-1.3394047541822254,-0.010973184995327418,0.3140535153918265,0.12045466604305038,-0.7194993845091349,-0.4885292248583149,8.611219558647848,1.947539990656508e-09,Functional,30,6.718709800323583,Scaffold_187,Cluster_069,Validation,2024-02-03 20:00:00
Protease_0305,BDBM992253,c1ccc(cc1)C(=O)NC(C)C(=O)N,Protease,Factor_Xa,192.21799999999996,0.2901999999999999,72.19,2,2,3,1,-1.1767756740975421,-1.2659027864940537,0.5774699971551543,0.3140535153918265,-0.7582577898393464,-0.06634595935939212,-0.4885292248583149,7.653355608493971,4.297809924789102e-08,Direct_Binding,30,7.141086103582159,Scaffold_121,Cluster_018,Validation,2024-02-03 21:00:00
GPCR_0128,BDBM519603,c1ccc2c(c1)OCCn2S(=O)(=O)N,GPCR,Adrenergic_Beta2,214.24599999999998,0.08889999999999987,72.63,1,3,1,1,-0.5099814552696998,-1.4214858158907824,0.5961912553002165,-0.811212437284188,0.12045466604305038,-1.3726528096588775,-0.4885292248583149,8.725656448703752,1.8671788739137566e-09,Enzymatic,25,6.763247346518011,Scaffold_164,Cluster_116,Validation,2024-02-03 22:00:00
Protease_0129,BDBM879055,c1cc(ccc1S(=O)(=O)N)CN(C)C,Protease,Factor_Xa,214.28999999999996,0.39559999999999995,63.4,1,3,3,1,-0.5086495619689729,-1.184440037868047,0.2034703173935683,-0.811212437284188,0.12045466604305038,-0.06634595935939212,-0.4885292248583149,7.426141374629863,2.83319309717838e-08,Enzymatic,30,6.551657357114641,Scaffold_277,Cluster_100,Validation,2024-02-03 23:00:00
Kinase_0086,BDBM589887,c1cc(ccc1N)c2ncnc3c2cc(cc3)C(=O)N,Kinase,VEGFR2,264.288,1.9778999999999995,94.89,2,4,2,3,1.0048050118895007,0.03850595028119939,1.5433167241845063,0.3140535153918265,0.9991671219254472,-0.7194993845091349,1.4277904424775893,6.8597454434623195,1.142565744646139e-07,Functional,30,7.328249252437218,Scaffold_183,Cluster_050,Validation,2024-02-04 00:00:00
Kinase_0243,BDBM290425,c1cc(ccc1N)c2ncnc3c2cc(cc3)CCCC(=O)O,Kinase,VEGFR2,307.35300000000007,3.2863000000000007,89.10000000000001,2,4,5,3,2.3083955799765277,1.0497569967922755,1.2969619863210728,0.3140535153918265,0.9991671219254472,1.2399608909400932,1.4277904424775893,7.302047091847068,8.627013926985013e-08,Enzymatic,37,6.587092766795772,Scaffold_040,Cluster_071,Validation,2024-02-04 01:00:00
Protease_0032,BDBM493514,c1ccc(cc1)C(=O)NC(C)C(=O)N(C)C,Protease,Thrombin,220.27199999999996,0.8931,49.410000000000004,1,2,3,1,-0.32757261367461354,-0.7999265896570564,-0.3917805949914814,-0.811212437284188,-0.7582577898393464,-0.06634595935939212,-0.4885292248583149,7.272396718320888,4.5051356513466574e-08,Direct_Binding,30,6.778694315928526,Scaffold_069,Cluster_183,Validation,2024-02-04 02:00:00
Kinase_0160,BDBM968668,c1ccc(cc1)NC(=O)Nc2ccc(cc2)NCOC,Kinase,EGFR,271.32000000000005,3.346400000000001,62.39,3,3,5,2,1.2176657775875852,1.0962077671188697,0.16049652028785713,1.4393194680678412,0.12045466604305038,1.2399608909400932,0.46963060880963725,7.4184030412950746,2.8554420665091892e-08,Direct_Binding,37,6.7418938282588385,Scaffold_165,Cluster_037,Validation,2024-02-04 03:00:00
GPCR_0075,BDBM351235,C1CC(CCC1N)c2ccccc2OF,GPCR,Adrenergic_Beta2,209.264,2.934800000000001,35.25,1,2,2,1,-0.6607881012747974,0.7780856861467217,-0.9942647207507601,-0.811212437284188,-0.7582577898393464,-0.7194993845091349,-0.4885292248583149,8.646629059737728,3.2663299413529796e-09,Functional,20,7.3401080784392,Scaffold_127,Cluster_094,Validation,2024-02-04 04:00:00
Kinase_0036,BDBM124223,c1cc(ccc1N)c2ncnc3c2cc(cc3)C,Kinase,CDK2,235.29000000000002,3.1874200000000013,51.8,1,3,1,3,0.12702678610551008,0.9733334997890544,-0.2900901246126204,-0.811212437284188,0.12045466604305038,-1.3726528096588775,1.4277904424775893,7.570290452504348,2.8835073080632024e-08,Direct_Binding,37,6.895970472662455,Scaffold_276,Cluster_016,Validation,2024-02-04 05:00:00
GPCR_0091,BDBM976002,c1cc(ccc1O)CCNS(=O)(=O)N,GPCR,Serotonin_5HT2A,216.26199999999997,-0.2721999999999999,92.42,3,3,4,1,-0.4489565258545499,-1.7005768835269401,1.438222388688361,1.4393194680678412,0.12045466604305038,0.5868074657903506,-0.4885292248583149,9.0,1e-09,Direct_Binding,30,6.626002027863994,Scaffold_066,Cluster_122,Validation,2024-02-04 06:00:00
Kinase_0171,BDBM743003,c1cc(ccc1N)c2ncnc3c2cc(cc3)F,Kinase,ABL1,239.25300000000001,3.0181000000000004,51.8,1,3,1,3,0.24698799407785127,0.8424675358672751,-0.2900901246126204,-0.811212437284188,0.12045466604305038,-1.3726528096588775,1.4277904424775893,7.5528018355561715,2.7060895757391417e-08,Enzymatic,37,7.167804683226406,Scaffold_050,Cluster_064,Validation,2024-02-04 07:00:00
GPCR_0205,BDBM903562,C1CC(CCC1N)c2ccccc2OCC,GPCR,Dopamine_D2,219.328,3.0702000000000016,35.25,1,2,3,1,-0.35614777903567474,0.8827351753683665,-0.9942647207507601,-0.811212437284188,-0.7582577898393464,-0.06634595935939212,-0.4885292248583149,8.448264845932293,2.5591137493952874e-09,Functional,30,6.817549700257588,Scaffold_260,Cluster_058,Validation,2024-02-04 08:00:00
Protease_0236,BDBM788428,CC(C)CC(NC(=O)C)C(=O)NC(C)C,Protease,Trypsin,214.30899999999997,1.0617999999999999,58.2,2,2,5,0,-0.5080744262254768,-0.6695398183742544,-0.017780915229895392,0.3140535153918265,-0.7582577898393464,1.2399608909400932,-1.446689058526267,7.281272285924332,3.4515043183621886e-08,Functional,20,7.334324795749398,Scaffold_244,Cluster_163,Validation,2024-02-04 09:00:00
Protease_0203,BDBM162690,C1CCC(CC1)NC(=O)C(C)NC,Protease,Thrombin,184.28300000000002,1.0431999999999997,41.13,2,2,3,0,-1.4169705227628266,-0.6839155975435498,-0.7440806346303815,0.3140535153918265,-0.7582577898393464,-0.06634595935939212,-1.446689058526267,7.14102504682745,3.795315513803831e-08,Direct_Binding,30,7.1623179135395825,Scaffold_275,Cluster_001,Validation,2024-02-04 10:00:00
Protease_0193,BDBM914320,C1CCC(CC1)NC(=O)C(C)NC,Protease,Thrombin,184.28300000000002,1.0431999999999997,41.13,2,2,3,0,-1.4169705227628266,-0.6839155975435498,-0.7440806346303815,0.3140535153918265,-0.7582577898393464,-0.06634595935939212,-1.446689058526267,7.347284109585728,3.735537093633587e-08,Direct_Binding,30,7.1933775385188525,Scaffold_161,Cluster_084,Validation,2024-02-04 11:00:00
Protease_0290,BDBM805983,c1ccc(cc1)C(=O)NC(C)C(=O)Cl,Protease,Thrombin,211.64799999999997,1.5703,46.17,1,2,3,1,-0.5886237006172004,-0.27652456527819663,-0.5296371322414859,-0.811212437284188,-0.7582577898393464,-0.06634595935939212,-0.4885292248583149,7.278072138855592,3.7330087923121476e-08,Direct_Binding,37,7.147342134373091,Scaffold_054,Cluster_092,Validation,2024-02-04 12:00:00
Protease_0067,BDBM763877,C1CCC(CC1)NC(=O)C(C)NO,Protease,Thrombin,186.25500000000002,0.8026,61.36,3,3,3,0,-1.3572774866484036,-0.8698732571205633,0.11667175690282482,1.4393194680678412,0.12045466604305038,-0.06634595935939212,-1.446689058526267,7.826995794930956,1.3543529379457505e-08,Functional,37,7.495421512925456,Scaffold_117,Cluster_159,Validation,2024-02-04 13:00:00
Kinase_0096,BDBM726612,c1ccc(cc1)NC(=O)Nc2ccc(cc2)S(=O)(=O)N,Kinase,VEGFR2,291.33200000000005,1.9779999999999993,101.29,3,3,3,2,1.8234350670002766,0.038583239416518,1.8156259335672313,1.4393194680678412,0.12045466604305038,-0.06634595935939212,0.46963060880963725,6.214628757780181,4.845942853176341e-07,Functional,37,7.248826336963306,Scaffold_179,Cluster_124,Validation,2024-02-04 14:00:00
GPCR_0114,BDBM952092,c1ccc2c(c1)OCCn2CCCOCC,GPCR,Dopamine_D2,221.29999999999993,2.3120000000000003,21.700000000000003,0,3,5,1,-0.29645474292125434,0.2967289513812842,-1.5707943749907476,-1.9364783899602027,0.12045466604305038,1.2399608909400932,-0.4885292248583149,8.167803136112875,5.089623895927014e-09,Enzymatic,37,6.643001122665726,Scaffold_284,Cluster_144,Validation,2024-02-04 15:00:00
Kinase_0241,BDBM669578,c1cc(ccc1C(=O)N)Nc2nccc(n2)C(=O)NC,Kinase,ABL1,271.28000000000003,0.6787000000000001,110.0,3,5,4,2,1.2164549654960142,-0.9656344957805466,2.186221748211533,1.4393194680678412,1.877879577807844,0.5868074657903506,0.46963060880963725,6.046106889235094,7.747470386169032e-07,Functional,37,7.431753719432816,Scaffold_115,Cluster_038,Validation,2024-02-04 16:00:00
Protease_0076,BDBM523589,C1CCC(CC1)NC(=O)C(C)NC,Protease,Thrombin,184.28300000000002,1.0431999999999997,41.13,2,2,3,0,-1.4169705227628266,-0.6839155975435498,-0.7440806346303815,0.3140535153918265,-0.7582577898393464,-0.06634595935939212,-1.446689058526267,7.555397156918384,3.682961985227159e-08,Direct_Binding,37,7.103245422684029,Scaffold_239,Cluster_070,Validation,2024-02-04 17:00:00
GPCR_0125,BDBM344903,c1ccc2c(c1)OCCn2S(=O)(=O)NBr,GPCR,Adrenergic_Beta2,293.142,1.0296999999999998,58.64,1,3,2,1,1.8782243141438375,-0.6943496308115866,0.0009403429151668378,-0.811212437284188,0.12045466604305038,-0.7194993845091349,-0.4885292248583149,8.65877509258618,2.32881793256918e-09,Enzymatic,37,6.718207534552172,Scaffold_138,Cluster_082,Validation,2024-02-04 18:00:00
Protease_0024,BDBM902097,c1cc(ccc1S(=O)(=O)N)CC,Protease,Trypsin,185.24799999999996,0.8964000000000002,60.16,1,2,2,1,-1.3877596810536914,-0.7973760481915361,0.0656137801435638,-0.811212437284188,-0.7582577898393464,-0.7194993845091349,-0.4885292248583149,7.310267273972991,4.374866035212492e-08,Direct_Binding,25,7.387424535370361,Scaffold_028,Cluster_125,Validation,2024-02-04 19:00:00
GPCR_0011,BDBM322899,C1CC(CCC1N)c2ccccc2Br,GPCR,Dopamine_D2,254.17100000000002,3.434000000000002,26.02,1,1,1,1,0.6985603636290473,1.1639130496581322,-1.3869856586574083,-0.811212437284188,-1.6369702457217434,-1.3726528096588775,-0.4885292248583149,8.246555916311506,3.857053450235557e-09,Functional,37,7.347387930571374,Scaffold_236,Cluster_081,Validation,2024-02-04 20:00:00
GPCR_0104,BDBM748388,C1CC(CCC1N)c2ccccc2C(=O)O,GPCR,Serotonin_5HT2A,219.28400000000002,2.3697,63.32000000000001,2,2,2,1,-0.3574796723364017,0.34132478246022696,0.2000664522762846,0.3140535153918265,-0.7582577898393464,-0.7194993845091349,-0.4885292248583149,9.0,1e-09,Direct_Binding,20,7.070877416839476,Scaffold_225,Cluster_155,Validation,2024-02-04 21:00:00
Protease_0224,BDBM988217,c1ccc(cc1)C(=O)NC(C)C(=O)NC,Protease,Trypsin,206.24499999999998,0.5509,58.2,2,2,3,1,-0.7521741438860774,-1.064410010717963,-0.017780915229895392,0.3140535153918265,-0.7582577898393464,-0.06634595935939212,-0.4885292248583149,7.489684823444011,2.1556873153987865e-08,Functional,20,6.758107643173415,Scaffold_255,Cluster_138,Validation,2024-02-04 22:00:00
Kinase_0207,BDBM395818,c1cc(ccc1N)c2ncnc3c2cc(cc3)N(C)CN(C)C,Kinase,CDK2,307.4010000000001,2.8343000000000007,58.28,1,5,4,3,2.3098485544864142,0.7004101051513354,-0.014377050112611405,-0.811212437284188,1.877879577807844,0.5868074657903506,1.4277904424775893,7.635098290081299,2.754657484900129e-08,Enzymatic,25,6.604224802808348,Scaffold_224,Cluster_052,Validation,2024-02-04 23:00:00
Kinase_0393,BDBM294546,c1ccc(cc1)NC(=O)Nc2ccc(cc2),Kinase,CDK2,212.252,3.3306000000000004,41.13,2,1,2,2,-0.5703404380344854,1.0839960837385003,-0.7440806346303815,0.3140535153918265,-1.6369702457217434,-0.7194993845091349,0.46963060880963725,7.259611018946904,5.137623837165038e-08,Functional,30,6.944043749202203,Scaffold_034,Cluster_166,Validation,2024-02-05 00:00:00
Protease_0128,BDBM123823,C1CCC(CC1)NC(=O)C(C)NCl,Protease,Thrombin,204.70100000000002,1.5671999999999997,41.13,2,2,3,0,-0.798911490620695,-0.27892052847307947,-0.7440806346303815,0.3140535153918265,-0.7582577898393464,-0.06634595935939212,-1.446689058526267,7.413929314529048,2.08876190524507e-08,Direct_Binding,20,7.236473174619073,Scaffold_088,Cluster_049,Validation,2024-02-05 01:00:00
Kinase_0398,BDBM913712,c1cc(ccc1N)c2ncnc3c2cc(cc3),Kinase,ABL1,221.26300000000003,2.8790000000000004,51.8,1,3,1,3,-0.29757474410595375,0.7349583486388352,-0.2900901246126204,-0.811212437284188,0.12045466604305038,-1.3726528096588775,1.4277904424775893,7.876604856124812,9.081989156015425e-09,Direct_Binding,20,7.380314762148927,Scaffold_012,Cluster_153,Validation,2024-02-05 02:00:00
Protease_0100,BDBM538409,C1CCC(CC1)NC(=O)C(C)NN(C)CN,Protease,Trypsin,228.34,0.17640000000000222,70.39,3,4,5,0,-0.08335181480485448,-1.3538578224868374,0.500883032016263,1.4393194680678412,0.9991671219254472,1.2399608909400932,-1.446689058526267,7.776136207473583,1.8697951709897007e-08,Direct_Binding,37,7.148297527298801,Scaffold_287,Cluster_155,Validation,2024-02-05 03:00:00
Protease_0345,BDBM424333,C1CCC(CC1)NC(=O)C(C)NNCC(=O)N,Protease,Trypsin,242.323,-0.5966999999999978,96.25,4,4,6,0,0.3399178221058824,-1.9513801276364187,1.6011824311783354,2.5645854207438554,0.9991671219254472,1.8931143160898358,-1.446689058526267,8.048283801538656,1.0430459217597234e-08,Direct_Binding,25,6.591353242723556,Scaffold_230,Cluster_031,Validation,2024-02-05 04:00:00
Kinase_0218,BDBM617555,c1ccc(cc1)NC(=O)Nc2ccc(cc2)S(=O)(=O)NC(=O)O,Kinase,VEGFR2,335.34100000000007,2.2868999999999993,124.60000000000001,4,4,4,2,3.155600800448365,0.2773293784162666,2.807427132115874,2.5645854207438554,0.9991671219254472,0.5868074657903506,0.46963060880963725,6.319010208988997,2.629468979578685e-07,Direct_Binding,37,6.861853093205139,Scaffold_287,Cluster_076,Validation,2024-02-05 05:00:00
Kinase_0005,BDBM761938,c1cc(ccc1C(=O)N)Nc2nccc(n2)NC,Kinase,VEGFR2,243.27,1.3608,92.93,3,5,4,2,0.36858379837381267,-0.43844530377106605,1.459922028811047,1.4393194680678412,1.877879577807844,0.5868074657903506,0.46963060880963725,6.6294569937915,2.5999119654677145e-07,Direct_Binding,30,6.664706353432296,Scaffold_030,Cluster_016,Validation,2024-02-05 06:00:00
Protease_0102,BDBM530224,C1CCC(CC1)NC(=O)C(C)NNC,Protease,Thrombin,199.29800000000003,0.5477999999999997,53.160000000000004,3,3,4,0,-0.962461933889572,-1.0668059739128457,-0.2322244176187911,1.4393194680678412,0.12045466604305038,0.5868074657903506,-1.446689058526267,7.666318731275743,2.847609598077604e-08,Direct_Binding,37,6.9455178144931615,Scaffold_178,Cluster_050,Validation,2024-02-05 07:00:00
GPCR_0193,BDBM797802,c1cc(ccc1O)CCNSO,GPCR,Serotonin_5HT2A,185.248,1.6455000000000002,52.489999999999995,3,4,4,1,-1.3877596810536905,-0.2184031355184649,-0.26073178797604546,1.4393194680678412,0.9991671219254472,0.5868074657903506,-0.4885292248583149,9.0,1e-09,Functional,37,7.326858560972753,Scaffold_245,Cluster_135,Validation,2024-02-05 08:00:00
Protease_0243,BDBM377356,C1CCC(CC1)NC(=O)C(C)NS,Protease,Trypsin,202.32300000000004,1.2581999999999998,41.13,3,3,3,0,-0.8708942694645573,-0.5177439566081469,-0.7440806346303815,1.4393194680678412,0.12045466604305038,-0.06634595935939212,-1.446689058526267,7.780961575898648,1.0151971937830169e-08,Direct_Binding,25,6.58144721289116,Scaffold_076,Cluster_130,Validation,2024-02-05 09:00:00
GPCR_0163,BDBM276216,C1CC(CCC1N)c2ccccc2C(=O)OOCS,GPCR,Adrenergic_Beta2,281.37699999999995,2.647200000000001,61.55000000000001,2,5,4,1,1.5220942077106803,0.5558021329698758,0.12475593655637496,0.3140535153918265,1.877879577807844,0.5868074657903506,-0.4885292248583149,9.0,1e-09,Direct_Binding,37,7.009854009550458,Scaffold_033,Cluster_073,Validation,2024-02-05 10:00:00
Protease_0072,BDBM661645,c1ccc(cc1)C(=O)NC(C)C(=O)Br,Protease,Factor_Xa,256.09899999999993,1.7264,46.17,1,2,3,1,0.7569215064427398,-0.15587622504556234,-0.5296371322414859,-0.811212437284188,-0.7582577898393464,-0.06634595935939212,-0.4885292248583149,7.471123745403332,1.9050430205409983e-08,Direct_Binding,30,6.66916189384242,Scaffold_182,Cluster_064,Validation,2024-02-05 11:00:00
GPCR_0097,BDBM393042,C1CC(CCC1N)c2ccccc2C(=O)N,GPCR,Adrenergic_Beta2,218.3,1.7704000000000002,69.11,2,2,2,1,-0.3872656497890348,-0.12186900550529363,0.4464211901397181,0.3140535153918265,-0.7582577898393464,-0.7194993845091349,-0.4885292248583149,9.0,1e-09,Direct_Binding,25,6.989624462050244,Scaffold_034,Cluster_097,Validation,2024-02-05 12:00:00
Protease_0059,BDBM392426,C1CCC(CC1)NC(=O)C(C)NC(=O)NBr,Protease,Factor_Xa,292.177,1.4328999999999998,70.23,3,2,3,0,1.8490134724347014,-0.3827198372062171,0.4940753017816951,1.4393194680678412,-0.7582577898393464,-0.06634595935939212,-1.446689058526267,8.084275511376957,5.409259366478928e-09,Direct_Binding,25,6.661447686032921,Scaffold_142,Cluster_109,Validation,2024-02-05 13:00:00
Protease_0017,BDBM713350,C1CCC(CC1)NC(=O)C(C)NC(=O)NC(=O)O,Protease,Factor_Xa,257.29,0.8009999999999997,107.53000000000002,4,3,3,0,0.7929734364692523,-0.8711098832856642,2.0811274127153885,2.5645854207438554,0.12045466604305038,-0.06634595935939212,-1.446689058526267,8.705422350985843,2.5387021973989965e-09,Direct_Binding,30,6.510513224541653,Scaffold_130,Cluster_180,Validation,2024-02-05 14:00:00
Kinase_0099,BDBM885290,c1cc(ccc1N)c2ncnc3c2cc(cc3)O,Kinase,EGFR,237.26200000000003,2.5846000000000005,72.03,2,4,1,3,0.18671982221993305,0.5074191342603115,0.5706622669205863,0.3140535153918265,0.9991671219254472,-1.3726528096588775,1.4277904424775893,7.52649301849637,2.621815453748631e-08,Direct_Binding,37,6.852374946609654,Scaffold_015,Cluster_003,Validation,2024-02-05 15:00:00
Protease_0138,BDBM269218,C1CCC(CC1)NC(=O)C(C)NBr,Protease,Trypsin,249.15200000000002,1.7232999999999998,41.13,2,2,3,0,0.5466337164392461,-0.15827218824044498,-0.7440806346303815,0.3140535153918265,-0.7582577898393464,-0.06634595935939212,-1.446689058526267,7.549996415749537,2.4187985064789146e-08,Functional,30,7.474904272810235,Scaffold_252,Cluster_077,Validation,2024-02-05 16:00:00
Protease_0061,BDBM907927,CC(C)CC(NC(=O)C)C(=O)NSC(=O)O,Protease,Thrombin,248.30399999999997,0.9796000000000002,95.50000000000001,3,4,4,0,0.5209645000979515,-0.7330714876063011,1.569271195703798,1.4393194680678412,0.9991671219254472,0.5868074657903506,-1.446689058526267,8.362133292291286,2.3810411105898406e-09,Functional,37,7.037540143640347,Scaffold_221,Cluster_067,Validation,2024-02-05 17:00:00
GPCR_0124,BDBM565888,C1CC(CCC1N)c2ccccc2SC(C)C,GPCR,Adrenergic_Beta2,249.42300000000003,4.172000000000003,26.02,1,2,3,1,0.5548369683596363,1.7343068683108187,-1.3869856586574083,-0.811212437284188,-0.7582577898393464,-0.06634595935939212,-0.4885292248583149,8.802960857019682,1.4163281471796552e-09,Direct_Binding,37,6.720504263435647,Scaffold_069,Cluster_053,Validation,2024-02-05 18:00:00
Kinase_0407,BDBM506313,c1cc(ccc1C(=O)N)Nc2nccc(n2)C(=O)OSS,Kinase,ABL1,322.371,1.9689,107.2,3,8,5,2,2.7629949797566473,0.03154992810250852,2.067086469106591,1.4393194680678412,4.514016945455035,1.2399608909400932,0.46963060880963725,6.787829935592612,1.5027278524851e-07,Functional,37,6.72774973610321,Scaffold_203,Cluster_037,Validation,2024-02-05 19:00:00
GPCR_0053,BDBM201546,C1CC(CCC1N)c2ccccc2O,GPCR,Serotonin_5HT2A,191.27400000000003,2.377100000000001,46.25,2,2,1,1,-1.2053508394586023,0.3470441784738183,-0.5262332671242019,0.3140535153918265,-0.7582577898393464,-1.3726528096588775,-0.4885292248583149,8.389500176626875,1.1746569509264388e-09,Functional,25,7.303804890483475,Scaffold_111,Cluster_076,Validation,2024-02-05 20:00:00
Kinase_0048,BDBM516332,c1ccc(cc1)NC(=O)Nc2ccc(cc2),Kinase,EGFR,212.252,3.3306000000000004,41.13,2,1,2,2,-0.5703404380344854,1.0839960837385003,-0.7440806346303815,0.3140535153918265,-1.6369702457217434,-0.7194993845091349,0.46963060880963725,7.616214333932838,3.723100861350715e-08,Direct_Binding,30,6.70201566840249,Scaffold_232,Cluster_007,Test,2024-02-05 21:00:00
Kinase_0033,BDBM275445,c1cc(ccc1C(=O)N)Nc2nccc(n2),Kinase,VEGFR2,214.228,1.3191,80.9,2,4,3,2,-0.5105263207109058,-0.47067487319900236,0.9480658117994566,0.3140535153918265,0.9991671219254472,-0.06634595935939212,0.46963060880963725,6.67040441628931,3.702865591033204e-07,Enzymatic,25,7.077593365881158,Scaffold_159,Cluster_008,Test,2024-02-05 22:00:00
Protease_0113,BDBM728692,c1cc(ccc1S(=O)(=O)N)CCl,Protease,Factor_Xa,205.66599999999997,1.0728000000000002,60.16,1,2,2,1,-0.7697006489115598,-0.661038013489187,0.0656137801435638,-0.811212437284188,-0.7582577898393464,-0.7194993845091349,-0.4885292248583149,7.497582166584283,1.8253246841100964e-08,Functional,25,6.957900295127072,Scaffold_276,Cluster_167,Test,2024-02-05 23:00:00
Protease_0173,BDBM584664,C1CCC(CC1)NC(=O)C(C)NC(=O)O,Protease,Thrombin,214.26500000000001,1.0914,78.43,3,2,3,0,-0.5094063195262029,-0.6466622343198919,0.8429714763033114,1.4393194680678412,-0.7582577898393464,-0.06634595935939212,-1.446689058526267,8.054682258087677,9.817526482144408e-09,Direct_Binding,37,6.890917426841162,Scaffold_156,Cluster_165,Test,2024-02-06 00:00:00
Kinase_0201,BDBM259540,c1ccc(cc1)NC(=O)Nc2ccc(cc2)C(=O)N,Kinase,EGFR,255.277,2.429499999999999,84.22,3,2,3,2,0.7320393179609689,0.387543685380864,1.0893262141667448,1.4393194680678412,-0.7582577898393464,-0.06634595935939212,0.46963060880963725,6.7727991040522415,1.0081510012032889e-07,Functional,20,7.107089578718754,Scaffold_170,Cluster_108,Test,2024-02-06 01:00:00
Kinase_0135,BDBM892170,c1ccc2c(c1)ncc(n2)c3ccccc3C(=O)NS(=O)(=O)N,Kinase,ABL1,328.35300000000007,1.2300999999999993,115.04,2,5,3,3,2.944071928051009,-0.5394622036327278,2.400665250600429,0.3140535153918265,1.877879577807844,-0.06634595935939212,1.4277904424775893,6.2654353648649295,3.709975671859377e-07,Functional,37,7.046648220187788,Scaffold_120,Cluster_021,Test,2024-02-06 02:00:00
Kinase_0028,BDBM884225,c1cc(ccc1N)c2ncnc3c2cc(cc3)C(C)C,Kinase,VEGFR2,263.34400000000005,4.002400000000002,51.8,1,3,2,3,0.9762298465284395,1.6032244948101468,-0.2900901246126204,-0.811212437284188,0.12045466604305038,-0.7194993845091349,1.4277904424775893,7.988906702751852,1.0489637419746692e-08,Functional,37,7.464476653900812,Scaffold_261,Cluster_095,Test,2024-02-06 03:00:00
Protease_0226,BDBM894758,C1CCC(CC1)NC(=O)C(C)NNC,Protease,Trypsin,199.29800000000003,0.5477999999999997,53.160000000000004,3,3,4,0,-0.962461933889572,-1.0668059739128457,-0.2322244176187911,1.4393194680678412,0.12045466604305038,0.5868074657903506,-1.446689058526267,7.357644127990128,2.2973430286395946e-08,Enzymatic,30,6.633284258082173,Scaffold_209,Cluster_120,Test,2024-02-06 04:00:00
Kinase_0231,BDBM446290,c1cc(ccc1C(=O)N)Nc2nccc(n2)Br,Kinase,ABL1,293.124,2.0816,80.9,2,4,3,2,1.8776794487026316,0.11865478360678701,0.9480658117994566,0.3140535153918265,0.9991671219254472,-0.06634595935939212,0.46963060880963725,6.671957005242428,1.2889533227220466e-07,Direct_Binding,37,6.505505799160421,Scaffold_074,Cluster_038,Test,2024-02-06 05:00:00
GPCR_0040,BDBM608763,c1cc(ccc1O)CCNOCC,GPCR,Serotonin_5HT2A,181.23499999999996,1.4758000000000002,41.489999999999995,2,3,5,1,-1.509234404140496,-0.349562798154455,-0.7287632416026036,0.3140535153918265,0.12045466604305038,1.2399608909400932,-0.4885292248583149,8.719312783215067,2.7942128960263647e-09,Direct_Binding,30,6.855319748473888,Scaffold_277,Cluster_115,Test,2024-02-06 06:00:00
Protease_0106,BDBM748938,C1CCC(CC1)NC(=O)C(C)NS,Protease,Thrombin,202.32300000000004,1.2581999999999998,41.13,3,3,3,0,-0.8708942694645573,-0.5177439566081469,-0.7440806346303815,1.4393194680678412,0.12045466604305038,-0.06634595935939212,-1.446689058526267,7.90270183481989,1.4455804145130019e-08,Functional,37,6.63945023620516,Scaffold_162,Cluster_161,Test,2024-02-06 07:00:00
Kinase_0379,BDBM262555,c1ccc2c(c1)ncc(n2)c3ccccc3,Kinase,CDK2,206.248,3.296800000000001,25.78,0,2,1,3,-0.7520833329792092,1.057872356000749,-1.3971972540092605,-1.9364783899602027,-0.7582577898393464,-1.3726528096588775,1.4277904424775893,8.26049443998265,1.3520850865496149e-08,Functional,37,7.26190181260487,Scaffold_004,Cluster_098,Test,2024-02-06 08:00:00
Kinase_0289,BDBM799080,c1ccc2c(c1)ncc(n2)c3ccccc3N,Kinase,CDK2,221.26299999999998,2.8789999999999996,51.8,1,3,1,3,-0.29757474410595547,0.7349583486388346,-0.2900901246126204,-0.811212437284188,0.12045466604305038,-1.3726528096588775,1.4277904424775893,7.715672780160255,1.1930395288216184e-08,Enzymatic,37,7.112573468344819,Scaffold_028,Cluster_143,Test,2024-02-06 09:00:00
Kinase_0419,BDBM772036,c1ccc(cc1)NC(=O)Nc2ccc(cc2)S(=O)(=O)NNC,Kinase,VEGFR2,320.374,1.7432999999999994,99.33000000000001,4,4,5,2,2.7025451860849943,-0.1428143611766869,1.7322312381937721,2.5645854207438554,0.9991671219254472,1.2399608909400932,0.46963060880963725,6.624341577609574,2.8429639919849914e-07,Functional,30,7.444042093825398,Scaffold_184,Cluster_041,Test,2024-02-06 10:00:00
Protease_0008,BDBM405998,c1ccc(cc1)C(=O)NC(C)C(=O)C(C)C,Protease,Factor_Xa,219.28399999999996,2.0300000000000002,46.17,1,2,4,1,-0.35747967233640343,0.07877358978229058,-0.5296371322414859,-0.811212437284188,-0.7582577898393464,0.5868074657903506,-0.4885292248583149,7.270839788605071,2.204042409330419e-08,Direct_Binding,37,6.5393618798197295,Scaffold_062,Cluster_153,Test,2024-02-06 11:00:00
Kinase_0392,BDBM869295,c1cc(ccc1N)c2ncnc3c2cc(cc3),Kinase,CDK2,221.26300000000003,2.8790000000000004,51.8,1,3,1,3,-0.29757474410595375,0.7349583486388352,-0.2900901246126204,-0.811212437284188,0.12045466604305038,-1.3726528096588775,1.4277904424775893,7.747311875725976,1.679782591721836e-08,Direct_Binding,37,6.639196701345695,Scaffold_037,Cluster_114,Test,2024-02-06 12:00:00
GPCR_0143,BDBM736667,c1cc(ccc1O)CCNN(C)C,GPCR,Adrenergic_Beta2,180.25099999999998,1.0009000000000001,35.5,2,3,4,1,-1.5390203815931283,-0.7166089017833985,-0.9836276422592474,0.3140535153918265,0.12045466604305038,0.5868074657903506,-0.4885292248583149,8.703499151813018,2.6203806742629405e-09,Enzymatic,20,6.738146653665696,Scaffold_033,Cluster_081,Test,2024-02-06 13:00:00
GPCR_0049,BDBM797640,C1CC(CCC1N)c2ccccc2Br,GPCR,Dopamine_D2,254.17100000000002,3.434000000000002,26.02,1,1,1,1,0.6985603636290473,1.1639130496581322,-1.3869856586574083,-0.811212437284188,-1.6369702457217434,-1.3726528096588775,-0.4885292248583149,8.34955339453995,6.346399585445724e-09,Functional,37,6.58273683561819,Scaffold_272,Cluster_028,Test,2024-02-06 14:00:00
Kinase_0139,BDBM903072,c1ccc2c(c1)ncc(n2)c3ccccc3,Kinase,EGFR,206.248,3.296800000000001,25.78,0,2,1,3,-0.7520833329792092,1.057872356000749,-1.3971972540092605,-1.9364783899602027,-0.7582577898393464,-1.3726528096588775,1.4277904424775893,8.054051582605451,8.77860741478002e-09,Direct_Binding,20,6.922548428311945,Scaffold_212,Cluster_071,Test,2024-02-06 15:00:00
Kinase_0063,BDBM748127,c1cc(ccc1N)c2ncnc3c2cc(cc3)N,Kinase,VEGFR2,236.27800000000002,2.4612,77.82,2,4,1,3,0.15693384476729993,0.41204434127692163,0.8170170047840197,0.3140535153918265,0.9991671219254472,-1.3726528096588775,1.4277904424775893,7.249073753899095,4.1765550205403875e-08,Direct_Binding,20,7.134671273253941,Scaffold_083,Cluster_117,Test,2024-02-06 16:00:00
GPCR_0022,BDBM562139,C1CC(CCC1N)c2ccccc2CCC(=O)O,GPCR,Dopamine_D2,247.338,2.6887000000000008,63.32000000000001,2,2,4,1,0.49172338808652594,0.5878771241271743,0.2000664522762846,0.3140535153918265,-0.7582577898393464,0.5868074657903506,-0.4885292248583149,9.0,1.061529725710848e-09,Functional,30,6.710793101550029,Scaffold_100,Cluster_071,Test,2024-02-06 17:00:00
GPCR_0198,BDBM615856,C1CN(CCN1)c2ccc(cc2)S(=O)(=O)NO,GPCR,Adrenergic_Beta2,257.315,-0.2362999999999994,81.67,3,5,3,1,0.7937301940264831,-1.6728300839474937,0.9808280135533155,1.4393194680678412,1.877879577807844,-0.06634595935939212,-0.4885292248583149,9.0,1e-09,Functional,30,6.530103872211319,Scaffold_128,Cluster_051,Test,2024-02-06 18:00:00
Kinase_0129,BDBM400692,c1ccc2c(c1)ncc(n2)c3ccccc3O,Kinase,ABL1,222.24699999999999,3.002400000000001,46.010000000000005,1,3,1,3,-0.26778876665332235,0.8303331416222252,-0.5364448624760538,-0.811212437284188,0.12045466604305038,-1.3726528096588775,1.4277904424775893,7.799173704763146,2.738810201574445e-08,Functional,37,7.170732311905834,Scaffold_092,Cluster_181,Test,2024-02-06 19:00:00
Protease_0324,BDBM263448,c1cc(ccc1S(=O)(=O)N)COCS,Protease,Factor_Xa,233.31399999999996,0.7379000000000002,69.39,2,4,4,1,0.06721266878192862,-0.9198793276718216,0.4583347180502123,0.3140535153918265,0.9991671219254472,0.5868074657903506,-0.4885292248583149,8.05675302441289,1.381145333416088e-08,Direct_Binding,37,6.949037760369961,Scaffold_093,Cluster_156,Test,2024-02-06 20:00:00
GPCR_0071,BDBM814982,c1cc(ccc1O)CCNBr,GPCR,Adrenergic_Beta2,216.07799999999997,1.8342,32.26,2,2,3,1,-0.4545262614757739,-0.07255853717190441,-1.1214841795092518,0.3140535153918265,-0.7582577898393464,-0.06634595935939212,-0.4885292248583149,8.404745740309812,3.067600345280214e-09,Direct_Binding,30,7.277049285651756,Scaffold_016,Cluster_117,Test,2024-02-06 21:00:00
Protease_0172,BDBM356757,c1cc(ccc1S(=O)(=O)N)CCC,Protease,Thrombin,199.27499999999995,1.2865000000000002,60.16,1,2,3,1,-0.9631581508422274,-0.49587113131292837,0.0656137801435638,-0.811212437284188,-0.7582577898393464,-0.06634595935939212,-0.4885292248583149,7.645285976485062,5.617351535501643e-08,Functional,37,6.866678879702981,Scaffold_254,Cluster_073,Test,2024-02-06 22:00:00
Protease_0310,BDBM712614,C1CCC(CC1)NC(=O)C(C)NNNC,Protease,Trypsin,214.31300000000005,0.052400000000000946,65.19,4,4,5,0,-0.5079533450163175,-1.4496963502821405,0.2796317993927991,2.5645854207438554,0.9991671219254472,1.2399608909400932,-1.446689058526267,7.894726566472415,1.577999868509725e-08,Direct_Binding,37,6.860059901930726,Scaffold_062,Cluster_042,Test,2024-02-06 23:00:00
Kinase_0065,BDBM188406,c1cc(ccc1N)c2ncnc3c2cc(cc3)N(C)CCl,Kinase,EGFR,298.77700000000004,3.5115000000000016,55.04,1,4,3,3,2.0487974675438245,1.223812129530196,-0.1522335873626159,-0.811212437284188,0.9991671219254472,-0.06634595935939212,1.4277904424775893,7.872869873359129,2.1653330245677272e-08,Enzymatic,25,7.381927758304644,Scaffold_170,Cluster_151,Test,2024-02-07 00:00:00
Protease_0146,BDBM309490,C1CCC(CC1)NC(=O)C(C)NS(=O)(=O)N,Protease,Trypsin,249.336,-0.3830999999999986,101.29,3,3,4,0,0.5522034520604701,-1.7862905345954796,1.8156259335672313,1.4393194680678412,0.12045466604305038,0.5868074657903506,-1.446689058526267,7.905305057925236,1.6180985353003386e-08,Functional,25,7.107324416793066,Scaffold_046,Cluster_033,Test,2024-02-07 01:00:00
Kinase_0015,BDBM428709,c1ccc2c(c1)ncc(n2)c3ccccc3SF,Kinase,VEGFR2,256.305,4.2734000000000005,25.78,0,3,2,3,0.7631571887143298,1.8126780515240717,-1.3971972540092605,-1.9364783899602027,0.12045466604305038,-0.7194993845091349,1.4277904424775893,8.014982325123047,5.53514761538481e-09,Functional,20,7.4849896561408755,Scaffold_049,Cluster_083,Test,2024-02-07 02:00:00
Kinase_0157,BDBM872924,c1ccc2c(c1)ncc(n2)c3ccccc3C(=O)OC(=O)N,Kinase,ABL1,293.28200000000004,2.5322999999999993,95.17,1,5,2,3,1.8824621564643353,0.4669969164885824,1.5552302520950005,-0.811212437284188,1.877879577807844,-0.7194993845091349,1.4277904424775893,7.417567176671715,9.514092727130007e-08,Direct_Binding,30,7.203685977460796,Scaffold_207,Cluster_005,Test,2024-02-07 03:00:00
Kinase_0041,BDBM363871,c1cc(ccc1N)c2ncnc3c2cc(cc3)C(C)CO,Kinase,EGFR,279.3430000000001,2.9748000000000014,72.03,2,4,3,3,1.460524412854327,0.8090013402742389,0.5706622669205863,0.3140535153918265,0.9991671219254472,-0.06634595935939212,1.4277904424775893,7.588903986999313,3.33473936502743e-08,Direct_Binding,20,7.293261350438255,Scaffold_199,Cluster_032,Test,2024-02-07 04:00:00
GPCR_0043,BDBM205706,C1CC(CCC1N)c2ccccc2NC,GPCR,Dopamine_D2,204.31700000000004,2.7132000000000005,38.05,2,2,2,1,-0.8105352866997708,0.6068129622802781,-0.8751294416458181,0.3140535153918265,-0.7582577898393464,-0.7194993845091349,-0.4885292248583149,8.93839172628976,1.16798068299943e-09,Functional,30,6.710506939665343,Scaffold_209,Cluster_014,Test,2024-02-07 05:00:00
Kinase_0380,BDBM571213,c1cc(ccc1N)c2ncnc3c2cc(cc3)C(=O)N,Kinase,ABL1,264.288,1.9778999999999995,94.89,2,4,2,3,1.0048050118895007,0.03850595028119939,1.5433167241845063,0.3140535153918265,0.9991671219254472,-0.7194993845091349,1.4277904424775893,6.813764257196727,1.280143605900697e-07,Direct_Binding,25,7.333649961937586,Scaffold_196,Cluster_084,Test,2024-02-07 06:00:00
Kinase_0188,BDBM403662,c1cc(ccc1C(=O)N)Nc2nccc(n2),Kinase,EGFR,214.228,1.3191,80.9,2,4,3,2,-0.5105263207109058,-0.47067487319900236,0.9480658117994566,0.3140535153918265,0.9991671219254472,-0.06634595935939212,0.46963060880963725,6.66150466310147,2.0728759124808742e-07,Functional,37,7.409626819436593,Scaffold_243,Cluster_142,Test,2024-02-07 07:00:00
Protease_0097,BDBM501975,c1ccc(cc1)C(=O)NC(C)C(=O)NC,Protease,Factor_Xa,206.24499999999998,0.5509,58.2,2,2,3,1,-0.7521741438860774,-1.064410010717963,-0.017780915229895392,0.3140535153918265,-0.7582577898393464,-0.06634595935939212,-0.4885292248583149,7.64141767518885,3.092682598105039e-08,Direct_Binding,25,7.004502924054836,Scaffold_071,Cluster_123,Test,2024-02-07 08:00:00
Kinase_0217,BDBM115440,c1cc(ccc1C(=O)N)Nc2nccc(n2),Kinase,ABL1,214.228,1.3191,80.9,2,4,3,2,-0.5105263207109058,-0.47067487319900236,0.9480658117994566,0.3140535153918265,0.9991671219254472,-0.06634595935939212,0.46963060880963725,6.556505217819365,2.3217613784745053e-07,Direct_Binding,37,6.754391580841847,Scaffold_176,Cluster_095,Test,2024-02-07 09:00:00
Protease_0125,BDBM817606,c1cc(ccc1S(=O)(=O)N)CNC,Protease,Factor_Xa,200.26299999999998,0.05340000000000017,72.19,2,3,3,1,-0.9332510921804368,-1.4489234589289532,0.5774699971551543,0.3140535153918265,0.12045466604305038,-0.06634595935939212,-0.4885292248583149,7.900996946758535,1.678931402981697e-08,Direct_Binding,30,7.026094013251542,Scaffold_094,Cluster_037,Test,2024-02-07 10:00:00
Kinase_0053,BDBM675074,c1ccc(cc1)NC(=O)Nc2ccc(cc2)Br,Kinase,CDK2,291.148,4.093100000000001,41.13,2,1,2,2,1.8178653313790518,1.6733257405442898,-0.7440806346303815,0.3140535153918265,-1.6369702457217434,-0.7194993845091349,0.46963060880963725,7.465190699954107,4.3959843341713794e-08,Direct_Binding,25,6.940323418368349,Scaffold_050,Cluster_081,Test,2024-02-07 11:00:00
Protease_0212,BDBM481024,CC(C)CC(NC(=O)C)C(=O)NOCC,Protease,Thrombin,216.28099999999995,0.6048999999999998,67.43,2,3,6,0,-0.4483813901110547,-1.0226738776458153,0.37494002267675314,0.3140535153918265,0.12045466604305038,1.8931143160898358,-1.446689058526267,7.404250518037777,3.458108012378972e-08,Enzymatic,25,7.079313402788461,Scaffold_160,Cluster_097,Test,2024-02-07 12:00:00
Kinase_0338,BDBM432125,c1ccc2c(c1)ncc(n2)c3ccccc3F,Kinase,ABL1,224.23799999999997,3.435900000000001,25.78,0,2,1,3,-0.20752059479540413,1.1653815432291887,-1.3971972540092605,-1.9364783899602027,-0.7582577898393464,-1.3726528096588775,1.4277904424775893,7.89652112375205,9.69156667939736e-09,Direct_Binding,25,6.571711888847651,Scaffold_182,Cluster_141,Test,2024-02-07 13:00:00
Protease_0082,BDBM571288,C1CCC(CC1)NC(=O)C(C)NCCC,Protease,Thrombin,212.337,1.8233999999999995,41.13,2,2,5,0,-0.5677674623398989,-0.0809057637863344,-0.7440806346303815,0.3140535153918265,-0.7582577898393464,1.2399608909400932,-1.446689058526267,7.331797803145455,5.998123581596006e-08,Functional,37,7.111341656247726,Scaffold_091,Cluster_007,Test,2024-02-07 14:00:00
Protease_0053,BDBM528360,c1ccc(cc1)C(=O)NC(C)C(=O)CCCC,Protease,Factor_Xa,233.31099999999992,2.5642000000000005,46.17,1,2,6,1,0.06712185787505955,0.49165215065527795,-0.5296371322414859,-0.811212437284188,-0.7582577898393464,1.8931143160898358,-0.4885292248583149,7.464234435100777,5.8570896105113164e-08,Direct_Binding,37,7.070853936278762,Scaffold_221,Cluster_161,Test,2024-02-07 15:00:00
Protease_0058,BDBM728357,c1cc(ccc1S(=O)(=O)N)CCCC,Protease,Trypsin,213.30199999999994,1.6766000000000003,60.16,1,2,4,1,-0.5385566206307636,-0.19436621443432048,0.0656137801435638,-0.811212437284188,-0.7582577898393464,0.5868074657903506,-0.4885292248583149,7.4718022698387285,4.3048020784633435e-08,Enzymatic,37,6.591325734333557,Scaffold_130,Cluster_112,Test,2024-02-07 16:00:00
Kinase_0296,BDBM115799,c1ccc(cc1)NC(=O)Nc2ccc(cc2),Kinase,EGFR,212.252,3.3306000000000004,41.13,2,1,2,2,-0.5703404380344854,1.0839960837385003,-0.7440806346303815,0.3140535153918265,-1.6369702457217434,-0.7194993845091349,0.46963060880963725,7.353709560710902,4.4793559205218645e-08,Functional,25,6.642137123793457,Scaffold_256,Cluster_166,Test,2024-02-07 17:00:00
Protease_0035,BDBM496811,C1CCC(CC1)NC(=O)C(C)NS,Protease,Factor_Xa,202.32300000000004,1.2581999999999998,41.13,3,3,3,0,-0.8708942694645573,-0.5177439566081469,-0.7440806346303815,1.4393194680678412,0.12045466604305038,-0.06634595935939212,-1.446689058526267,7.862236119265196,9.041576115855707e-09,Functional,30,7.079829576047725,Scaffold_047,Cluster_083,Test,2024-02-07 18:00:00
Kinase_0252,BDBM905459,c1cc(ccc1C(=O)N)Nc2nccc(n2)NC(=O)N,Kinase,VEGFR2,272.26800000000003,0.8097000000000001,136.02,4,5,4,2,1.2463620241578042,-0.8643857285129289,3.293328877608174,2.5645854207438554,1.877879577807844,0.5868074657903506,0.46963060880963725,6.114298292058216,7.345639590442646e-07,Enzymatic,37,6.6314891198979815,Scaffold_095,Cluster_102,Test,2024-02-07 19:00:00
Protease_0060,BDBM434918,C1CCC(CC1)NC(=O)C(C)NNCS(=O)(=O)NC(C)C,Protease,Trypsin,320.45900000000006,0.20330000000000203,99.33000000000001,4,5,8,0,2.7051181617795823,-1.3330670450860824,1.7322312381937721,2.5645854207438554,1.877879577807844,3.1994211663893215,-1.446689058526267,8.209776861560243,5.836877764222804e-09,Direct_Binding,25,7.460746302771355,Scaffold_134,Cluster_046,Test,2024-02-07 20:00:00
GPCR_0012,BDBM294655,C1CC(CCC1N)c2ccccc2F,GPCR,Serotonin_5HT2A,193.26500000000001,2.810600000000001,26.02,1,1,1,1,-1.1450826676006842,0.6820925800807819,-1.3869856586574083,-0.811212437284188,-1.6369702457217434,-1.3726528096588775,-0.4885292248583149,8.386729520857415,2.9646763133287643e-09,Enzymatic,25,6.562394068598278,Scaffold_206,Cluster_084,Test,2024-02-07 21:00:00
GPCR_0006,BDBM627028,c1cc(ccc1O)CCNN(C)C,GPCR,Dopamine_D2,180.25099999999998,1.0009000000000001,35.5,2,3,4,1,-1.5390203815931283,-0.7166089017833985,-0.9836276422592474,0.3140535153918265,0.12045466604305038,0.5868074657903506,-0.4885292248583149,8.734504469318427,2.3942449212774016e-09,Functional,25,6.530026005329393,Scaffold_103,Cluster_157,Test,2024-02-07 22:00:00
Protease_0344,BDBM335746,C1CCC(CC1)NC(=O)C(C)NCl,Protease,Thrombin,204.70100000000002,1.5671999999999997,41.13,2,2,3,0,-0.798911490620695,-0.27892052847307947,-0.7440806346303815,0.3140535153918265,-0.7582577898393464,-0.06634595935939212,-1.446689058526267,7.417293723540239,2.6721942882823117e-08,Direct_Binding,30,7.046476361025377,Scaffold_117,Cluster_009,Test,2024-02-07 23:00:00
Protease_0149,BDBM407213,CC(C)CC(NC(=O)C)C(=O)NCl,Protease,Factor_Xa,206.67299999999997,0.8071999999999999,58.2,2,2,4,0,-0.7392184545062738,-0.866317956895899,-0.017780915229895392,0.3140535153918265,-0.7582577898393464,0.5868074657903506,-1.446689058526267,7.4603506414420915,4.475752960454248e-08,Functional,37,6.564094711036176,Scaffold_180,Cluster_165,Test,2024-02-08 00:00:00
Protease_0196,BDBM660118,C1CCC(CC1)NC(=O)C(C)NS(=O)(=O)N,Protease,Factor_Xa,249.336,-0.3830999999999986,101.29,3,3,4,0,0.5522034520604701,-1.7862905345954796,1.8156259335672313,1.4393194680678412,0.12045466604305038,0.5868074657903506,-1.446689058526267,7.985359395031252,5.055347739547456e-09,Enzymatic,20,7.311627014444854,Scaffold_042,Cluster_073,Test,2024-02-08 01:00:00
Kinase_0270,BDBM508024,c1cc(ccc1C(=O)N)Nc2nccc(n2)N,Kinase,EGFR,229.243,0.9013000000000002,106.92,3,5,3,2,-0.056017731837652046,-0.7935888805609154,2.055172941196097,1.4393194680678412,1.877879577807844,-0.06634595935939212,0.46963060880963725,6.433540086592914,3.9319939738013625e-07,Functional,37,7.186589913492607,Scaffold_174,Cluster_083,Test,2024-02-08 02:00:00
Kinase_0202,BDBM152042,c1cc(ccc1N)c2ncnc3c2cc(cc3)N(C)C,Kinase,EGFR,264.33200000000005,2.945000000000001,55.04,1,4,2,3,1.0061369051902294,0.7859691779492386,-0.1522335873626159,-0.811212437284188,0.9991671219254472,-0.7194993845091349,1.4277904424775893,7.755723678955236,1.4434749301001986e-08,Direct_Binding,37,7.131307553091989,Scaffold_232,Cluster_145,Test,2024-02-08 03:00:00
Kinase_0162,BDBM331307,c1ccc2c(c1)ncc(n2)c3ccccc3OS(=O)(=O)NOCC,Kinase,VEGFR2,345.3800000000001,2.461499999999999,90.41000000000001,1,6,6,3,3.459484365130258,0.41227620868287745,1.3527002776165995,-0.811212437284188,2.7565920336902408,1.8931143160898358,1.4277904424775893,7.133907690561368,9.828623534951551e-08,Direct_Binding,25,6.968767965464506,Scaffold_049,Cluster_146,Test,2024-02-08 04:00:00
GPCR_0106,BDBM790881,C1CC(CCC1N)c2ccccc2OC,GPCR,Serotonin_5HT2A,205.30100000000002,2.6801000000000013,35.25,1,2,2,1,-0.7807493092471386,0.5812302584897585,-0.9942647207507601,-0.811212437284188,-0.7582577898393464,-0.7194993845091349,-0.4885292248583149,8.761809165575322,3.49413886617705e-09,Direct_Binding,25,6.7786430631150365,Scaffold_269,Cluster_011,Test,2024-02-08 05:00:00
Protease_0063,BDBM760891,c1ccc(cc1)C(=O)NC(C)C(=O)C(=O)O,Protease,Factor_Xa,221.21199999999996,0.4585999999999999,83.47,2,3,4,1,-0.2991185295227083,-1.135747882617208,1.0574149786922067,0.3140535153918265,0.12045466604305038,0.5868074657903506,-0.4885292248583149,7.569870392108261,2.02542319633189e-08,Enzymatic,25,6.757631998763529,Scaffold_132,Cluster_131,Test,2024-02-08 06:00:00
Kinase_0402,BDBM856027,c1ccc2c(c1)ncc(n2)c3ccccc3S(=O)(=O)NOCC,Kinase,ABL1,329.3810000000001,2.5265999999999993,81.18,1,5,5,3,2.97518979880437,0.4625914357754112,0.9599793397099509,-0.811212437284188,1.877879577807844,1.2399608909400932,1.4277904424775893,6.991481746556933,1.0044621303508703e-07,Direct_Binding,30,6.701312107822433,Scaffold_011,Cluster_015,Test,2024-02-08 07:00:00
Protease_0036,BDBM736613,CC(C)CC(NC(=O)C)C(=O)NSCCC,Protease,Trypsin,246.37599999999995,1.7115999999999998,58.2,2,3,7,0,0.46260335728425545,-0.16731501707274368,-0.017780915229895392,0.3140535153918265,0.12045466604305038,2.5462677412395784,-1.446689058526267,7.776964156925785,3.538900410547034e-08,Direct_Binding,37,6.782550267518639,Scaffold_032,Cluster_183,Test,2024-02-08 08:00:00
GPCR_0027,BDBM274195,C1CC(CCC1N)c2ccccc2Br,GPCR,Adrenergic_Beta2,254.17100000000002,3.434000000000002,26.02,1,1,1,1,0.6985603636290473,1.1639130496581322,-1.3869856586574083,-0.811212437284188,-1.6369702457217434,-1.3726528096588775,-0.4885292248583149,8.316103455408436,4.1644223205585235e-09,Direct_Binding,20,6.667491089094108,Scaffold_286,Cluster_034,Test,2024-02-08 09:00:00
Protease_0155,BDBM581498,C1CCC(CC1)NC(=O)C(C)NC,Protease,Trypsin,184.28300000000002,1.0431999999999997,41.13,2,2,3,0,-1.4169705227628266,-0.6839155975435498,-0.7440806346303815,0.3140535153918265,-0.7582577898393464,-0.06634595935939212,-1.446689058526267,7.499300492622347,2.6160667883783316e-08,Direct_Binding,37,7.343812863658306,Scaffold_031,Cluster_128,Test,2024-02-08 10:00:00
Protease_0105,BDBM130451,c1ccc(cc1)C(=O)NC(C)C(=O)OC,Protease,Thrombin,207.22899999999996,0.9779,55.400000000000006,1,3,3,1,-0.7223881664334452,-0.7343854029067208,-0.13691619433483734,-0.811212437284188,0.12045466604305038,-0.06634595935939212,-0.4885292248583149,7.774970801010065,2.410364528470932e-08,Enzymatic,25,7.363431577789385,Scaffold_192,Cluster_017,Test,2024-02-08 11:00:00
Kinase_0106,BDBM659713,c1ccc2c(c1)ncc(n2)c3ccccc3,Kinase,VEGFR2,206.248,3.296800000000001,25.78,0,2,1,3,-0.7520833329792092,1.057872356000749,-1.3971972540092605,-1.9364783899602027,-0.7582577898393464,-1.3726528096588775,1.4277904424775893,7.992631628522181,1.3482100025962653e-08,Direct_Binding,25,6.825104015431699,Scaffold_049,Cluster_018,Test,2024-02-08 12:00:00
GPCR_0116,BDBM117438,c1cc(ccc1O)CCNOCC,GPCR,Serotonin_5HT2A,181.23499999999996,1.4758000000000002,41.489999999999995,2,3,5,1,-1.509234404140496,-0.349562798154455,-0.7287632416026036,0.3140535153918265,0.12045466604305038,1.2399608909400932,-0.4885292248583149,8.81155445217738,1e-09,Functional,37,7.297732263348214,Scaffold_087,Cluster_036,Test,2024-02-08 13:00:00
Kinase_0390,BDBM630535,c1ccc2c(c1)ncc(n2)c3ccccc3CC,Kinase,ABL1,234.30199999999996,3.859200000000002,25.78,0,2,2,3,0.09711972744371848,1.4925464530336363,-1.3971972540092605,-1.9364783899602027,-0.7582577898393464,-0.7194993845091349,1.4277904424775893,7.936220451650641,1.021744542417339e-08,Enzymatic,25,6.847277039030508,Scaffold_001,Cluster_039,Test,2024-02-08 14:00:00
Kinase_0002,BDBM946952,c1cc(ccc1N)c2ncnc3c2cc(cc3)C(=O)O,Kinase,CDK2,265.272,2.5771999999999995,89.10000000000001,2,4,2,3,1.0345909893421328,0.5016997382467201,1.2969619863210728,0.3140535153918265,0.9991671219254472,-0.7194993845091349,1.4277904424775893,7.191536354824321,4.410142798128667e-08,Enzymatic,37,7.286278199384033,Scaffold_271,Cluster_027,Test,2024-02-08 15:00:00
Protease_0283,BDBM265992,c1ccc(cc1)C(=O)NC(C)C(=O)CC,Protease,Thrombin,205.25699999999995,1.784,46.17,1,2,4,1,-0.7820812025478682,-0.11135768310193804,-0.5296371322414859,-0.811212437284188,-0.7582577898393464,0.5868074657903506,-0.4885292248583149,7.62922647782293,4.6588517711929064e-08,Direct_Binding,25,7.225326390735878,Scaffold_007,Cluster_134,Test,2024-02-08 16:00:00
Protease_0330,BDBM492547,c1ccc(cc1)C(=O)NC(C)C(=O)Cl,Protease,Factor_Xa,211.64799999999997,1.5703,46.17,1,2,3,1,-0.5886237006172004,-0.27652456527819663,-0.5296371322414859,-0.811212437284188,-0.7582577898393464,-0.06634595935939212,-0.4885292248583149,7.607766850539578,5.448005822264467e-08,Enzymatic,30,6.921300881633365,Scaffold_003,Cluster_042,Test,2024-02-08 17:00:00
GPCR_0112,BDBM103281,C1CC(CCC1N)c2ccccc2CN(C)CN,GPCR,Dopamine_D2,247.386,2.0195000000000003,55.28,2,3,4,1,0.4931763625964105,0.07065823057381745,-0.14202199201076363,0.3140535153918265,0.12045466604305038,0.5868074657903506,-0.4885292248583149,8.729153857029413,1e-09,Direct_Binding,37,7.4699265253451905,Scaffold_168,Cluster_183,Test,2024-02-08 18:00:00
Kinase_0081,BDBM136862,c1cc(ccc1C(=O)N)Nc2nccc(n2),Kinase,CDK2,214.228,1.3191,80.9,2,4,3,2,-0.5105263207109058,-0.47067487319900236,0.9480658117994566,0.3140535153918265,0.9991671219254472,-0.06634595935939212,0.46963060880963725,6.639478216824373,1.705226727814988e-07,Functional,25,6.971167898932815,Scaffold_197,Cluster_061,Test,2024-02-08 19:00:00
Kinase_0206,BDBM207241,c1ccc2c(c1)ncc(n2)c3ccccc3S,Kinase,VEGFR2,238.315,3.585500000000001,25.78,1,3,1,3,0.21859445053052395,1.2810060896661015,-1.3971972540092605,-0.811212437284188,0.12045466604305038,-1.3726528096588775,1.4277904424775893,8.058261244012732,6.197010541294796e-09,Direct_Binding,25,7.012363777545791,Scaffold_157,Cluster_024,Test,2024-02-08 20:00:00
Kinase_0035,BDBM995706,c1cc(ccc1N)c2ncnc3c2cc(cc3),Kinase,VEGFR2,221.26300000000003,2.8790000000000004,51.8,1,3,1,3,-0.29757474410595375,0.7349583486388352,-0.2900901246126204,-0.811212437284188,0.12045466604305038,-1.3726528096588775,1.4277904424775893,7.796905736815479,2.753776007531622e-08,Functional,37,7.297914159615894,Scaffold_015,Cluster_093,Test,2024-02-08 21:00:00
Protease_0109,BDBM739323,CC(C)CC(NC(=O)C)C(=O)NN(C)C,Protease,Trypsin,215.29699999999997,0.13000000000000123,61.440000000000005,2,3,5,0,-0.47816736756368694,-1.3897199812747576,0.1200756220201091,0.3140535153918265,0.12045466604305038,1.2399608909400932,-1.446689058526267,7.430217914567499,3.728494333540695e-08,Enzymatic,30,7.083105757279898,Scaffold_192,Cluster_092,Test,2024-02-08 22:00:00
GPCR_0059,BDBM732275,C1CC(CCC1N)c2ccccc2N,GPCR,Serotonin_5HT2A,190.29000000000002,2.2537000000000003,52.04,2,2,1,1,-1.2351368169112356,0.25166938549042844,-0.2798785292607681,0.3140535153918265,-0.7582577898393464,-1.3726528096588775,-0.4885292248583149,9.0,2.010694286530161e-09,Direct_Binding,37,6.773640417860772,Scaffold_036,Cluster_087,Test,2024-02-08 23:00:00
Kinase_0428,BDBM236078,c1ccc(cc1)NC(=O)Nc2ccc(cc2),Kinase,CDK2,212.252,3.3306000000000004,41.13,2,1,2,2,-0.5703404380344854,1.0839960837385003,-0.7440806346303815,0.3140535153918265,-1.6369702457217434,-0.7194993845091349,0.46963060880963725,7.560553718999766,3.2269022306113786e-08,Enzymatic,30,6.7032230910860875,Scaffold_089,Cluster_021,Test,2024-02-09 00:00:00
GPCR_0005,BDBM290824,c1cc(ccc1O)CCNC(=O)O,GPCR,Adrenergic_Beta2,181.19099999999997,1.2023000000000001,69.56,3,2,3,1,-1.5105662974412228,-0.5609485832513513,0.46556793142444103,1.4393194680678412,-0.7582577898393464,-0.06634595935939212,-0.4885292248583149,9.0,1.2770814617827775e-09,Direct_Binding,20,7.4972378999036025,Scaffold_097,Cluster_106,Test,2024-02-09 01:00:00
Kinase_0367,BDBM670027,c1cc(ccc1C(=O)N)Nc2nccc(n2),Kinase,ABL1,214.228,1.3191,80.9,2,4,3,2,-0.5105263207109058,-0.47067487319900236,0.9480658117994566,0.3140535153918265,0.9991671219254472,-0.06634595935939212,0.46963060880963725,6.706042872271563,1.9387127216816623e-07,Direct_Binding,25,7.102942876479462,Scaffold_256,Cluster_088,Test,2024-02-09 02:00:00
Kinase_0092,BDBM831510,c1ccc2c(c1)ncc(n2)c3ccccc3S,Kinase,EGFR,238.315,3.585500000000001,25.78,1,3,1,3,0.21859445053052395,1.2810060896661015,-1.3971972540092605,-0.811212437284188,0.12045466604305038,-1.3726528096588775,1.4277904424775893,8.344231748579935,9.343746088487356e-09,Direct_Binding,25,6.7398741127559445,Scaffold_094,Cluster_018,Test,2024-02-09 03:00:00
Kinase_0340,BDBM926867,c1cc(ccc1C(=O)N)Nc2nccc(n2)NCN(C)C,Kinase,ABL1,286.33900000000006,1.2501000000000002,96.17,3,6,6,2,1.6722954476699965,-0.5240043765689687,1.5977785660610513,1.4393194680678412,2.7565920336902408,1.8931143160898358,0.46963060880963725,6.466258317079405,4.992604226277375e-07,Direct_Binding,37,6.811217495063394,Scaffold_275,Cluster_127,Test,2024-02-09 04:00:00
Protease_0231,BDBM217213,c1cc(ccc1S(=O)(=O)N)CCCCCNC,Protease,Factor_Xa,256.3709999999999,1.2662,72.19,2,3,7,1,0.7651550286654185,-0.5115608257826433,0.5774699971551543,0.3140535153918265,0.12045466604305038,2.5462677412395784,-0.4885292248583149,7.656014809763309,1.4338632671207997e-08,Direct_Binding,25,7.275877254469693,Scaffold_112,Cluster_103,Test,2024-02-09 05:00:00
GPCR_0115,BDBM437833,C1CC(CCC1N)c2ccccc2SCC,GPCR,Dopamine_D2,235.39600000000002,3.783500000000002,26.02,1,2,3,1,0.13023543814817157,1.4340385775973106,-1.3869856586574083,-0.811212437284188,-0.7582577898393464,-0.06634595935939212,-0.4885292248583149,8.650364970352905,1.7214086029000468e-09,Enzymatic,37,6.874548243379581,Scaffold_177,Cluster_140,Test,2024-02-09 06:00:00
Kinase_0346,BDBM868804,c1ccc(cc1)NC(=O)Nc2ccc(cc2)C(=O)NO,Kinase,EGFR,271.276,2.449599999999999,90.46000000000001,4,3,3,2,1.2163338842868565,0.403078801579941,1.3548276933149017,2.5645854207438554,0.12045466604305038,-0.06634595935939212,0.46963060880963725,6.884095490603646,9.834200806728158e-08,Functional,37,6.954001621196115,Scaffold_050,Cluster_016,Test,2024-02-09 07:00:00
Protease_0110,BDBM750033,c1ccc(cc1)C(=O)NC(C)C(=O)S(=O)(=O)N,Protease,Thrombin,256.28299999999996,-0.37999999999999984,106.33,2,4,3,1,0.7624912420639647,-1.783894571400598,2.030069435956127,0.3140535153918265,0.9991671219254472,-0.06634595935939212,-0.4885292248583149,7.962471776242602,1.5079406110930812e-08,Direct_Binding,30,7.218014178127001,Scaffold_080,Cluster_135,Test,2024-02-09 08:00:00
Kinase_0242,BDBM592984,c1cc(ccc1N)c2ncnc3c2cc(cc3)CO,Kinase,VEGFR2,251.28900000000002,2.3713,72.03,2,4,2,3,0.6113213524313968,0.3425614086253278,0.5706622669205863,0.3140535153918265,0.9991671219254472,-0.7194993845091349,1.4277904424775893,7.355806533779966,2.8384649086035618e-08,Direct_Binding,25,6.897015041237192,Scaffold_192,Cluster_107,Test,2024-02-09 09:00:00
Kinase_0014,BDBM339303,c1cc(ccc1C(=O)N)Nc2nccc(n2),Kinase,CDK2,214.228,1.3191,80.9,2,4,3,2,-0.5105263207109058,-0.47067487319900236,0.9480658117994566,0.3140535153918265,0.9991671219254472,-0.06634595935939212,0.46963060880963725,6.385436963301331,1.9745767243489707e-07,Direct_Binding,30,6.951239344180988,Scaffold_091,Cluster_165,Test,2024-02-09 10:00:00
Kinase_0316,BDBM193826,c1cc(ccc1N)c2ncnc3c2cc(cc3)N(C)C,Kinase,CDK2,264.33200000000005,2.945000000000001,55.04,1,4,2,3,1.0061369051902294,0.7859691779492386,-0.1522335873626159,-0.811212437284188,0.9991671219254472,-0.7194993845091349,1.4277904424775893,7.674756576244914,2.715629162222679e-08,Direct_Binding,20,7.298380340518353,Scaffold_226,Cluster_102,Test,2024-02-09 11:00:00
GPCR_0151,BDBM851478,c1cc(ccc1O)CCNNCCl,GPCR,Serotonin_5HT2A,200.66899999999998,1.2252,44.29,3,3,5,1,-0.9209613494509966,-0.543249371263348,-0.6096279624976614,1.4393194680678412,0.12045466604305038,1.2399608909400932,-0.4885292248583149,8.95351344303984,1.3888190690755927e-09,Direct_Binding,37,7.096910690546656,Scaffold_091,Cluster_178,Test,2024-02-09 12:00:00
Kinase_0388,BDBM913608,c1cc(ccc1C(=O)N)Nc2nccc(n2)N(C)CSNC,Kinase,VEGFR2,318.406,1.5804,96.17,3,7,7,2,2.642973231179728,-0.2687183626109987,1.5977785660610513,1.4393194680678412,3.6353044895726376,2.5462677412395784,0.46963060880963725,6.983713625882383,2.8019804842807345e-07,Functional,25,7.466417385866407,Scaffold_260,Cluster_040,Test,2024-02-09 13:00:00
Kinase_0274,BDBM266316,c1ccc2c(c1)ncc(n2)c3ccccc3,Kinase,VEGFR2,206.248,3.296800000000001,25.78,0,2,1,3,-0.7520833329792092,1.057872356000749,-1.3971972540092605,-1.9364783899602027,-0.7582577898393464,-1.3726528096588775,1.4277904424775893,7.933558959152938,9.046620782801047e-09,Functional,25,6.869053021760917,Scaffold_077,Cluster_141,Test,2024-02-09 14:00:00
Kinase_0167,BDBM351198,c1ccc2c(c1)ncc(n2)c3ccccc3,Kinase,ABL1,206.248,3.296800000000001,25.78,0,2,1,3,-0.7520833329792092,1.057872356000749,-1.3971972540092605,-1.9364783899602027,-0.7582577898393464,-1.3726528096588775,1.4277904424775893,8.055333023999173,1.1260736102280894e-08,Functional,20,7.243193198731603,Scaffold_228,Cluster_023,Test,2024-02-09 15:00:00
Protease_0174,BDBM857120,C1CCC(CC1)NC(=O)C(C)NC(=O)NOC,Protease,Factor_Xa,243.30700000000002,0.6844,79.46000000000001,3,3,4,0,0.3697037995585155,-0.9612290150673755,0.8867962396883436,1.4393194680678412,0.12045466604305038,0.5868074657903506,-1.446689058526267,7.819398742311984,1.2493883004012152e-08,Functional,37,7.47645652943541,Scaffold_016,Cluster_054,Test,2024-02-09 16:00:00
Protease_0340,BDBM114923,c1cc(ccc1S(=O)(=O)N)CC(=O)O,Protease,Factor_Xa,215.22999999999996,-0.03889999999999999,97.46,2,3,3,1,-0.4801954778170676,-1.5202613308281985,1.6526658910772565,0.3140535153918265,0.12045466604305038,-0.06634595935939212,-0.4885292248583149,8.03421580102769,9.079757372867579e-09,Direct_Binding,25,6.54876631881314,Scaffold_020,Cluster_115,Test,2024-02-09 17:00:00
GPCR_0197,BDBM860652,C1CC(CCC1N)c2ccccc2Cl,GPCR,Serotonin_5HT2A,209.72000000000003,3.3249000000000013,26.02,1,1,1,1,-0.6469848434308938,1.0795906030253297,-1.3869856586574083,-0.811212437284188,-1.6369702457217434,-1.3726528096588775,-0.4885292248583149,8.341589021133952,5.458612937662329e-09,Direct_Binding,30,6.845083745513234,Scaffold_276,Cluster_041,Test,2024-02-09 18:00:00
Protease_0152,BDBM317062,CC(C)CC(NC(=O)C)C(=O)NOCC,Protease,Factor_Xa,216.28099999999995,0.6048999999999998,67.43,2,3,6,0,-0.4483813901110547,-1.0226738776458153,0.37494002267675314,0.3140535153918265,0.12045466604305038,1.8931143160898358,-1.446689058526267,7.619295248546554,3.9756471025076764e-08,Direct_Binding,25,6.710969890619951,Scaffold_062,Cluster_030,Test,2024-02-09 19:00:00
GPCR_0035,BDBM458772,C1CN(CCN1)c2ccc(cc2)OCC,GPCR,Serotonin_5HT2A,206.28899999999996,1.4948999999999997,24.5,1,3,3,1,-0.7508422505853505,-0.33480057330856616,-1.4516590958858056,-0.811212437284188,0.12045466604305038,-0.06634595935939212,-0.4885292248583149,8.326819321304335,5.018167183040979e-09,Direct_Binding,37,6.826253918041147,Scaffold_160,Cluster_067,Test,2024-02-09 20:00:00
Protease_0328,BDBM429563,C1CCC(CC1)NC(=O)C(C)NCC,Protease,Factor_Xa,198.31,1.4332999999999996,41.13,2,2,4,0,-0.9923689925513627,-0.3824106806649421,-0.7440806346303815,0.3140535153918265,-0.7582577898393464,0.5868074657903506,-1.446689058526267,7.428209215031128,3.932131201601185e-08,Functional,30,7.321259420372845,Scaffold_150,Cluster_059,Test,2024-02-09 21:00:00
GPCR_0055,BDBM647707,C1CN(CCN1)c2ccc(cc2)OCCN,GPCR,Serotonin_5HT2A,221.30399999999995,0.4337000000000003,50.519999999999996,2,4,4,1,-0.29633366171209674,-1.154992877311587,-0.3445519664891654,0.3140535153918265,0.9991671219254472,0.5868074657903506,-0.4885292248583149,9.0,2.614304929212114e-09,Direct_Binding,37,7.0806990845542845,Scaffold_056,Cluster_062,Test,2024-02-09 22:00:00
Protease_0165,BDBM772534,c1ccc(cc1)C(=O)NC(C)C(=O)OCC(=O)NC(C)C,Protease,Trypsin,292.335,0.8726999999999996,84.5,2,4,6,1,1.8537961801964034,-0.8156935732620904,1.101239742077239,0.3140535153918265,0.9991671219254472,1.8931143160898358,-0.4885292248583149,8.141622787349267,9.290945796688425e-09,Enzymatic,30,6.625643492412314,Scaffold_179,Cluster_015,Test,2024-02-09 23:00:00
Kinase_0244,BDBM301528,c1ccc(cc1)NC(=O)Nc2ccc(cc2)N(C)C,Kinase,EGFR,255.321,3.396600000000001,44.370000000000005,2,2,3,2,0.7333712112616967,1.1350069130489036,-0.6062240973803771,0.3140535153918265,-0.7582577898393464,-0.06634595935939212,0.46963060880963725,7.585591279125518,2.83062057400028e-08,Enzymatic,30,7.117066516117801,Scaffold_093,Cluster_166,Test,2024-02-10 00:00:00
GPCR_0117,BDBM764563,C1CC(CCC1N)c2ccccc2CCC,GPCR,Adrenergic_Beta2,217.356,3.6240000000000023,26.02,1,1,3,1,-0.41584081515009774,1.3107624067638375,-1.3869856586574083,-0.811212437284188,-1.6369702457217434,-0.06634595935939212,-0.4885292248583149,8.420998738646551,1.1079654467428937e-09,Direct_Binding,37,6.86739072869707,Scaffold_266,Cluster_175,Test,2024-02-10 01:00:00
Protease_0209,BDBM860375,c1cc(ccc1S(=O)(=O)N)CN(C)C,Protease,Thrombin,214.28999999999996,0.39559999999999995,63.4,1,3,3,1,-0.5086495619689729,-1.184440037868047,0.2034703173935683,-0.811212437284188,0.12045466604305038,-0.06634595935939212,-0.4885292248583149,7.38816521702036,1.7855699057290918e-08,Functional,37,6.774665869787905,Scaffold_086,Cluster_143,Test,2024-02-10 02:00:00
GPCR_0113,BDBM769068,C1CC(CCC1N)c2ccccc2C(=O)N,GPCR,Serotonin_5HT2A,218.3,1.7704000000000002,69.11,2,2,2,1,-0.3872656497890348,-0.12186900550529363,0.4464211901397181,0.3140535153918265,-0.7582577898393464,-0.7194993845091349,-0.4885292248583149,8.91233147257626,1.4282265235970705e-09,Functional,25,7.071260469937098,Scaffold_052,Cluster_007,Test,2024-02-10 03:00:00
Protease_0300,BDBM502890,CC(C)CC(NC(=O)C)C(=O)NC(=O)N,Protease,Thrombin,215.25299999999996,-0.26789999999999903,101.29,3,3,4,0,-0.47949926086441474,-1.6972534507082315,1.8156259335672313,1.4393194680678412,0.12045466604305038,0.5868074657903506,-1.446689058526267,8.04737376152368,1.3136452825017882e-08,Direct_Binding,37,6.9593436555939565,Scaffold_255,Cluster_014,Test,2024-02-10 04:00:00
Protease_0020,BDBM468706,c1ccc(cc1)C(=O)NC(C)C(=O)Br,Protease,Thrombin,256.09899999999993,1.7264,46.17,1,2,3,1,0.7569215064427398,-0.15587622504556234,-0.5296371322414859,-0.811212437284188,-0.7582577898393464,-0.06634595935939212,-0.4885292248583149,7.531210253058599,4.134722061744438e-08,Direct_Binding,37,6.932839921057172,Scaffold_099,Cluster_165,Test,2024-02-10 05:00:00
Protease_0291,BDBM409203,c1ccc(cc1)C(=O)NC(C)C(=O)CC,Protease,Factor_Xa,205.25699999999995,1.784,46.17,1,2,4,1,-0.7820812025478682,-0.11135768310193804,-0.5296371322414859,-0.811212437284188,-0.7582577898393464,0.5868074657903506,-0.4885292248583149,7.478531518016461,4.043827127674133e-08,Direct_Binding,25,6.628349926614694,Scaffold_080,Cluster_179,Test,2024-02-10 06:00:00
Kinase_0190,BDBM767830,c1cc(ccc1C(=O)N)Nc2nccc(n2)COC,Kinase,ABL1,258.28099999999995,1.4655000000000002,90.13000000000001,2,5,5,2,0.8229713060379078,-0.35752357909229054,1.3407867497061052,0.3140535153918265,1.877879577807844,1.2399608909400932,0.46963060880963725,6.347575916297121,4.1635023661720967e-07,Functional,25,7.329286799316756,Scaffold_173,Cluster_058,Test,2024-02-10 07:00:00
Protease_0116,BDBM528631,CC(C)CC(NC(=O)C)C(=O)NF,Protease,Thrombin,190.21799999999996,0.5378999999999999,58.2,2,2,4,0,-1.237316278676064,-1.0744575983094058,-0.017780915229895392,0.3140535153918265,-0.7582577898393464,0.5868074657903506,-1.446689058526267,7.54421550896306,4.5499256505691664e-08,Functional,20,6.743995302352472,Scaffold_233,Cluster_123,Test,2024-02-10 08:00:00
Protease_0033,BDBM663706,C1CCC(CC1)NC(=O)C(C)NNC,Protease,Factor_Xa,199.29800000000003,0.5477999999999997,53.160000000000004,3,3,4,0,-0.962461933889572,-1.0668059739128457,-0.2322244176187911,1.4393194680678412,0.12045466604305038,0.5868074657903506,-1.446689058526267,7.58776595061806,1.3314256956982037e-08,Functional,30,7.45887187319041,Scaffold_281,Cluster_011,Test,2024-02-10 09:00:00
GPCR_0026,BDBM767349,C1CN(CCN1)c2ccc(cc2)C(=O)NC,GPCR,Adrenergic_Beta2,219.28799999999998,0.4557999999999996,44.370000000000005,2,3,2,1,-0.35735859112724583,-1.1379119784061345,-0.6062240973803771,0.3140535153918265,0.12045466604305038,-0.7194993845091349,-0.4885292248583149,8.34196080231584,3.94697451437491e-09,Direct_Binding,25,6.600978106817761,Scaffold_200,Cluster_011,Test,2024-02-10 10:00:00
Protease_0015,BDBM263473,CC(C)CC(NC(=O)C)C(=O)NC(C)C,Protease,Thrombin,214.30899999999997,1.0617999999999999,58.2,2,2,5,0,-0.5080744262254768,-0.6695398183742544,-0.017780915229895392,0.3140535153918265,-0.7582577898393464,1.2399608909400932,-1.446689058526267,7.722378631324876,3.5298456437732614e-08,Enzymatic,30,6.527106652336233,Scaffold_230,Cluster_057,Test,2024-02-10 11:00:00
GPCR_0061,BDBM898347,C1CC(CCC1N)c2ccccc2CCCOC,GPCR,Adrenergic_Beta2,247.38199999999998,3.2505000000000024,35.25,1,2,5,1,0.4930552813872529,1.0220874863481493,-0.9942647207507601,-0.811212437284188,-0.7582577898393464,1.2399608909400932,-0.4885292248583149,8.809270665403435,1.3302567864753585e-09,Functional,30,6.582272324277062,Scaffold_060,Cluster_060,Test,2024-02-10 12:00:00
Kinase_0059,BDBM902156,c1cc(ccc1C(=O)N)Nc2nccc(n2)NC(C)C,Kinase,CDK2,271.324,2.1394,92.93,3,5,5,2,1.217786858796741,0.16332790382104906,1.459922028811047,1.4393194680678412,1.877879577807844,1.2399608909400932,0.46963060880963725,6.880671514710534,1.451241723020473e-07,Direct_Binding,37,7.46712661525917,Scaffold_284,Cluster_040,Test,2024-02-10 13:00:00
GPCR_0025,BDBM214499,c1cc(ccc1O)CCNC(=O)O,GPCR,Dopamine_D2,181.19099999999997,1.2023000000000001,69.56,3,2,3,1,-1.5105662974412228,-0.5609485832513513,0.46556793142444103,1.4393194680678412,-0.7582577898393464,-0.06634595935939212,-0.4885292248583149,9.0,1e-09,Functional,25,6.768562167453642,Scaffold_034,Cluster_036,Test,2024-02-10 14:00:00
GPCR_0111,BDBM297064,C1CC(CCC1N)c2ccccc2CC,GPCR,Adrenergic_Beta2,203.329,3.233900000000002,26.02,1,1,2,1,-0.8404423453615616,1.0092574898852296,-1.3869856586574083,-0.811212437284188,-1.6369702457217434,-0.7194993845091349,-0.4885292248583149,8.16422027757997,6.993000274115761e-09,Direct_Binding,37,7.4271237818644495,Scaffold_174,Cluster_129,Test,2024-02-10 15:00:00
Protease_0190,BDBM663443,C1CCC(CC1)NC(=O)C(C)NC(C)CC(=O)N,Protease,Factor_Xa,255.362,0.6773000000000011,84.22,3,3,6,0,0.7346122936555564,-0.9667165436750089,1.0893262141667448,1.4393194680678412,0.12045466604305038,1.8931143160898358,-1.446689058526267,7.865102775923698,1.2588834359358419e-08,Direct_Binding,25,6.509827552569788,Scaffold_127,Cluster_082,Test,2024-02-10 16:00:00
Protease_0081,BDBM966268,CC(C)CC(NC(=O)C)C(=O)NC(C)C,Protease,Trypsin,214.30899999999997,1.0617999999999999,58.2,2,2,5,0,-0.5080744262254768,-0.6695398183742544,-0.017780915229895392,0.3140535153918265,-0.7582577898393464,1.2399608909400932,-1.446689058526267,7.5840675142989795,4.6038392447390274e-08,Enzymatic,30,7.490285170584941,Scaffold_188,Cluster_083,Test,2024-02-10 17:00:00
Kinase_0253,BDBM849398,c1ccc2c(c1)ncc(n2)c3ccccc3OCCl,Kinase,CDK2,270.71899999999994,3.871900000000001,35.010000000000005,0,3,3,3,1.199473325911736,1.5023621732191221,-1.004476316102612,-1.9364783899602027,0.12045466604305038,-0.06634595935939212,1.4277904424775893,8.261930429551896,1.4522605950547686e-08,Direct_Binding,20,6.7747315255195195,Scaffold_073,Cluster_100,Test,2024-02-10 18:00:00
Kinase_0022,BDBM775958,c1cc(ccc1N)c2ncnc3c2cc(cc3)C(=O)N,Kinase,VEGFR2,264.288,1.9778999999999995,94.89,2,4,2,3,1.0048050118895007,0.03850595028119939,1.5433167241845063,0.3140535153918265,0.9991671219254472,-0.7194993845091349,1.4277904424775893,6.90114255492702,2.572048624836064e-07,Enzymatic,25,6.99781250803429,Scaffold_123,Cluster_163,Test,2024-02-10 19:00:00
Kinase_0314,BDBM489439,c1cc(ccc1N)c2ncnc3c2cc(cc3),Kinase,CDK2,221.26300000000003,2.8790000000000004,51.8,1,3,1,3,-0.29757474410595375,0.7349583486388352,-0.2900901246126204,-0.811212437284188,0.12045466604305038,-1.3726528096588775,1.4277904424775893,7.795550445400096,2.1922242875006025e-08,Functional,30,7.288985159920793,Scaffold_252,Cluster_172,Test,2024-02-10 20:00:00
GPCR_0010,BDBM953929,C1CC(CCC1N)c2ccccc2CC,GPCR,Serotonin_5HT2A,203.329,3.233900000000002,26.02,1,1,2,1,-0.8404423453615616,1.0092574898852296,-1.3869856586574083,-0.811212437284188,-1.6369702457217434,-0.7194993845091349,-0.4885292248583149,8.17385577528166,5.193074300494519e-09,Direct_Binding,20,6.965009517526427,Scaffold_097,Cluster_102,Test,2024-02-10 21:00:00
Kinase_0161,BDBM496737,c1ccc2c(c1)ncc(n2)c3ccccc3,Kinase,ABL1,206.248,3.296800000000001,25.78,0,2,1,3,-0.7520833329792092,1.057872356000749,-1.3971972540092605,-1.9364783899602027,-0.7582577898393464,-1.3726528096588775,1.4277904424775893,7.785821749465902,9.328700529384949e-09,Enzymatic,37,6.512404036277315,Scaffold_207,Cluster_005,Test,2024-02-10 22:00:00
Kinase_0277,BDBM144235,c1ccc2c(c1)ncc(n2)c3ccccc3CCC,Kinase,EGFR,248.32899999999995,4.2493000000000025,25.78,0,2,3,3,0.5217212576551823,1.7940513699122445,-1.3971972540092605,-1.9364783899602027,-0.7582577898393464,-0.06634595935939212,1.4277904424775893,8.111095954336022,8.241341490142024e-09,Enzymatic,20,7.251178047808418,Scaffold_022,Cluster_131,Test,2024-02-10 23:00:00
Protease_0289,BDBM561229,c1ccc(cc1)C(=O)NC(C)C(=O)N(C)C,Protease,Thrombin,220.27199999999996,0.8931,49.410000000000004,1,2,3,1,-0.32757261367461354,-0.7999265896570564,-0.3917805949914814,-0.811212437284188,-0.7582577898393464,-0.06634595935939212,-0.4885292248583149,7.455646373334417,1.0722973932209256e-07,Enzymatic,30,7.146309933657381,Scaffold_184,Cluster_075,Test,2024-02-11 00:00:00
Kinase_0192,BDBM747736,c1cc(ccc1C(=O)N)Nc2nccc(n2)F,Kinase,VEGFR2,232.218,1.4582,80.9,2,4,3,2,0.034036417472899295,-0.36316568597056265,0.9480658117994566,0.3140535153918265,0.9991671219254472,-0.06634595935939212,0.46963060880963725,6.81359381914852,1.1601463318258907e-07,Enzymatic,37,7.071772352048322,Scaffold_031,Cluster_127,Test,2024-02-11 01:00:00
Kinase_0386,BDBM576136,c1ccc2c(c1)ncc(n2)c3ccccc3CCCSF,Kinase,CDK2,298.3859999999999,4.847100000000002,25.78,0,3,5,3,2.0369617793487196,2.256085820847983,-1.3971972540092605,-1.9364783899602027,0.12045466604305038,1.2399608909400932,1.4277904424775893,8.262912067971433,5.3029165167368e-09,Functional,25,6.842447978834714,Scaffold_246,Cluster_007,Test,2024-02-11 02:00:00
Protease_0139,BDBM580005,C1CCC(CC1)NC(=O)C(C)NN(C)C,Protease,Trypsin,213.32500000000002,0.8899999999999999,44.370000000000005,2,3,4,0,-0.5378604036781082,-0.8023225528519391,-0.6062240973803771,0.3140535153918265,0.12045466604305038,0.5868074657903506,-1.446689058526267,7.674046454097581,2.888122045509273e-08,Direct_Binding,37,6.911113416994849,Scaffold_051,Cluster_172,Test,2024-02-11 03:00:00
Kinase_0414,BDBM261618,c1ccc2c(c1)ncc(n2)c3ccccc3OC,Kinase,CDK2,236.27399999999997,3.3054000000000006,35.010000000000005,0,3,2,3,0.15681276355814144,1.0645192216381647,-1.004476316102612,-1.9364783899602027,0.12045466604305038,-0.7194993845091349,1.4277904424775893,8.055873523284777,7.351845116022715e-09,Functional,37,7.290509794274885,Scaffold_267,Cluster_183,Test,2024-02-11 04:00:00
GPCR_0042,BDBM897477,C1CC(CCC1N)c2ccccc2OF,GPCR,Adrenergic_Beta2,209.264,2.934800000000001,35.25,1,2,2,1,-0.6607881012747974,0.7780856861467217,-0.9942647207507601,-0.811212437284188,-0.7582577898393464,-0.7194993845091349,-0.4885292248583149,8.50561253483367,2.858225396994318e-09,Direct_Binding,37,6.562564842219452,Scaffold_047,Cluster_179,Test,2024-02-11 05:00:00
Kinase_0344,BDBM944654,c1cc(ccc1C(=O)N)Nc2nccc(n2)CCBr,Kinase,EGFR,321.178,2.256500000000001,80.9,2,4,5,2,2.7268825091255593,0.25383348127935507,0.9480658117994566,0.3140535153918265,0.9991671219254472,1.2399608909400932,0.46963060880963725,6.61057752369433,3.198109182682556e-07,Functional,30,6.71789255425499,Scaffold_165,Cluster_107,Test,2024-02-11 06:00:00
Protease_0103,BDBM298049,CC(C)CC(NC(=O)C)C(=O)NOCC,Protease,Factor_Xa,216.28099999999995,0.6048999999999998,67.43,2,3,6,0,-0.4483813901110547,-1.0226738776458153,0.37494002267675314,0.3140535153918265,0.12045466604305038,1.8931143160898358,-1.446689058526267,7.468689602442347,4.066329488570607e-08,Functional,37,7.466968514618316,Scaffold_270,Cluster_141,Test,2024-02-11 07:00:00
Kinase_0309,BDBM824305,c1ccc2c(c1)ncc(n2)c3ccccc3OCCCCC,Kinase,CDK2,292.38200000000006,4.865800000000003,35.010000000000005,0,3,6,3,1.8552188844040012,2.2705388891525975,-1.004476316102612,-1.9364783899602027,0.12045466604305038,1.8931143160898358,1.4277904424775893,8.180210607175509,1.0730196298342066e-08,Enzymatic,37,7.192492826669225,Scaffold_273,Cluster_018,Test,2024-02-11 08:00:00
GPCR_0212,BDBM879058,c1ccc2c(c1)OCCn2CCC(=O)O,GPCR,Adrenergic_Beta2,207.22899999999996,1.3600999999999996,49.769999999999996,1,3,3,1,-0.7223881664334452,-0.4389863277182979,-0.3764632019637035,-0.811212437284188,0.12045466604305038,-0.06634595935939212,-0.4885292248583149,8.87246177120148,2.7651973563154478e-09,Enzymatic,37,7.4633603204460375,Scaffold_268,Cluster_011,Test,2024-02-11 09:00:00
Kinase_0131,BDBM661091,c1ccc(cc1)NC(=O)Nc2ccc(cc2)OCC,Kinase,EGFR,256.30499999999995,3.729300000000001,50.36,2,2,4,2,0.7631571887143281,1.3921478662545248,-0.35135969672373335,0.3140535153918265,-0.7582577898393464,0.5868074657903506,0.46963060880963725,7.215725485340082,3.16884165910145e-08,Enzymatic,30,6.610989469213481,Scaffold_202,Cluster_052,Test,2024-02-11 10:00:00
GPCR_0214,BDBM860247,C1CC(CCC1N)c2ccccc2C(=O)OO,GPCR,Dopamine_D2,235.28300000000002,2.3013000000000003,72.55000000000001,2,4,2,1,0.1268148939894851,0.2884590139021735,0.5927873901829331,0.3140535153918265,0.9991671219254472,-0.7194993845091349,-0.4885292248583149,9.0,1e-09,Direct_Binding,37,7.216049973242145,Scaffold_280,Cluster_151,Test,2024-02-11 11:00:00
Protease_0205,BDBM951089,c1cc(ccc1S(=O)(=O)N)CC,Protease,Trypsin,185.24799999999996,0.8964000000000002,60.16,1,2,2,1,-1.3877596810536914,-0.7973760481915361,0.0656137801435638,-0.811212437284188,-0.7582577898393464,-0.7194993845091349,-0.4885292248583149,7.324954069642372,4.720206553511962e-08,Direct_Binding,30,7.41509845449003,Scaffold_103,Cluster_010,Test,2024-02-11 12:00:00
Kinase_0100,BDBM766738,c1cc(ccc1C(=O)N)Nc2nccc(n2)O,Kinase,CDK2,230.227,1.0247,101.13000000000001,3,5,3,2,-0.02623175438501894,-0.6982140875775262,1.8088182033326634,1.4393194680678412,1.877879577807844,-0.06634595935939212,0.46963060880963725,6.489442929993728,3.6810081415445504e-07,Direct_Binding,30,7.34144755308476,Scaffold_145,Cluster_054,Test,2024-02-11 13:00:00
Kinase_0373,BDBM971733,c1cc(ccc1N)c2ncnc3c2cc(cc3),Kinase,EGFR,221.26300000000003,2.8790000000000004,51.8,1,3,1,3,-0.29757474410595375,0.7349583486388352,-0.2900901246126204,-0.811212437284188,0.12045466604305038,-1.3726528096588775,1.4277904424775893,7.891195541169257,9.586085129936885e-09,Direct_Binding,37,6.885511904736922,Scaffold_165,Cluster_059,Test,2024-02-11 14:00:00
Kinase_0088,BDBM385647,c1ccc(cc1)NC(=O)Nc2ccc(cc2),Kinase,VEGFR2,212.252,3.3306000000000004,41.13,2,1,2,2,-0.5703404380344854,1.0839960837385003,-0.7440806346303815,0.3140535153918265,-1.6369702457217434,-0.7194993845091349,0.46963060880963725,7.506958666448953,3.981413930241313e-08,Direct_Binding,30,6.673761593135744,Scaffold_070,Cluster_150,Test,2024-02-11 15:00:00
GPCR_0009,BDBM694639,c1cc(ccc1O)CCNN(C)C,GPCR,Adrenergic_Beta2,180.25099999999998,1.0009000000000001,35.5,2,3,4,1,-1.5390203815931283,-0.7166089017833985,-0.9836276422592474,0.3140535153918265,0.12045466604305038,0.5868074657903506,-0.4885292248583149,8.446626989818807,2.5395240693776583e-09,Direct_Binding,25,7.473382619164822,Scaffold_230,Cluster_126,Test,2024-02-11 16:00:00
Kinase_0331,BDBM835395,c1cc(ccc1N)c2ncnc3c2cc(cc3)N(C)CO,Kinase,ABL1,280.3310000000001,2.265,75.27,2,5,3,3,1.4904314715161169,0.26040305778145184,0.7085188041705905,0.3140535153918265,1.877879577807844,-0.06634595935939212,1.4277904424775893,7.337010984072962,4.310194316091331e-08,Functional,37,7.390097035183809,Scaffold_102,Cluster_002,Test,2024-02-11 17:00:00
Kinase_0215,BDBM194578,c1cc(ccc1C(=O)N)Nc2nccc(n2),Kinase,CDK2,214.228,1.3191,80.9,2,4,3,2,-0.5105263207109058,-0.47067487319900236,0.9480658117994566,0.3140535153918265,0.9991671219254472,-0.06634595935939212,0.46963060880963725,6.625138613303949,2.7195551317196414e-07,Direct_Binding,37,7.1341040313763315,Scaffold_150,Cluster_090,Test,2024-02-11 18:00:00
GPCR_0017,BDBM948485,c1ccc2c(c1)OCCn2OS,GPCR,Dopamine_D2,183.232,1.6617999999999997,21.700000000000003,1,4,1,1,-1.4487846104688404,-0.20580500646150215,-1.5707943749907476,-0.811212437284188,0.9991671219254472,-1.3726528096588775,-0.4885292248583149,8.449733760716558,2.416479183555808e-09,Functional,20,7.352547421245971,Scaffold_219,Cluster_180,Test,2024-02-11 19:00:00
Kinase_0122,BDBM100096,c1ccc2c(c1)ncc(n2)c3ccccc3,Kinase,VEGFR2,206.248,3.296800000000001,25.78,0,2,1,3,-0.7520833329792092,1.057872356000749,-1.3971972540092605,-1.9364783899602027,-0.7582577898393464,-1.3726528096588775,1.4277904424775893,7.7956158817807895,6.554059853440742e-09,Functional,37,7.438304818448483,Scaffold_207,Cluster_021,Test,2024-02-11 20:00:00
GPCR_0165,BDBM221297,c1ccc2c(c1)OCCn2NCC(C)C,GPCR,Serotonin_5HT2A,206.289,2.0459999999999994,24.5,1,3,3,1,-0.7508422505853496,0.09113985143329664,-1.4516590958858056,-0.811212437284188,0.12045466604305038,-0.06634595935939212,-0.4885292248583149,8.496224944289297,5.295986345217623e-09,Direct_Binding,37,6.5502430098229825,Scaffold_223,Cluster_149,Test,2024-02-11 21:00:00
Kinase_0021,BDBM734792,c1ccc(cc1)NC(=O)Nc2ccc(cc2)C(C)C,Kinase,CDK2,254.333,4.454000000000002,41.13,2,1,3,2,0.7034641525999069,1.9522622299098116,-0.7440806346303815,0.3140535153918265,-1.6369702457217434,-0.06634595935939212,0.46963060880963725,7.936521315338235,2.111464356735267e-08,Direct_Binding,37,7.038701797952714,Scaffold_194,Cluster_095,Test,2024-02-11 22:00:00
Protease_0034,BDBM238094,c1ccc(cc1)C(=O)NC(C)C(=O)SNC,Protease,Thrombin,238.31199999999998,1.1990999999999998,58.2,2,4,4,1,0.21850363962365574,-0.5634218355815529,-0.017780915229895392,0.3140535153918265,0.9991671219254472,0.5868074657903506,-0.4885292248583149,7.617032046147559,9.738575051799037e-09,Enzymatic,37,6.642814304472868,Scaffold_043,Cluster_131,Test,2024-02-11 23:00:00
Kinase_0072,BDBM397979,c1ccc(cc1)NC(=O)Nc2ccc(cc2),Kinase,ABL1,212.252,3.3306000000000004,41.13,2,1,2,2,-0.5703404380344854,1.0839960837385003,-0.7440806346303815,0.3140535153918265,-1.6369702457217434,-0.7194993845091349,0.46963060880963725,7.688351484969896,2.889681457296432e-08,Direct_Binding,37,7.390258053017802,Scaffold_252,Cluster_043,Test,2024-02-12 00:00:00
Kinase_0107,BDBM424703,c1ccc(cc1)NC(=O)Nc2ccc(cc2)CCF,Kinase,VEGFR2,258.296,3.842600000000001,41.13,2,1,4,2,0.8234253605722481,1.479716456570716,-0.7440806346303815,0.3140535153918265,-1.6369702457217434,0.5868074657903506,0.46963060880963725,7.72768588518158,4.249941319328859e-08,Functional,25,7.186327196686097,Scaffold_013,Cluster_102,Test,2024-02-12 01:00:00
Kinase_0271,BDBM814544,c1ccc2c(c1)ncc(n2)c3ccccc3Cl,Kinase,CDK2,240.69299999999998,3.9502000000000015,25.78,0,2,1,3,0.2905772293743862,1.5628795661737367,-1.3971972540092605,-1.9364783899602027,-0.7582577898393464,-1.3726528096588775,1.4277904424775893,8.308014993359919,7.2778941461010065e-09,Direct_Binding,25,6.6144876380659055,Scaffold_252,Cluster_055,Test,2024-02-12 02:00:00
Protease_0194,BDBM736461,c1ccc(cc1)C(=O)NC(C)C(=O)OC,Protease,Factor_Xa,207.22899999999996,0.9779,55.400000000000006,1,3,3,1,-0.7223881664334452,-0.7343854029067208,-0.13691619433483734,-0.811212437284188,0.12045466604305038,-0.06634595935939212,-0.4885292248583149,7.5042225759770975,2.5206052453279386e-08,Direct_Binding,30,7.266245472760379,Scaffold_054,Cluster_039,Test,2024-02-12 03:00:00
Kinase_0436,BDBM133362,c1ccc(cc1)NC(=O)Nc2ccc(cc2)C(=O)N,Kinase,EGFR,255.277,2.429499999999999,84.22,3,2,3,2,0.7320393179609689,0.387543685380864,1.0893262141667448,1.4393194680678412,-0.7582577898393464,-0.06634595935939212,0.46963060880963725,6.730245217062965,1.0089343336000447e-07,Enzymatic,20,6.907584208573817,Scaffold_165,Cluster_138,Test,2024-02-12 04:00:00
Kinase_0103,BDBM648887,c1ccc2c(c1)ncc(n2)c3ccccc3C(C)C,Kinase,VEGFR2,248.32899999999998,4.420200000000002,25.78,0,2,2,3,0.5217212576551832,1.9261385021720598,-1.3971972540092605,-1.9364783899602027,-0.7582577898393464,-0.7194993845091349,1.4277904424775893,8.139644822520987,4.303092588192356e-09,Direct_Binding,20,7.134142138295736,Scaffold_248,Cluster_002,Test,2024-02-12 05:00:00
